id,quell_id,name,katastralgemeinde,beschreibung,detail_url,benannt_nach,person_wikidata_id,weitere_person_wikidata_ids,person_wikidata_url,person_name,person_geschlecht,person_beruf,person_geburtsdatum,person_sterbedatum,heutiger_strassenname,benennung_code,jahr_benennung,jahr_loeschung
strasse_historisch_923,923,Adlerstraße,Kleinmünchen,"Von 1931 bis 1934 Dr.-Viktor-Adler-Straße nach dem Mitbegründer der Sozialdemokratischen Partei Österreichs Viktor Adler (1852-1918), heute Stieglbauernstraße. Siehe auch aktueller Straßenname Victor-Adler-Weg",https://stadtgeschichte.linz.at/strassennamen/default.asp?action=strassendetail&ID=923&hist=historisch,Viktor Adler,Q366845,,https://www.wikidata.org/wiki/Q366845,Victor Adler,male,politician,1852-06-24,1918-11-11,Stieglbauernstraße,M,1931,1934
strasse_historisch_925,925,Adolf-Hitler-Platz,Linz,Von 1938 bis 1945 Bezeichnung für den heutigen Hauptplatz,https://stadtgeschichte.linz.at/strassennamen/default.asp?action=strassendetail&ID=925&hist=historisch,Adolf Hitler,Q352,,https://www.wikidata.org/wiki/Q352,Adolf Hitler,male,politician,1889-04-20,1945-04-30,Hauptplatz,M,1938,1945
strasse_historisch_942,942,Aitzetmüllerstraße,Waldegg,Von 1940 bis 1945 nach dem beim nationalsozialistischen Juliputsch 1934 erschossenen Ernst Aitzetmüller; heute Schaunbergerstraße,https://stadtgeschichte.linz.at/strassennamen/default.asp?action=strassendetail&ID=942&hist=historisch,Ernst Aitzetmüller,,,,,,,,,Schaunbergerstraße,M,1940,1945
strasse_historisch_947,947,Alois-Rohrauer-Straße,Kleinmünchen,"Von 1932 bis 1934 nach dem Begründer der Naturfreundebewegung Alois Rohrauer (1843-1923), heute Lißfeldstraße",https://stadtgeschichte.linz.at/strassennamen/default.asp?action=strassendetail&ID=947&hist=historisch,Alois Rohrauer,Q55860053,,https://www.wikidata.org/wiki/Q55860053,Alois Rohrauer,male,,1843-02-28,1923-12-07,Lißfeldstraße,M,1932,1934
strasse_historisch_948,948,Alte Bethlehemgasse,Linz,Von 1825 bis 1869 Bezeichnung für die heutige Bethlehemstraße,https://stadtgeschichte.linz.at/strassennamen/default.asp?action=strassendetail&ID=948&hist=historisch,,,,,,,,,,Bethlehemstraße,X,1825,1869
strasse_historisch_949,949,Alte Landsgerichtgasse,Linz,Um 1815 Bezeichnung für die heutige Johannesgasse,https://stadtgeschichte.linz.at/strassennamen/default.asp?action=strassendetail&ID=949&hist=historisch,,,,,,,,,,Johannesgasse,X,um 1815,
strasse_historisch_962,962,Am Damm,Urfahr,Fortsetzung der Verlängerten Kirchengasse zur Linken Brückenstraße. Benannt 1905 nach dem der Donau entlang führenden Damm. Gelöscht 1973 - heute Ferihumerstraße,https://stadtgeschichte.linz.at/strassennamen/default.asp?action=strassendetail&ID=962&hist=historisch,,,,,,,,,,Ferihumerstraße,X,1905,1973
strasse_historisch_964,964,Am Fleck,Urfahr,"Platz zwischen Ottensheimer Straße und Oberer Donaustraße. Im 16. Jhd. Am Fleck und Unteres Ort, bis zur Umgestaltung des Urfahrer Brückenkopfes 1940 Marktplatz Urfahr, vielfach als Platzl bezeichnet.",https://stadtgeschichte.linz.at/strassennamen/default.asp?action=strassendetail&ID=964&hist=historisch,,,,,,,,,,,X,16. Jhdt.,
strasse_historisch_848,848,Am Gries,Urfahr,Seit dem 16. Jahrhundert Bezeichnung (Gries bedeutet Ufersand) für die heutige Obere Donaustraße und Ottensheimer Straße,https://stadtgeschichte.linz.at/strassennamen/default.asp?action=strassendetail&ID=848&hist=historisch,,,,,,,,,,,X,16. Jhdt.,
strasse_historisch_851,851,Am Grünen Anger,Urfahr,"Von 1926 bis 1953 Am Grünen Anger nach der gleichnamigen Siedlung, heute Am Grünen Hang",https://stadtgeschichte.linz.at/strassennamen/default.asp?action=strassendetail&ID=851&hist=historisch,,,,,,,,,,Am Grünen Hang,X,1926,1953
strasse_historisch_857,857,Am Ludlsteg,Linz,"Um 1815 wurden die Gegenden Ecke Honauerstraße - Ludlgasse und Holzstraße - Ludlgasse Am Ludlsteg bezeichnet, heute Ludlgasse",https://stadtgeschichte.linz.at/strassennamen/default.asp?action=strassendetail&ID=857&hist=historisch,,,,,,,,,,Ludlgasse,X,um 1815,
strasse_historisch_858,858,Am Oberen Wassertor,Linz,Bis 1869 Bezeichnung für einen Teil der heutigen Oberen Donaulände.,https://stadtgeschichte.linz.at/strassennamen/default.asp?action=strassendetail&ID=858&hist=historisch,,,,,,,,,,Obere Donaulände,X,,1869
strasse_historisch_859,859,Am Perig (Berg),Linz,"Von 1391 bis 1644 Bezeichnung für das steile Straßenstück zwischen Altstadt und Schloss, heute Teil der Hofgasse",https://stadtgeschichte.linz.at/strassennamen/default.asp?action=strassendetail&ID=859&hist=historisch,,,,,,,,,,Hofgasse,X,1391,1944
strasse_historisch_861,861,Am Salzwinkel,Linz,"Um 1835 Bezeichnung für das Gassl beim Roten Krebsen, heute Teil des Hofberges",https://stadtgeschichte.linz.at/strassennamen/default.asp?action=strassendetail&ID=861&hist=historisch,,,,,,,,,,,X,um 1835,
strasse_historisch_863,863,Am Schloßberg,Linz,"Von 1644 bis 1710 Bezeichnung für das steile Straßenstück zwischen Altstadt und Schloss, heute Teil der Hofgasse",https://stadtgeschichte.linz.at/strassennamen/default.asp?action=strassendetail&ID=863&hist=historisch,,,,,,,,,,Hofgasse,X,1644,1710
strasse_historisch_864,864,Am Schlosswall,Linz,"Bezeichnung bis 1869, heute Teil der Römerstraße",https://stadtgeschichte.linz.at/strassennamen/default.asp?action=strassendetail&ID=864&hist=historisch,,,,,,,,,,Römerstraße,X,,1869
strasse_historisch_872,872,Am Urfahraner Gewerbehof,Urfahr,siehe Gewerbepark Urfahr,https://stadtgeschichte.linz.at/strassennamen/default.asp?action=strassendetail&ID=872&hist=historisch,,,,,,,,,,Gewerbepark Urfahr,X,,1988
strasse_historisch_878,878,An dem Markt,Linz,Ab dem 13. Jahrhundert bis etwa 1338 Bezeichnung für den heutigen Hauptplatz,https://stadtgeschichte.linz.at/strassennamen/default.asp?action=strassendetail&ID=878&hist=historisch,,,,,,,,,,,X,ab 13. Jhdt.,ca. 1338
strasse_historisch_879,879,An den Fleischbänken,Linz,Von ca. 1700 bis 1800 Bezeichnung für die heutige Zollamtstraße,https://stadtgeschichte.linz.at/strassennamen/default.asp?action=strassendetail&ID=879&hist=historisch,,,,,,,,,,Zollamtstraße,X,ca. 1700,ca. 1800
strasse_historisch_880,880,An der Donaubrücke,Linz,Bis 1869 Bezeichnung für einen Teil der heutigen Oberen Donaulände,https://stadtgeschichte.linz.at/strassennamen/default.asp?action=strassendetail&ID=880&hist=historisch,,,,,,,,,,Obere Donaulände,X,,1869
strasse_historisch_881,881,An der Lohwiesen,Kleinmünchen,"Von 1942 bis 1947, benannt nach der südlich davon liegenden Lohwiesen, heute Teil des Flötzerweges",https://stadtgeschichte.linz.at/strassennamen/default.asp?action=strassendetail&ID=881&hist=historisch,,,,,,,,,,Flötzerweg,X,1942,1947
strasse_historisch_882,882,An der Ludl,Linz,"Bis 1869 Bezeichnung für die Gegenden Ecke Honauerstraße - Ludlgasse und Holzstraße - Ludlgasse, heute Ludlgasse",https://stadtgeschichte.linz.at/strassennamen/default.asp?action=strassendetail&ID=882&hist=historisch,,,,,,,,,,Ludlgasse,X,,1869
strasse_historisch_885,885,An der Wasserkaserne,Linz,"Bis 1869, benannt nach der ehemaligen Wasserkaserne, heute Kaserngasse",https://stadtgeschichte.linz.at/strassennamen/default.asp?action=strassendetail&ID=885&hist=historisch,,,,,,,,,,Kaserngasse,X,,1869
strasse_historisch_898,898,Arnethweg,Waldegg,"Von 1940 bis 1958 nach dem oberösterreichischen Geschichtsschreiber Josef Arneth (1791-1863), heute Kennerweg",https://stadtgeschichte.linz.at/strassennamen/default.asp?action=strassendetail&ID=898&hist=historisch,Josef Arneth,,,,,,,,,Kennerweg,M,1940,1958
strasse_historisch_900,900,Arschkerben,Linz,"Jener Teil der heutigen Adlergasse, der zwischen Neutorgasse und dem Ende der Sackgasse liegt, hieß um 1800 Arschkerben bzw. In der Arschgarben.",https://stadtgeschichte.linz.at/strassennamen/default.asp?action=strassendetail&ID=900&hist=historisch,,,,,,,,,,Adlergasse,X,um 1800,
strasse_historisch_901,901,Auberggäßl,Urfahr,"Benannt 1901. Der Name erinnert an den Auberghof, den die Starhemberger 1458 erwarben. 1586 wurde er nach Zubauten zum Edelmannssitz erhoben. Heute Aubergstraße",https://stadtgeschichte.linz.at/strassennamen/default.asp?action=strassendetail&ID=901&hist=historisch,,,,,,,,,,Aubergstraße,X,1901,
strasse_historisch_909,909,Auf dem Martinsfeld,Linz,Bis 1869 Bezeichnung für die heutige Martingasse,https://stadtgeschichte.linz.at/strassennamen/default.asp?action=strassendetail&ID=909&hist=historisch,,,,,,,,,,Martingasse,X,,1869
strasse_historisch_3312,3312,Bahnstraße,Urfahr,Von 1875 bis 1889 Bezeichnung für die heutige Kaarstraße,https://stadtgeschichte.linz.at/strassennamen/default.asp?action=strassendetail&ID=3312&hist=historisch,,,,,,,,,,Kaarstraße,X,1875,1889
strasse_historisch_3313,3313,Bahnweg,Urfahr,"Bis 1901 nach der Trasse der ehemaligen Pferdeeisenbahn Linz-Budweis, heute Gstöttnerhofstraße",https://stadtgeschichte.linz.at/strassennamen/default.asp?action=strassendetail&ID=3313&hist=historisch,,,,,,,,,,Gstöttnerhofstraße,X,,1901
strasse_historisch_3317,3317,Basar,Linz,Hausdurchgang vom Haus Hauptplatz 24 zur Promenade. Angelegt 1852 mit dem Neubau des Eckhauses Schmidtorstraße 2- Hauptplatz 25 zur Entlastung der Schmidtorstraße.,https://stadtgeschichte.linz.at/strassennamen/default.asp?action=strassendetail&ID=3317&hist=historisch,,,,,,,,,,Hauptplatz,X,1852,
strasse_historisch_3319,3319,Bauernbergstraße,Linz und Waldegg,"Von 1884 bis 1914, vom Linzer Verschönerungsverein angelegt, heute Roseggerstraße",https://stadtgeschichte.linz.at/strassennamen/default.asp?action=strassendetail&ID=3319&hist=historisch,,,,,,,,,,Roseggerstraße,X,1884,1914
strasse_historisch_3327,3327,Berggasse,Linz,"Von 1869 bis 1921, Abänderung in die heutige Bezeichnung wegen der gleichnamigen Gasse in Urfahr, heute Bergschlößlgasse",https://stadtgeschichte.linz.at/strassennamen/default.asp?action=strassendetail&ID=3327&hist=historisch,,,,,,,,,,Bergschlößlgasse,X,1869,1921
strasse_historisch_3340,3340,Billrothstraße,Linz,Von der Krankenhausstraße zur Garnisonstraße verlaufend. Benannt 1903 nach dem Chirurgen Christian Theodor Billroth (1829-1894). Gelöscht 1973.,https://stadtgeschichte.linz.at/strassennamen/default.asp?action=strassendetail&ID=3340&hist=historisch,Christian Theodor Billroth,Q77242,,https://www.wikidata.org/wiki/Q77242,Theodor Billroth,male,physician,1829-04-26,1894-02-06,,M,1903,1973
strasse_historisch_3345,3345,Birkenweg,Katzbach,"Von 1976 bis 1984 nach der gleichnamigen Baumart, ursprünglich 1976 Pappelweg benannt, auf Wunsch der Anrainer im selben Jahr in Birkenweg umgeändert, aufgrund gleicher Straßenbezeichnungen in den Anrainergemeinden Puchenau und Engerwitzdorf auf heutigen Namen umgeändert, heute Waldweg",https://stadtgeschichte.linz.at/strassennamen/default.asp?action=strassendetail&ID=3345&hist=historisch,,,,,,,,,,Waldweg,X,1976,1984
strasse_historisch_3347,3347,Bischof-Hittmair-Straße,Urfahr,"Von 1934 bis 1942 nach Rudolph Hittmair (1859-1915), Diözesanbischof von Linz (ab 1909), heute Peuerbachstraße",https://stadtgeschichte.linz.at/strassennamen/default.asp?action=strassendetail&ID=3347&hist=historisch,Rudolph Hittmair,Q1507535,,https://www.wikidata.org/wiki/Q1507535,Rudolph Hittmair,male,university teacher,1859-07-24,1915-03-05,Peuerbachstraße,M,1934,1942
strasse_historisch_3354,3354,Blumauerplatz,Linz,Kreuzung der Landstraße mit den Straßenzügen Bahnhofstraße und Blumauerstraße. Benannt 1950. Ab 2011 Am Volksgarten.,https://stadtgeschichte.linz.at/strassennamen/default.asp?action=strassendetail&ID=3354&hist=historisch,,,,,,,,,,,X,1950,2011
strasse_historisch_3357,3357,Bockwirtsgasse,Linz und Waldegg,"Bis 1869 Bockwirtsgasse bzw. Weiße Bockwirtsgasse nach dem gleichnamigen Gasthaus, heute Bockgasse",https://stadtgeschichte.linz.at/strassennamen/default.asp?action=strassendetail&ID=3357&hist=historisch,,,,,,,,,,Bockgasse,X,,1869
strasse_historisch_3359,3359,Boelckestraße,Waldegg,"Von 1941 bis 1945 nach dem Kampfflieger des Ersten Weltkrieges Oswald Boelcke (1891-1916), heute Stadlerstraße",https://stadtgeschichte.linz.at/strassennamen/default.asp?action=strassendetail&ID=3359&hist=historisch,Oswald Boelcke,Q57716,,https://www.wikidata.org/wiki/Q57716,Oswald Boelcke,male,aircraft pilot,1891-05-19,1916-10-28,Stadlerstraße,M,1941,1945
strasse_historisch_3361,3361,Borsigstraße,Kleinmünchen,"Von 1943 bis 1945 nach dem Maschinenbauer August Borsig (1804-1854), heute Haiderstraße",https://stadtgeschichte.linz.at/strassennamen/default.asp?action=strassendetail&ID=3361&hist=historisch,August Borsig,Q65271,,https://www.wikidata.org/wiki/Q65271,August Borsig,male,engineer,1804-06-23,1854-07-06,Haiderstraße,M,1943,1945
strasse_historisch_3374,3374,Bruckboden,Linz,siehe Hofberg,https://stadtgeschichte.linz.at/strassennamen/default.asp?action=strassendetail&ID=3374&hist=historisch,,,,,,,,,,Hofberg,X,1771,
strasse_historisch_3375,3375,Brückenbodengasse,Linz,siehe Hofberg,https://stadtgeschichte.linz.at/strassennamen/default.asp?action=strassendetail&ID=3375&hist=historisch,,,,,,,,,,Hofberg,X,1813,
strasse_historisch_3376,3376,Brückenstraße,Linz,"Von 1903 bis 1921, heute Rechte Brückenstraße",https://stadtgeschichte.linz.at/strassennamen/default.asp?action=strassendetail&ID=3376&hist=historisch,,,,,,,,,,Linke und Rechte Brückenstraße,X,1901,1921
strasse_historisch_3483,3483,Brückenstraße,Urfahr,"Von 1901 bis 1921, heute Linke Brückenstraße",https://stadtgeschichte.linz.at/strassennamen/default.asp?action=strassendetail&ID=3483&hist=historisch,,,,,,,,,,,,,
strasse_historisch_3378,3378,Brüdergasse,Linz,"Vor 1491 nach den minderen Brüdern (Minoriten), heute Klosterstraße",https://stadtgeschichte.linz.at/strassennamen/default.asp?action=strassendetail&ID=3378&hist=historisch,,,,,,,,,,Klosterstraße,X,,1491
strasse_historisch_3379,3379,Brumbauerweg,Urfahr,"Von 1940 bis 1945 nach dem am nationalsozialistischen Juliputsch 1934 mitbeteiligten SA-Mann Franz Brumbauer, heute Holzwurmweg",https://stadtgeschichte.linz.at/strassennamen/default.asp?action=strassendetail&ID=3379&hist=historisch,,,,,,,,,,Holzwurmweg,M,1940,1945
strasse_historisch_2114,2114,Carmelitergasse,Linz,"Von 1730 bis 1815, Bezeichnung für die heutige Harrachstraße",https://stadtgeschichte.linz.at/strassennamen/default.asp?action=strassendetail&ID=2114&hist=historisch,,,,,,,,,,Harrachstraße,X,1730,1815
strasse_historisch_2115,2115,Chirchgasse,Linz,Von 1328 bis 1500 Bezeichnung für die heutige Rathausgasse,https://stadtgeschichte.linz.at/strassennamen/default.asp?action=strassendetail&ID=2115&hist=historisch,,,,,,,,,,Rathausgasse,X,1328,1500
strasse_historisch_2129,2129,Dauphinstraße,Kleinmünchen,Von 1928 bis 1954 unrichtige Schreibweise für Dauphinestraße,https://stadtgeschichte.linz.at/strassennamen/default.asp?action=strassendetail&ID=2129&hist=historisch,,,,,,,,,,,,,
strasse_historisch_2094,2094,Dollfußstraße,Linz,"Von 1934 bis 1938 nach Bundeskanzler Engelbert Dollfuß (1892-1934), umgekommen beim nationalsozialistischen Juliputsch 1934, heute Dametzstraße",https://stadtgeschichte.linz.at/strassennamen/default.asp?action=strassendetail&ID=2094&hist=historisch,Engelbert Dollfuß,Q11734,,https://www.wikidata.org/wiki/Q11734,Engelbert Dollfuss,male,politician,1892-10-04,1934-07-25,Dametzstraße,M,1934,1938
strasse_historisch_2095,2095,Dombrückel,Linz,"Von 1802 bis 1834 nach der dort vorhandenen Brücke über den Graben, heute Domgasse",https://stadtgeschichte.linz.at/strassennamen/default.asp?action=strassendetail&ID=2095&hist=historisch,,,,,,,,,,Domgasse,X,1802,1834
strasse_historisch_2096,2096,Domesstraße,Waldegg,"Von 1940 bis 1945 nach dem Kontoristen Johann Domes (1901-1934), der am nationalsozialistischen Juliputsch von 1934 beteiligt war, heute Wallseerstraße",https://stadtgeschichte.linz.at/strassennamen/default.asp?action=strassendetail&ID=2096&hist=historisch,Johann Domes,,,,,,,,,Wallseerstraße,M,1940,1945
strasse_historisch_2098,2098,Domplatz,Linz,"Von 1834 bis 1869, Bezeichnung für die heutige Domgasse",https://stadtgeschichte.linz.at/strassennamen/default.asp?action=strassendetail&ID=2098&hist=historisch,,,,,,,,,,Domgasse,X,1834,1869
strasse_historisch_2090,2090,Dr.-Eckinger-Straße,Urfahr,"Benannt 1942 nach dem Ritterkreuzträger des Zweiten Weltkrieges Major Dr. Sepp Eckinger, heute Ontlstraße",https://stadtgeschichte.linz.at/strassennamen/default.asp?action=strassendetail&ID=2090&hist=historisch,Sepp Eckinger,,,,,,,,,Ontlstraße,M,1942,
strasse_historisch_2091,2091,Dr.-Franz-Nitsch-Platz,Linz,"Platz vor der Frauenklinik, begrenzt durch Nietzschestraße, Röntgenstraße, Leibnizstraße und Lederergasse. Benannt 1955 nach dem oberösterreichischen Baureformer Franz Nitsch (1877-1954). Gelöscht 1973.",https://stadtgeschichte.linz.at/strassennamen/default.asp?action=strassendetail&ID=2091&hist=historisch,Franz Nitsch,,,,,,,,,,M,1955,1973
strasse_historisch_2092,2092,Dr.-Todt-Straße,Waldegg,"Von 1941 bis 1945 nach dem deutschen Reichsminister für Bewaffnung und Munition Fritz Todt (1891-1942), heute Hanuschstraße",https://stadtgeschichte.linz.at/strassennamen/default.asp?action=strassendetail&ID=2092&hist=historisch,Fritz Todt,Q57149,,https://www.wikidata.org/wiki/Q57149,Fritz Todt,male,engineer,1891-09-04,1942-02-08,Hanuschstraße,M,1941,1945
strasse_historisch_2093,2093,Dr.-Viktor-Adler-Straße,Lustenau,"Von 1931 bis 1934 nach dem Mitbegründer der Sozialdemokratischen Partei Österreichs Viktor Adler (1852-1918), heute Stieglbauernstraße",https://stadtgeschichte.linz.at/strassennamen/default.asp?action=strassendetail&ID=2093&hist=historisch,Viktor Adler,Q366845,,https://www.wikidata.org/wiki/Q366845,Victor Adler,male,politician,1852-06-24,1918-11-11,Stieglbauernstraße,M,1931,1934
strasse_historisch_1640,1640,Ebnerstraße,Waldegg,"Von 1940 bis 1945 nach dem Jagdpraktikanten Franz Ebner (1902-1934), mitbeteiligt am nationalsozialistischen Juliputsch 1934, heute Tungassingerstraße",https://stadtgeschichte.linz.at/strassennamen/default.asp?action=strassendetail&ID=1640&hist=historisch,Franz Ebner,,,,,,,,,Tungassingerstraße,M,1940,1945
strasse_historisch_1652,1652,Eggereckgasse,Linz,"Von 1771 bis 1825 nach dem einstigen Freisitz, an dessen Stelle das Prunerstift errichtet wurde, heute Prunerstraße",https://stadtgeschichte.linz.at/strassennamen/default.asp?action=strassendetail&ID=1652&hist=historisch,,,,,,,,,,Prunerstraße,X,1771,1825
strasse_historisch_1673,1673,Engelmannstraße,Lustenau,"Nach dem Objekt Stieglbauernstraße 26 etwa in südlicher Richtung zur Helletzgruberstraße verlaufend. Benannt 1931 nach dem Spiritual der Ursulinen Josef Engelmann, der 1823 der Regierung einen Plan zur Errichtung eines Blindenheimes vorlegte und ein Jahr später mit der Unterweisung von blinden Kindern begann. 2021 im Zuge der Neuverbauung Wimhölzel-Hinterland aufgelassen.",https://stadtgeschichte.linz.at/strassennamen/default.asp?action=strassendetail&ID=1673&hist=historisch,Josef Engelmann,,,,,,,,,Stieglbauernstraße,M,1931,2021
strasse_historisch_1679,1679,Ertlstraße,Waldegg,"Von 1940 bis 1945 nach Franz Ertl, der als Nationalsozialist bei einer politischen Auseinandersetzung ums Leben kam, heute Scheibenpogenstraße",https://stadtgeschichte.linz.at/strassennamen/default.asp?action=strassendetail&ID=1679&hist=historisch,Franz Ertl,,,,,,,,,Scheibenpogenstraße,M,1940,1945
strasse_historisch_1680,1680,Erzherzog-Albrecht-Straße,Waldegg,"Von 1899 bis 1921 nach Feldmarschall Erzherzog Albrecht (1817-1895), heute Breitwiesergutstraße",https://stadtgeschichte.linz.at/strassennamen/default.asp?action=strassendetail&ID=1680&hist=historisch,Erzherzog Albrecht,Q310807,,https://www.wikidata.org/wiki/Q310807,"Archduke Albrecht, Duke of Teschen",male,military officer,1817-08-03,1895-02-18,Breitwiesergutstraße,M,1899,1921
strasse_historisch_1681,1681,Erzherzog-Maximilian-Weg,Waldegg,"Von 1913 bis 1921 nach dem Erbauer der Befestigungstürme um Linz, Erzherzog Maximilian d'Este (1782-1863), heute Bancalariweg siehe auch Maximilianweg",https://stadtgeschichte.linz.at/strassennamen/default.asp?action=strassendetail&ID=1681&hist=historisch,Erzherzog Maximilian d'Este,Q78549,,https://www.wikidata.org/wiki/Q78549,Archduke Maximilian of Austria-Este,male,military officer,1782-07-14,1863-06-01,Bancalariweg,M,1913,1921
strasse_historisch_1684,1684,Estermanngäßl,Urfahr,"Bis 1875 nach einem alteingesessenen Urfahrer Kaufmanns- und Fabrikantengeschlecht, 1875 in Halbgasse umbenannt, 1984 durch den Bau des Neuen Rathauses aufgelassen",https://stadtgeschichte.linz.at/strassennamen/default.asp?action=strassendetail&ID=1684&hist=historisch,,,,,,,,,,Halbgasse,M,,1875
strasse_historisch_1693,1693,Färbergäßchen,Linz,"1771 Bezeichnung für das kleine Gässchen von der Kaisergasse zum Haus Nr. 9, heute Kaisergasse",https://stadtgeschichte.linz.at/strassennamen/default.asp?action=strassendetail&ID=1693&hist=historisch,,,,,,,,,,Kaisergasse,X,1771,
strasse_historisch_3416,3416,Fehrerstraße,Kleinmünchen,siehe aktueller Straßenname Ernst-Fehrer-Straße,https://stadtgeschichte.linz.at/strassennamen/default.asp?action=strassendetail&ID=3416&hist=historisch,Ernst Fehrer,Q1358035,,https://www.wikidata.org/wiki/Q1358035,Ernst Fehrer,male,inventor,1919-03-24,2000-12-01,Ernst-Fehrer-Straße,M,2001,
strasse_historisch_1697,1697,Feikestraße,Lustenau,"Von 1940 bis 1945 nach Ernst Feike (1911-1934), Feldjäger im Kraftfahr-Bataillon, beteiligt am Juliputsch 1934, heute Freytagstraße",https://stadtgeschichte.linz.at/strassennamen/default.asp?action=strassendetail&ID=1697&hist=historisch,Ernst Feike,,,,,,,,,Freytagstraße,M,1940,1945
strasse_historisch_1699,1699,Feldstraße,Linz,"1869-1934, vorher Feldgasse über das Obere Burgfeld, heute Rainerstraße",https://stadtgeschichte.linz.at/strassennamen/default.asp?action=strassendetail&ID=1699&hist=historisch,,,,,,,,,,Rainerstraße,X,1869,1934
strasse_historisch_1700,1700,Feldweg,Katzbach,"Zwischen 1929 und 1938. Zur Gänze im Gebiet der heutigen VOEST-Alpine gelegen, siehe auch aktuelle Bezeichnung",https://stadtgeschichte.linz.at/strassennamen/default.asp?action=strassendetail&ID=1700&hist=historisch,,,,,,,,,,,X,1929,1938
strasse_historisch_1704,1704,Feystraße,Linz,"Von 1934 bis 1938 nach dem Vizekanzler und Heimatschutzführer Major Emil Fey (1886-1938), heute Böhmerwaldstraße",https://stadtgeschichte.linz.at/strassennamen/default.asp?action=strassendetail&ID=1704&hist=historisch,Emil Fey,Q79114,,https://www.wikidata.org/wiki/Q79114,Emil Fey,male,politician,1886-03-23,1938-03-16,Böhmerwaldstraße,M,1934,1938
strasse_historisch_1716,1716,Flohgaßl,Linz,Zwischen 1786 und 1869 war im Gebäude der heutigen Post- und Telegraphendirektion eine Kaserne untergebracht. Wegen des täglichen Ausklopfens von Uniformstücken und Schlafdecken wurde die Gasse scherzhaft als Flohgaßl bezeichnet. Heute Kollegiumgasse,https://stadtgeschichte.linz.at/strassennamen/default.asp?action=strassendetail&ID=1716&hist=historisch,,,,,,,,,,Kollegiumgasse,X,1786,1869
strasse_historisch_1722,1722,Föhrenweg,Kleinmünchen,Von der Ellbognerstraße nach Osten abzweigend. Mit dem Ausbau der Landwiedstraße wurde er aufgelassen und die Bezeichnung 1967 gelöscht.,https://stadtgeschichte.linz.at/strassennamen/default.asp?action=strassendetail&ID=1722&hist=historisch,,,,,,,,,,Ellbognerstraße,X,,1967
strasse_historisch_1725,1725,Franz-Foisner-Platz,Urfahr,"Von 1938 bis 1945 nach dem 1936 erschossenen SA-Mann Franz Foisner, heute Bernaschekplatz",https://stadtgeschichte.linz.at/strassennamen/default.asp?action=strassendetail&ID=1725&hist=historisch,Franz Foisner,,,,,,,,,Bernaschekplatz,M,1938,1945
strasse_historisch_1726,1726,Franz-Joseph-Platz,Linz,"Von 1873 bis 1921 und 1934 bis 1938 nach Kaiser Franz Joseph I, heute Hauptplatz",https://stadtgeschichte.linz.at/strassennamen/default.asp?action=strassendetail&ID=1726&hist=historisch,Kaiser Franz Joseph I,Q51056,,https://www.wikidata.org/wiki/Q51056,Franz Joseph I of Austria,male,politician,1830-08-18,1916-11-21,Hauptplatz,M,18731934,19211938
strasse_historisch_1731,1731,Freiheitsstraße,Linz,"Von 1938 bis 1945 aus Anlass des Anschlusses Österreichs an das Deutsche Reich am 13. März 1938, heute Dametzstraße",https://stadtgeschichte.linz.at/strassennamen/default.asp?action=strassendetail&ID=1731&hist=historisch,,,,,,,,,,Dametzstraße,X,1938,1945
strasse_historisch_1734,1734,Freiwillige-Schützen-Straße,Linz,"Von 1934 bis 1950 nach dem Regiment der oberösterreichischen Freiwilligen Schützen, das im Frühjahr 1915 aufgeboten wurde, heute Theatergasse",https://stadtgeschichte.linz.at/strassennamen/default.asp?action=strassendetail&ID=1734&hist=historisch,,,,,,,,,,Theatergasse,X,1934,1950
strasse_historisch_1740,1740,Friedhofstraße,Kleinmünchen,"Bis 1929, heute Pestalozzistraße",https://stadtgeschichte.linz.at/strassennamen/default.asp?action=strassendetail&ID=1740&hist=historisch,,,,,,,,,,Pestalozzistraße,X,,1929
strasse_historisch_1741,1741,Friedhofstraße,St. Peter,Aufgelassen 1921,https://stadtgeschichte.linz.at/strassennamen/default.asp?action=strassendetail&ID=1741&hist=historisch,,,,,,,,,,,X,,1921
strasse_historisch_1742,1742,Friedhofstraße,Urfahr,Aufgelassen 1921,https://stadtgeschichte.linz.at/strassennamen/default.asp?action=strassendetail&ID=1742&hist=historisch,,,,,,,,,,,X,,1921
strasse_historisch_3461,3461,Friedrich-Engels-Platz,Linz,"Von 1921 bis 1934 Name für den geplanten Platz an der Kreuzung Museumstraße - Ringstraße (heute Bereich zwischen Stelzerstraße - Gruberstraße - Kaplanhofstraße), siehe auch Kaiser-Friedrich-Platz",https://stadtgeschichte.linz.at/strassennamen/default.asp?action=strassendetail&ID=3461&hist=historisch,,,,,,,,,,,M,,
strasse_historisch_1748,1748,Froschau,Linz,"Bezeichnung im 14. Jahrhundert, heute Zollamtstraße",https://stadtgeschichte.linz.at/strassennamen/default.asp?action=strassendetail&ID=1748&hist=historisch,,,,,,,,,,Zollamtstraße,X,14. Jhdt.,
strasse_historisch_1750,1750,Froschengaßl,Linz,"Jener Teil der heutigen Adlergasse, der zwischen Neutorgasse und dem Ende der Sackgasse liegt, hieß um 1730 Froschengaßl, heute Adlergasse",https://stadtgeschichte.linz.at/strassennamen/default.asp?action=strassendetail&ID=1750&hist=historisch,,,,,,,,,,Adlergasse,X,um 1730,
strasse_historisch_1751,1751,Froschtorgasse,Linz,"Vor 1869 nach der vorgelagerten Froschau, auch einbezogen in die Neue Welt (Adlergasse), heute Neutorgasse",https://stadtgeschichte.linz.at/strassennamen/default.asp?action=strassendetail&ID=1751&hist=historisch,,,,,,,,,,Neutorgasse,X,,1869
strasse_historisch_1754,1754,Füchselgut-Reihenhäuser,Lustenau,"Bis 1958, heute im Bereich Gölsdorfstraße, Keißlerplatz und Obachplatz",https://stadtgeschichte.linz.at/strassennamen/default.asp?action=strassendetail&ID=1754&hist=historisch,,,,,,,,,,,X,,1958
strasse_historisch_1753,1753,Fuchsenlucke,Waldegg,"Von 1954 bis 1955 nach einer alten Lokalbezeichnung, heute An der Sonnleithen",https://stadtgeschichte.linz.at/strassennamen/default.asp?action=strassendetail&ID=1753&hist=historisch,,,,,,,,,,An der Sonnleithen,X,1954,1955
strasse_historisch_3172,3172,Gasse zu den Kapuzinern,Urfahr,"Vom Ende des 17. Jahrhunderts bis 1875 nach dem ehemaligen Kapuzinerkloster, heute Kirchengasse",https://stadtgeschichte.linz.at/strassennamen/default.asp?action=strassendetail&ID=3172&hist=historisch,,,,,,,,,,Kirchengasse,X,Ende 17. Jhdt.,1875
strasse_historisch_3176,3176,Geisterburg,Linz,"Bis 1869 nach dem hier bis 1785 gelegenen Barbarafriedhof, heute Seilerstätte",https://stadtgeschichte.linz.at/strassennamen/default.asp?action=strassendetail&ID=3176&hist=historisch,,,,,,,,,,Seilerstätte,X,,1869
strasse_historisch_3177,3177,Gemeindedienergasse,Urfahr,"Bezeichnung vor 1875, heute Kaarstraße",https://stadtgeschichte.linz.at/strassennamen/default.asp?action=strassendetail&ID=3177&hist=historisch,,,,,,,,,,Kaarstraße,X,,1875
strasse_historisch_3178,3178,Gemeindehausgasse,Urfahr,"Bis 1889 nach der Lage am Urfahrer Rathaus, heute Mühlkreisbahnstraße",https://stadtgeschichte.linz.at/strassennamen/default.asp?action=strassendetail&ID=3178&hist=historisch,,,,,,,,,,Mühlkreisbahnstraße,X,,1889
strasse_historisch_3179,3179,Gemeindestraße,Linz,"Von 1869 bis 1919, heute Dinghoferstraße",https://stadtgeschichte.linz.at/strassennamen/default.asp?action=strassendetail&ID=3179&hist=historisch,,,,,,,,,,Dinghoferstraße,X,1869,1919
strasse_historisch_3184,3184,Gföllnerstraße,Kleinmünchen,"Von 1956 bis 2023 nach dem Linzer Bischof Johannes Maria Gföllner (1867-1941), heute Sterneggstraße.",https://stadtgeschichte.linz.at/strassennamen/default.asp?action=strassendetail&ID=3184&hist=historisch,Johannes Maria Gföllner,Q1697992,,https://www.wikidata.org/wiki/Q1697992,Johannes Maria Gföllner,male,university teacher,1867-12-17,1941-06-03,Sterneggstraße,M,1956,2023
strasse_historisch_3193,3193,Glockengießergasse,Linz,"Etwa von 1815 bis 1894 nach dem Glockengießerhaus (Nr. 2), heute Rudigierstraße",https://stadtgeschichte.linz.at/strassennamen/default.asp?action=strassendetail&ID=3193&hist=historisch,,,,,,,,,,Rudigierstraße,X,ca. 1815,1894
strasse_historisch_3210,3210,Griesgasse,Linz,Von der Hafenstraße etwa in nordwestlicher Richtung zur ehemaligen Floßlände an der Donau verlaufend. Benannt 1921 nach dem Bauernhaus Fischer im Gries. 1973 aufgelassen.,https://stadtgeschichte.linz.at/strassennamen/default.asp?action=strassendetail&ID=3210&hist=historisch,,,,,,,,,,Hafenstraße,X,1921,1973
strasse_historisch_3216,3216,Großer Platz,Linz,"Bezeichnung vor 1800, heute Hauptplatz",https://stadtgeschichte.linz.at/strassennamen/default.asp?action=strassendetail&ID=3216&hist=historisch,,,,,,,,,,Hauptplatz,X,,1800
strasse_historisch_3222,3222,Grüner Anger,Urfahr,"Von 1926 bis 1953 Am Grünen Anger nach der gleichnamigen Siedlung, heute am Grünen Hang",https://stadtgeschichte.linz.at/strassennamen/default.asp?action=strassendetail&ID=3222&hist=historisch,,,,,,,,,,Am Grünen Hang,X,1926,1953
strasse_historisch_3231,3231,Guglauffahrt,Linz,"Von 1954 bis 1994, heute Bernardisstraße",https://stadtgeschichte.linz.at/strassennamen/default.asp?action=strassendetail&ID=3231&hist=historisch,,,,,,,,,,Bernardisstraße,X,1954,1994
strasse_historisch_3232,3232,Guglhofgstettn,Linz,"Bis 1869 nach dem ehemaligen Bauerngut Guglhof, heute Kellergasse",https://stadtgeschichte.linz.at/strassennamen/default.asp?action=strassendetail&ID=3232&hist=historisch,,,,,,,,,,Kellergasse,X,,1869
strasse_historisch_1897,1897,Haarmarkt,Linz,"Der von der Kreuzung Hofberg - Hofgasse gebildete Platz hieß um 1644 Haar- oder Leinwandmarkt, heute Hofberg",https://stadtgeschichte.linz.at/strassennamen/default.asp?action=strassendetail&ID=1897&hist=historisch,,,,,,,,,,Hofberg,X,um 1644,
strasse_historisch_1901,1901,Hacklstraße,Lustenau,"Von 1940 bis 1945 Hacklstraße nach dem Polizeiwachmann Josef Hackl (1906-1934), mitbeteiligt am nationalsozialistischen Juliputsch 1934, heute Schmidt-Renner-Straße",https://stadtgeschichte.linz.at/strassennamen/default.asp?action=strassendetail&ID=1901&hist=historisch,Josef Hackl,,,,,,,,,Schmidt-Renner-Straße,M,1940,1945
strasse_historisch_1906,1906,Hafnerplatz,Linz,"Von 1825 bis 1869, heute Zollamtstraße",https://stadtgeschichte.linz.at/strassennamen/default.asp?action=strassendetail&ID=1906&hist=historisch,,,,,,,,,,Zollamtstraße,X,1825,1869
strasse_historisch_1908,1908,Hafnerwinkel,Linz,"Die kurze Sackgasse zum alten Hafnerhaus, der späteren Tonofenfabrik Schadler, heiß um 1771 Hafnerwinkel, heute Teil der Kaisergasse",https://stadtgeschichte.linz.at/strassennamen/default.asp?action=strassendetail&ID=1908&hist=historisch,,,,,,,,,,Kaisergasse,X,um 1771,
strasse_historisch_1909,1909,Hagenauerweg,Lustenau,Gegenüber dem Objekt Wimhölzelstraße 73 etwa in südlicher Richtung verlaufende Sackgasse. Benannt 1954 nach dem ehemaligen Hagenauergut. Gelöscht 2015.,https://stadtgeschichte.linz.at/strassennamen/default.asp?action=strassendetail&ID=1909&hist=historisch,,,,,,,,,,Wimhölzelstraße,X,1954,2015
strasse_historisch_1911,1911,Hagergasse,Linz,"Von 1815 bis 1825 Bezeichnung für das Straßenstück zwischen Klammstraße und Schlossergasse, heute Teil der Hirschgasse",https://stadtgeschichte.linz.at/strassennamen/default.asp?action=strassendetail&ID=1911&hist=historisch,,,,,,,,,,Hirschgasse,X,1815,1825
strasse_historisch_1918,1918,Halbgasse,Urfahr,"Vom Bernaschekplatz nach Süden verlaufende Sackgasse. Benannt 1875. 1984 durch den Bau des Neuen Rathauses aufgelassen. Der Name erklärt sich aus dem Umstand, daß sie etwa bis zur Mitte des zwischen Bernaschekplatz und Ottensheimer Straße gelegenen Areals reichte. - Vor 1875 Estermanngäßl nach einem alteingesessenen Urfahrer Kaufmanns- und Fabrikantengeschlecht.",https://stadtgeschichte.linz.at/strassennamen/default.asp?action=strassendetail&ID=1918&hist=historisch,,,,,,,,,,,X,1875,1984
strasse_historisch_1923,1923,Hangergasse,Linz,"Von 1815 bis 1825 nach dem Henkerhaus, heute Lessingstraße",https://stadtgeschichte.linz.at/strassennamen/default.asp?action=strassendetail&ID=1923&hist=historisch,,,,,,,,,,Lessingstraße,X,1815,1825
strasse_historisch_1927,1927,Harlandweg,Katzbach,Ehemals beim Objekt Gallneukirchner Straße 19 nach Norden verlaufend. Benannt 1958 nach einem Flurnamen. Gelöscht 1973.,https://stadtgeschichte.linz.at/strassennamen/default.asp?action=strassendetail&ID=1927&hist=historisch,,,,,,,,,,Gallneukirchner Straße,X,1958,1973
strasse_historisch_1928,1928,Harrachfeld,Linz,"Von 1812 bis 1815 Bezeichnung für das Straßenstück zwischen Harrachstraße und der Eisernen Hand, heute Teil der Bethlehemstraße",https://stadtgeschichte.linz.at/strassennamen/default.asp?action=strassendetail&ID=1928&hist=historisch,,,,,,,,,,Bethlehemstraße,X,1812,1815
strasse_historisch_1929,1929,Harras,Linz,"Um 1815 Bezeichnung für die Stockhofgasse, einen Teil der heutigen Stockhofstraße",https://stadtgeschichte.linz.at/strassennamen/default.asp?action=strassendetail&ID=1929&hist=historisch,,,,,,,,,,Stockhofstraße,X,um 1815,
strasse_historisch_1825,1825,Heizenauerstraße,St. Peter,"Ehemals zwischen Sternbauerstraße und Leingruberstraße verlaufend. Benannt 1934 nach dem Bauernführer Kilian Heizenauer, der 1627 auf dem Linzer Hauptplatz hingerichtet wurde. Aufgelassen 1991.",https://stadtgeschichte.linz.at/strassennamen/default.asp?action=strassendetail&ID=1825&hist=historisch,Kilian Heizenauer,,,,,,,,,,M,1934,1991
strasse_historisch_1829,1829,Henkersteig,Linz,"Bezeichnung vor 1815 nach dem Henkerhaus, heute Lessingstraße",https://stadtgeschichte.linz.at/strassennamen/default.asp?action=strassendetail&ID=1829&hist=historisch,,,,,,,,,,Lessingstraße,X,,1815
strasse_historisch_1830,1830,Herbert-Norkus-Platz,Waldegg,"Von 1940 bis 1945 nach dem HJ-Führer Herbert Norkus (gest. 1932), heute Minnesängerplatz",https://stadtgeschichte.linz.at/strassennamen/default.asp?action=strassendetail&ID=1830&hist=historisch,Herbert Norkus,Q72866,,https://www.wikidata.org/wiki/Q72866,Herbert Norkus,male,,1916-07-26,1932-01-24,Minnesängerplatz,M,1940,1945
strasse_historisch_1836,1836,Heubühel,Linz,"Um 1439 Bezeichnung für die nördliche, zur Donau abfallende Seite des heutigen Hauptplatzes",https://stadtgeschichte.linz.at/strassennamen/default.asp?action=strassendetail&ID=1836&hist=historisch,,,,,,,,,,,X,um 1439,
strasse_historisch_1840,1840,Hirschenwirtsgasse,Linz,"Von etwa 1771 bis 1869 nach dem dort gelegenen Gasthaus Zum Goldenen Hirschen, heute Hirschgasse",https://stadtgeschichte.linz.at/strassennamen/default.asp?action=strassendetail&ID=1840&hist=historisch,,,,,,,,,,Hirschgasse,X,ca. 1771,1869
strasse_historisch_1844,1844,Hochfeldstraße,Pöstlingberg,"Bezeichnung von 1955 bis 1956, heute Göteborgweg",https://stadtgeschichte.linz.at/strassennamen/default.asp?action=strassendetail&ID=1844&hist=historisch,,,,,,,,,,Göteborgweg,X,1955,1956
strasse_historisch_1859,1859,Hofberg,Linz,"Von 1710 bis 1800 Bezeichnung für das steile Straßenstück zwischen Altstadt und Schloss, heute Teil der Hofgasse",https://stadtgeschichte.linz.at/strassennamen/default.asp?action=strassendetail&ID=1859&hist=historisch,,,,,,,,,,Hofgasse,X,1710,1800
strasse_historisch_1851,1851,Höllmühlstraße,Pöstlingberg,"Von 1926 bis 1929 nach dem benachbarten Höllmühlbach, heute Gründbergstraße",https://stadtgeschichte.linz.at/strassennamen/default.asp?action=strassendetail&ID=1851&hist=historisch,,,,,,,,,,Gründbergstraße,X,1926,1929
strasse_historisch_1876,1876,Holzplatzstraße,Linz,"Bezeichnung bis 1864 nach den großen Holzlagerplätzen, die sich dort befunden hatten, heute Holzstraße",https://stadtgeschichte.linz.at/strassennamen/default.asp?action=strassendetail&ID=1876&hist=historisch,,,,,,,,,,Holzstraße,X,,1864
strasse_historisch_1888,1888,Hühnersteigstraße,Lustenau,"Von 1903 bis 1913 nach einer Flurbezeichnung, heute Im Hühnersteig",https://stadtgeschichte.linz.at/strassennamen/default.asp?action=strassendetail&ID=1888&hist=historisch,,,,,,,,,,Im Hühnersteig,X,1903,1913
strasse_historisch_1893,1893,Hummelfeldstraße,St. Peter,"Von der Wahringerstraße zur ehemaligen Zizlauer Straße verlaufend. Benannt 1929 nach einem Flurnamen. Aufgelassen ca. 1964, da nicht mehr vorhanden.",https://stadtgeschichte.linz.at/strassennamen/default.asp?action=strassendetail&ID=1893&hist=historisch,,,,,,,,,,,X,1929,ca. 1964
strasse_historisch_1939,1939,Im Baumgarten,Linz,"Bezeichnung im Spätmittelalter, heute Promenade",https://stadtgeschichte.linz.at/strassennamen/default.asp?action=strassendetail&ID=1939&hist=historisch,,,,,,,,,,Promenade,X,Spätmittelalter,Spätmittelalter
strasse_historisch_1948,1948,Im Industriepark,Pichling,siehe Im Südpark,https://stadtgeschichte.linz.at/strassennamen/default.asp?action=strassendetail&ID=1948&hist=historisch,,,,,,,,,,Im Südpark,X,1990,
strasse_historisch_1956,1956,Im Wörd,Linz,"Die Gegend zwischen Nibelungenbrücke und Holzstraße hieß ursprünglich Im Wörd (Wörth Insel), heute Untere Donaulände",https://stadtgeschichte.linz.at/strassennamen/default.asp?action=strassendetail&ID=1956&hist=historisch,,,,,,,,,,Untere Donaulände,X,,
strasse_historisch_1957,1957,Immelmannstraße,Waldegg,"Von 1942 bis 1945 nach dem Kampfflieger des Ersten Weltkrieges Max Immelmann (1890-1916), heute Teuflstraße",https://stadtgeschichte.linz.at/strassennamen/default.asp?action=strassendetail&ID=1957&hist=historisch,Max Immelmann,Q57937,,https://www.wikidata.org/wiki/Q57937,Max Immelmann,male,aircraft pilot,1890-09-21,1916-06-18,Teuflstraße,M,1942,1945
strasse_historisch_1959,1959,In der Arschgarben,Linz,"Jener Teil der heutigen Adlergasse, der zwischen Neutorgasse und dem Ende der Sackgasse liegt, hieß um 1800 In der Arschgarben bzw. Arschkerben.",https://stadtgeschichte.linz.at/strassennamen/default.asp?action=strassendetail&ID=1959&hist=historisch,,,,,,,,,,Adlergasse,X,um 1800,
strasse_historisch_1962,1962,In der Harrach,Linz,Um 1800 Bezeichnung für die heutige Harrachstraße,https://stadtgeschichte.linz.at/strassennamen/default.asp?action=strassendetail&ID=1962&hist=historisch,,,,,,,,,,Harrachstraße,X,um 1800,
strasse_historisch_1966,1966,In der Popperleiten,Linz,"Um 1825 Bezeichnung für die Gegend des heutigen Taubstummeninstitutes, heute Kapuzinerstraße",https://stadtgeschichte.linz.at/strassennamen/default.asp?action=strassendetail&ID=1966&hist=historisch,,,,,,,,,,Kapuzinerstraße,X,um 1825,
strasse_historisch_3400,3400,Innere Wurmstraße,Linz,Bis 1869 Bezeichnung für die heutige Stifterstraße,https://stadtgeschichte.linz.at/strassennamen/default.asp?action=strassendetail&ID=3400&hist=historisch,,,,,,,,,,,X,um 1800,1869
strasse_historisch_1764,1764,Jesuitergasse,Linz,"Von 1644 bis 1710 nach der benachbarten Jesuitenkirche, heute Domgasse",https://stadtgeschichte.linz.at/strassennamen/default.asp?action=strassendetail&ID=1764&hist=historisch,,,,,,,,,,Domgasse,X,1644,1710
strasse_historisch_1769,1769,Johann-Neander-Straße,Lustenau,"Von 1931 bis 1934 nach dem Mitbegründer der Sozialdemokratischen Partei Oberösterreichs Johann Neander, heute Helletzgruberstraße",https://stadtgeschichte.linz.at/strassennamen/default.asp?action=strassendetail&ID=1769&hist=historisch,Johann Neander,,,,,,,,,Helletzgruberstraße,M,1931,1934
strasse_historisch_1774,1774,Josef-Scheu-Straße,Urfahr und Pöstlingberg,"Von 1926 bis 1928 nach dem Komponisten Josef Scheu (1841-1904), heute Brennerstraße",https://stadtgeschichte.linz.at/strassennamen/default.asp?action=strassendetail&ID=1774&hist=historisch,Josef Scheu,Q1704602,,https://www.wikidata.org/wiki/Q1704602,Josef Scheu,male,composer,1841-09-15,1904-10-12,Brennerstraße,M,1926,1928
strasse_historisch_1777,1777,Jungbauerngasse,Linz,"Seit 1771 nach dem alten Jungbauern- oder Judenbauernhof, seit 1869 Teil der Mariahilfgasse",https://stadtgeschichte.linz.at/strassennamen/default.asp?action=strassendetail&ID=1777&hist=historisch,,,,,,,,,,Mariahilfgasse,X,1771,1869
strasse_historisch_3460,3460,Kaiser-Friedrich-Platz,Linz,"Benannt 1903 nach Kaiser Friedrich III. (1415-1493). Geplanter Platz an der Kreuzung Museumstraße - Ringstraße (heute Bereich zwischen Stelzerstraße - Gruberstraße - Kaplanhofstraße). 1921 Umbenennung in Friedrich-Engels-Platz, läuft 1934 aus, da der Platz nie bestanden hat.",https://stadtgeschichte.linz.at/strassennamen/default.asp?action=strassendetail&ID=3460&hist=historisch,Kaiser Friedrich III.,Q150966,,https://www.wikidata.org/wiki/Q150966,"Frederick III, Holy Roman Emperor",male,ruler,1415-09-21,1493-08-19,,M,1903,1921
strasse_historisch_1979,1979,Kaiserin-Elisabeth-Kai,Linz,"Von 1900 bis 1921 nach Kaiserin Elisabeth (1837-1898), heute Untere Donaulände",https://stadtgeschichte.linz.at/strassennamen/default.asp?action=strassendetail&ID=1979&hist=historisch,Kaiser Joseph II.,Q76555,,https://www.wikidata.org/wiki/Q76555,"Joseph II, Holy Roman Emperor",male,military leader,1741-03-13,1790-02-20,Lustenauer Straße,M,1869,1921
strasse_historisch_1980,1980,Kaiserin-Maria-Theresia-Straße,Linz,"Von 1876 bis 1921 nach Kaiserin Maria Theresia (1717-1780), heute Beethovenstraße",https://stadtgeschichte.linz.at/strassennamen/default.asp?action=strassendetail&ID=1980&hist=historisch,Kaiser Wilhelm II.,Q2677,,https://www.wikidata.org/wiki/Q2677,Wilhelm II,male,statesperson,1859-01-27,1941-06-04,Hessenplatz,M,1914,1921
strasse_historisch_1981,1981,Kaiser-Josef-Straße,Linz,"Von 1869 bis 1921 nach Kaiser Joseph II. (1741-1790), heute Lustenauer Straße",https://stadtgeschichte.linz.at/strassennamen/default.asp?action=strassendetail&ID=1981&hist=historisch,Kaiserin Elisabeth,Q150782,,https://www.wikidata.org/wiki/Q150782,Empress Elisabeth of Austria,female,monarch,1837-12-24,1898-09-10,Untere Donaulände,W,1900,1921
strasse_historisch_1978,1978,Kaiserplatz,Urfahr,Von 1910 bis 1921 Bezeichnung für den heutigen Hinsenkampplatz,https://stadtgeschichte.linz.at/strassennamen/default.asp?action=strassendetail&ID=1978&hist=historisch,Kaiserin Maria Theresia,Q131706,,https://www.wikidata.org/wiki/Q131706,Maria Theresa of Austria,female,aristocrat,1717-05-13,1780-11-29,Beethovenstraße,W,1876,1921
strasse_historisch_1982,1982,Kaiser-Wilhelm-Platz,Linz,"Von 1914 bis 1921 nach dem deutschen Kaiser Wilhelm II. (1859-1941), heute Hessenplatz.",https://stadtgeschichte.linz.at/strassennamen/default.asp?action=strassendetail&ID=1982&hist=historisch,,,,,,,,,,Hinsenkampplatz,X,1910,1921
strasse_historisch_1986,1986,Kalvarienwände (Calvariwänd),Linz,Im 18. Jahrhundert Bezeichnung für die heutige Obere Donaulände,https://stadtgeschichte.linz.at/strassennamen/default.asp?action=strassendetail&ID=1986&hist=historisch,,,,,,,,,,Obere Donaulände,X,18. Jhdt,
strasse_historisch_1994,1994,Kapuzinerfeld,Linz,"Bezeichnung um 1800, ab 1825 für das Teilstück bis zur Guglauffahrt, heute Hopfengasse",https://stadtgeschichte.linz.at/strassennamen/default.asp?action=strassendetail&ID=1994&hist=historisch,,,,,,,,,,Hopfengasse,X,um 1800,
strasse_historisch_1995,1995,Kapuzinerfeldgasse,Linz,"Von 1730 bis 1869 Bezeichnung für die heutige Baumbachstraße, Mittlere- und Äußere Kapuzinerfeldgasse für die heutige Stifterstraße",https://stadtgeschichte.linz.at/strassennamen/default.asp?action=strassendetail&ID=1995&hist=historisch,,,,,,,,,,Baumbachstraße,X,1730,1969
strasse_historisch_1996,1996,Kapuzinergasse,Linz,"Bezeichnung von 1730 bis 1800, ab 1781 auch als Nußbaumgasse bezeichnet, heute Steingasse",https://stadtgeschichte.linz.at/strassennamen/default.asp?action=strassendetail&ID=1996&hist=historisch,,,,,,,,,,Steingasse,X,1730,1800
strasse_historisch_2001,2001,Karl-Marx-Straße,Urfahr,"Von 1921 bis 1934 nach dem deutschen Philosophen und Politiker Karl Marx (1818-1883), heute Rudolfstraße",https://stadtgeschichte.linz.at/strassennamen/default.asp?action=strassendetail&ID=2001&hist=historisch,Karl Marx,Q9061,,https://www.wikidata.org/wiki/Q9061,Karl Marx,male,economist,1818-05-05,1883-03-14,Rudolfstraße,M,1921,1934
strasse_historisch_2006,2006,Kaserngäßchen,Linz,"Bezeichnung vor 1869 nach der zwischen 1786 und 1869 im Gebäude der heutigen Post- und Telegraphendirektion untergebrachten Kaserne, heute Kollegiumgasse",https://stadtgeschichte.linz.at/strassennamen/default.asp?action=strassendetail&ID=2006&hist=historisch,,,,,,,,,,Kollegiumgasse,X,,1869
strasse_historisch_2020,2020,Keplerstraße,Linz und Waldegg,"Von 1869 bis 1943 nach dem Astronomen Johannes Kepler (1571-1630), heute Lederergasse",https://stadtgeschichte.linz.at/strassennamen/default.asp?action=strassendetail&ID=2020&hist=historisch,Johannes Kepler,Q8963,,https://www.wikidata.org/wiki/Q8963,Johannes Kepler,male,naturalist,1571-12-27,1630-11-15,Lederergasse,M,1869,1943
strasse_historisch_2021,2021,Keplingerstraße,Urfahr,"Benannt 1942 nach dem Ritterkreuzträger des Zweiten Weltkrieges SS-Obersturmführer Rudolf Keplinger, heute Roth-Limanowa-Straße",https://stadtgeschichte.linz.at/strassennamen/default.asp?action=strassendetail&ID=2021&hist=historisch,Rudolf Keplinger,,,,,,,,,Roth-Limanowa-Straße,M,1942,
strasse_historisch_2023,2023,Kerschbaumerstraße,Waldegg,"Von 1940 bis 1945 nach Franz Kerschbaumer, der beim nationalsozialistischen Juliputsch 1934 ums Leben kam, heute Waldingerstraße",https://stadtgeschichte.linz.at/strassennamen/default.asp?action=strassendetail&ID=2023&hist=historisch,Franz Kerschbaumer,,,,,,,,,Waldingerstraße,M,1940,1945
strasse_historisch_2025,2025,Khiel,Linz,Vermutlich Bezeichnung im Spätmittelalter für die schmale Gasse zwischen den bis zum Jahr 1939 bestandenen Häusern Badgasse 6 und 14,https://stadtgeschichte.linz.at/strassennamen/default.asp?action=strassendetail&ID=2025&hist=historisch,,,,,,,,,,Badgasse,X,Spätmittelalter,1939
strasse_historisch_2029,2029,Kinderspitalstraße,Lustenau,"Von 1913 bis 1976 nach dem ehemaligen Isabellen-Kinderspital, heute Wüstenrotstraße (siehe auch aktuelle Straßennamen)",https://stadtgeschichte.linz.at/strassennamen/default.asp?action=strassendetail&ID=2029&hist=historisch,,,,,,,,,,Wüstenrotstraße,X,1913,1976
strasse_historisch_2037,2037,Kleines Padgäßl,Linz,"Zwischen den Häusern 6 und 14 der heutigen Badgasse befand sich bis zum Abbruch der Häuser im Jahr 1939 eine schmale Gasse mit einem Durchgang zur Donau. Vor dem Durchgang setzte sich dieses Gässchen gegen Westen zum unteren Hofberg fort und hieß Kleines Padgäßchen (1730, 1781), heute Badgasse",https://stadtgeschichte.linz.at/strassennamen/default.asp?action=strassendetail&ID=2037&hist=historisch,,,,,,,,,,Badgasse,X,1730,1781
strasse_historisch_2058,2058,Kopernikusstraße,St. Peter,Bestand zwischen 1932 und 1938 im Gebiet der heutigen VOEST-Alpine (siehe auch aktuelle Straßennamen),https://stadtgeschichte.linz.at/strassennamen/default.asp?action=strassendetail&ID=2058&hist=historisch,Nikolaus Kopernikus,Q619,,https://www.wikidata.org/wiki/Q619,Nicolaus Copernicus,male,astronomer,1473-02-19,1543-05-24,,M,1932,1938
strasse_historisch_2050,2050,Köstlingerstraße,Waldegg,"Von 1942 bis 1945 nach dem Fleischergehilfen Franz Köstlinger (1910-1934), der als Nationalsozialist bei einer politischen Auseinandersetzung ums Leben kam, heute Kuefsteinerstraße",https://stadtgeschichte.linz.at/strassennamen/default.asp?action=strassendetail&ID=2050&hist=historisch,Franz Köstlinger,,,,,,,,,Kuefsteinerstraße,M,1942,1945
strasse_historisch_2070,2070,Kreuzgasse,Linz,"Ab 1869 Bezeichnung für jenen Teil des Kroatendörfl, der 1913 in die Kroatengasse einbezogen, heute Kroatengasse",https://stadtgeschichte.linz.at/strassennamen/default.asp?action=strassendetail&ID=2070&hist=historisch,,,,,,,,,,Kroatengasse,X,1869,1913
strasse_historisch_2072,2072,Kreuzstraße,Kleinmünchen,"Vor 1929 Kreuzstraße in Scharlinz, heute Willingerstraße (siehe auch aktuelle Straßennamen)",https://stadtgeschichte.linz.at/strassennamen/default.asp?action=strassendetail&ID=2072&hist=historisch,,,,,,,,,,Willingerstraße,X,,1929
strasse_historisch_2075,2075,Kroatendörfl,Linz,"Vor 1893 Bezeichnung für die heutige Karl-Wiser-Straße, siehe auch Kroatengasse",https://stadtgeschichte.linz.at/strassennamen/default.asp?action=strassendetail&ID=2075&hist=historisch,,,,,,,,,,Karl-Wiser-Straße,X,,1869
strasse_historisch_2078,2078,Kronprinzessin-Stephanie-Straße,Urfahr,Zwischen 1881 und 1921 Bezeichnung für einen Teil der heutigen Flußgasse,https://stadtgeschichte.linz.at/strassennamen/default.asp?action=strassendetail&ID=2078&hist=historisch,Kronprinzessin Stephanie,Q170197,,https://www.wikidata.org/wiki/Q170197,Princess Stéphanie of Belgium,female,writer,1864-05-21,1945-08-23,Flußgasse,W,1881,1921
strasse_historisch_2079,2079,Kruchboden,Linz,Um 1710 Bezeichnung für den heutigen Hofberg,https://stadtgeschichte.linz.at/strassennamen/default.asp?action=strassendetail&ID=2079&hist=historisch,,,,,,,,,,Hofberg,X,um 1710,
strasse_historisch_2080,2080,Kruppstraße,Waldegg,"Von 1941 bis 1945 nach der in Deutschland ansässigen Industriellenfamilie, heute Hatschekstraße",https://stadtgeschichte.linz.at/strassennamen/default.asp?action=strassendetail&ID=2080&hist=historisch,,,,,,,,,,Hatschekstraße,M,1941,1945
strasse_historisch_2085,2085,Kürnberggasse,Linz,Von 1869 bis 1881 Bezeichnung für die heutige Lessingstraße,https://stadtgeschichte.linz.at/strassennamen/default.asp?action=strassendetail&ID=2085&hist=historisch,,,,,,,,,,Lessingstraße,X,1869,1881
strasse_historisch_2257,2257,Lammfeld,Linz,Vor 1869 Bezeichnung für einen Teil der heutigen Stockhofstraße,https://stadtgeschichte.linz.at/strassennamen/default.asp?action=strassendetail&ID=2257&hist=historisch,,,,,,,,,,Stockhofstraße,X,,1869
strasse_historisch_2258,2258,Lammwirtsfeld,Linz,Vor 1869 Bezeichnung für einen Teil der heutigen Stockhofstraße,https://stadtgeschichte.linz.at/strassennamen/default.asp?action=strassendetail&ID=2258&hist=historisch,,,,,,,,,,Stockhofstraße,X,,1869
strasse_historisch_2259,2259,Lammwirtsfeldgasse,Linz,Vor 1869 Bezeichnung für einen Teil der heutigen Stockhofstraße,https://stadtgeschichte.linz.at/strassennamen/default.asp?action=strassendetail&ID=2259&hist=historisch,,,,,,,,,,Stockhofstraße,X,,1869
strasse_historisch_2261,2261,Lammwirtssandgstetten,Linz,"Vor 1869 nach dem ehemaligen Gasthof Zum Weißen Lamm, heute Sandgasse",https://stadtgeschichte.linz.at/strassennamen/default.asp?action=strassendetail&ID=2261&hist=historisch,,,,,,,,,,Sandgasse,X,,1869
strasse_historisch_2260,2260,Lammwirtsteich,Linz,Vor 1869 Bezeichnung für einen Teil der heutigen Stockhofstraße,https://stadtgeschichte.linz.at/strassennamen/default.asp?action=strassendetail&ID=2260&hist=historisch,,,,,,,,,,Stockhofstraße,X,,1869
strasse_historisch_2262,2262,Lamplwirtsfeldgasse,Linz,"Vor 1869 Lange Lamplwirtsfeldgasse nach dem ehemaligen Gasthof Zum Weißen Lamm an der Herrenstraße, heute Langgasse",https://stadtgeschichte.linz.at/strassennamen/default.asp?action=strassendetail&ID=2262&hist=historisch,,,,,,,,,,Langgasse,X,,1869
strasse_historisch_2263,2263,Lamplwirtsgasse,Linz,"Bezeichnung um 1800 nach dem ehemaligen Gasthof Zum Weißen Lamm, heute Wurmstraße",https://stadtgeschichte.linz.at/strassennamen/default.asp?action=strassendetail&ID=2263&hist=historisch,,,,,,,,,,Wurmstraße,X,um 1800,
strasse_historisch_2265,2265,Landgerichtsgasse,Linz,"Um 1815 alte Landgerichtsgasse, heute Johannesgasse",https://stadtgeschichte.linz.at/strassennamen/default.asp?action=strassendetail&ID=2265&hist=historisch,,,,,,,,,,,,,
strasse_historisch_2267,2267,Landhausgasse,Linz,"Um 1800 Bezeichnung für das Straßenstück zwischen Hahnengasse und Klosterstraße, heute Teil der Altstadt",https://stadtgeschichte.linz.at/strassennamen/default.asp?action=strassendetail&ID=2267&hist=historisch,,,,,,,,,,,X,um 1800,
strasse_historisch_2268,2268,Landhausgraben,Linz,"Um 1781 Landhausgraben oder Oberer Graben nach der hier verlaufenden Stadtbefestigung, heute Promenade",https://stadtgeschichte.linz.at/strassennamen/default.asp?action=strassendetail&ID=2268&hist=historisch,,,,,,,,,,Promenade,X,um 1781,
strasse_historisch_2270,2270,Landwehrplatz,Linz und Lustenau,"Von 1934 bis 1946 Landwehrplatz zu Ehren des Linzer Landwehrregiments Nr. 2, das sich im Ersten Weltkrieg auszeichnete, heute Bulgariplatz",https://stadtgeschichte.linz.at/strassennamen/default.asp?action=strassendetail&ID=2270&hist=historisch,,,,,,,,,,Johannesgasse,X,um 1815,
strasse_historisch_2274,2274,Lange Gaßen,Linz,"1652 und 1730 Lange Gassen, heute Bischofstraße",https://stadtgeschichte.linz.at/strassennamen/default.asp?action=strassendetail&ID=2274&hist=historisch,,,,,,,,,,Bulgariplatz,X,1934,1946
strasse_historisch_2275,2275,Lange Lamplwirtsfeldgasse,Linz,"Vor 1869 Lange Lamplwirtsfeldgasse nach dem ehemaligen Gasthof Zum Weißen Lamm an der Herrenstraße, heute Langgasse",https://stadtgeschichte.linz.at/strassennamen/default.asp?action=strassendetail&ID=2275&hist=historisch,,,,,,,,,,Bischofstraße,X,1652,1730
strasse_historisch_2276,2276,Lange Rauchfangkehrergasse,Linz,"Um 1771 Lange oder Deutsche Rauchfangkehrergasse, später (ca. 1800-1869) Rauchfangkehrergasse (nach dem Haus 11), heute Bischofstraße",https://stadtgeschichte.linz.at/strassennamen/default.asp?action=strassendetail&ID=2276&hist=historisch,,,,,,,,,,Langgasse,X,,1869
strasse_historisch_2278,2278,Langothstraße,Linz,"1973-1986 Langothstraße nach dem Landeshauptmann-Stellvertreter und letzten nationalsozialistischen Oberbürgermeister Franz Langoth (1877-1953), heute Kaisergasse",https://stadtgeschichte.linz.at/strassennamen/default.asp?action=strassendetail&ID=2278&hist=historisch,,,,,,,,,,Bischofstraße,X,um 1771,
strasse_historisch_2282,2282,Lassallegasse,Kleinmünchen,"Von 1929 bis 1934 nach dem Schöpfer der deutschen sozialistischen Arbeiterpartei Ferdinand Lassalle (1825-1864), heute Schnopfhagenstraße",https://stadtgeschichte.linz.at/strassennamen/default.asp?action=strassendetail&ID=2282&hist=historisch,Franz Langoth,Q87220,,https://www.wikidata.org/wiki/Q87220,Franz Langoth,male,judge,1877-08-20,1953-04-17,Kaisergasse,M,1973,1986
strasse_historisch_2284,2284,Lazarettgasse,Linz,"Bis 1869 Lazarettgasse nach dem um die Mitte des 17. Jahrhunderts an dieser Straße (Haus Nr. 33) eingerichteten Pestlazarett, heute Lederergasse",https://stadtgeschichte.linz.at/strassennamen/default.asp?action=strassendetail&ID=2284&hist=historisch,Ferdinand Lassalle,Q75784,,https://www.wikidata.org/wiki/Q75784,Ferdinand Lassalle,male,writer,1825-04-11,1864-08-31,Schnopfhagenstraße,M,1929,1986
strasse_historisch_2286,2286,Leebstraße,Waldegg,"Von 1940 bis 1945 nach dem Polizeioberwachmann Franz Leeb (1902-1934), mitbeteiligt am nationalsozialistischen Juliputsch 1934, heute Jörgerstraße",https://stadtgeschichte.linz.at/strassennamen/default.asp?action=strassendetail&ID=2286&hist=historisch,Franz Leeb,,,,,,,,,Jörgerstraße,M,1940,1945
strasse_historisch_2289,2289,Leingruberstraße,St. Peter,"Von der Holzmüllerstraße zur Wahringerstraße. Benannt 1929 nach Martin Leingruber (auch Laingruber), einem Führer der Bauern des Hausruckkreises im Bauernkrieg des Jahres 1626. Straßenbezeichnung 1984 gelöscht.",https://stadtgeschichte.linz.at/strassennamen/default.asp?action=strassendetail&ID=2289&hist=historisch,Martin Leingruber,,,,,,,,,"Holzmüllerstraße, Währingerstraße",M,,1984
strasse_historisch_2290,2290,Leinwandmarkt,Linz,"Um 1644 Bezeichnung für den von der Kreuzung Hofberg - Hofgasse gebildeten Platz (auch Haarmarkt genannt), heute Teil des Hofberges",https://stadtgeschichte.linz.at/strassennamen/default.asp?action=strassendetail&ID=2290&hist=historisch,,,,,,,,,,Hofberg,X,um 1644,um 1644
strasse_historisch_2296,2296,Lenzlbauerngasse,Linz,"Nach dem Objekt Lederergasse 47 zur Ludlgasse verlaufend. 1815 erwähnt, nach dem gleichnamigen Bauerngut benannt. Aufgelassen",https://stadtgeschichte.linz.at/strassennamen/default.asp?action=strassendetail&ID=2296&hist=historisch,,,,,,,,,,Lederergasse,X,1815,
strasse_historisch_2232,2232,Linke Donaustraße,Urfahr,"Von 1921 bis 2009 Bezeichnung für die vom linken Brückenkopf der Nibelungenbrücke stromabwärts verlaufende Verkehrsfläche. Vor 1921 Donaustraße, heute Ars-Electronica-Straße",https://stadtgeschichte.linz.at/strassennamen/default.asp?action=strassendetail&ID=2232&hist=historisch,,,,,,,,,,Ars-Electronica-Straße,X,1921,2009
strasse_historisch_2234,2234,Linzer Straße,Kleinmünchen,Vor 1929 inoffizielle Bezeichnung für die heutige Denkstraße (siehe auch aktuelle Straßennamen),https://stadtgeschichte.linz.at/strassennamen/default.asp?action=strassendetail&ID=2234&hist=historisch,,,,,,,,,,Denkstraße,X,,1929
strasse_historisch_2243,2243,Lohwiesen,Kleinmünchen,"Von 1942 bis 1947, benannt nach der südlich davon liegenden Lohwiesen, heute Teil des Flötzerweges",https://stadtgeschichte.linz.at/strassennamen/default.asp?action=strassendetail&ID=2243&hist=historisch,,,,,,,,,,Flötzerweg,X,1942,1947
strasse_historisch_2240,2240,Löwenfeldstraße,Kleinmünchen,"Von 1925 bis 1938 nach Moriz Löwenfeld, Teilhaber der Kunstmühle in Kleinmünchen und Wohltäter dieser Gemeinde, heute Zeppelinstraße (siehe auch aktuelle Straßennamen)",https://stadtgeschichte.linz.at/strassennamen/default.asp?action=strassendetail&ID=2240&hist=historisch,Moriz Löwenfeld,,,,,,,,,Zeppelinstraße,M,1925,1938
strasse_historisch_2241,2241,Löwengasse,Urfahr,Hinter Rudolfstraße 1 und 3 zur Fiedlerstraße bzw. ursprünglich bis zur Ottensheimer Straße verlaufend. Benannt 1892 nach dem Gasthof Zum goldenen Löwen auf dem einstigen Urfahrer Platzl. Bezeichnung 1984 gelöscht.,https://stadtgeschichte.linz.at/strassennamen/default.asp?action=strassendetail&ID=2241&hist=historisch,,,,,,,,,,Fiedlerstraße,X,1892,1984
strasse_historisch_2249,2249,Ludlstraße,Linz,"Bezeichnung bis 1864, heute Holzstraße",https://stadtgeschichte.linz.at/strassennamen/default.asp?action=strassendetail&ID=2249&hist=historisch,,,,,,,,,,Holzstraße,X,,1864
strasse_historisch_3398,3398,Lustenauerstraße,Linz,siehe Bismarckstraße,https://stadtgeschichte.linz.at/strassennamen/default.asp?action=strassendetail&ID=3398&hist=historisch,,,,,,,,,,Bismarckstraße,X,1830,1869
strasse_historisch_2487,2487,Maitzenstraße,Lustenau,"Von 1940 bis 1945 nach dem Polizeioberwachmann Ludwig Maitzen (1905-1934), der am nationalsozialistischen Juliputsch 1934 mitbeteiligt war, heute Beringerstraße",https://stadtgeschichte.linz.at/strassennamen/default.asp?action=strassendetail&ID=2487&hist=historisch,Ludwig Maitzen,,,,,,,,,,,,
strasse_historisch_2495,2495,Maria-Theresia-Straße,Linz,"Von 1876 bis 1921 nach Kaiserin Maria Theresia (1717-1780), heute Beethovenstraße",https://stadtgeschichte.linz.at/strassennamen/default.asp?action=strassendetail&ID=2495&hist=historisch,Kaiserin Maria Theresia,Q131706,,https://www.wikidata.org/wiki/Q131706,Maria Theresa of Austria,female,aristocrat,1717-05-13,1780-11-29,Beethovenstraße,W,1876,1921
strasse_historisch_2501,2501,Marktplatz,Linz,"Von 1864 bis 1914 nach den dort seit 1857 abgehaltenen Linzer Märkten, heute Hessenplatz",https://stadtgeschichte.linz.at/strassennamen/default.asp?action=strassendetail&ID=2501&hist=historisch,,,,,,,,,,Hessenplatz,X,1864,1914
strasse_historisch_2502,2502,Marktplatz Urfahr,Urfahr,Bestand bis zur Umgestaltung des Urfahrer Brückenkopfes 1940 an der Ottensheimer Straße. Vielfach als Platzl bezeichnet. - Im 16. Jahrhundert Am Fleck und Unteres Ort.,https://stadtgeschichte.linz.at/strassennamen/default.asp?action=strassendetail&ID=2502&hist=historisch,,,,,,,,,,Ottensheimer Straße,X,,1940
strasse_historisch_2503,2503,Marktstraße,Linz,"Von 1864 bis 1935 Bezeichnung für den Straßenzug zwischen Harrachstraße und Hessenplatz, heute Dametzstraße",https://stadtgeschichte.linz.at/strassennamen/default.asp?action=strassendetail&ID=2503&hist=historisch,,,,,,,,,,Dametzstraße,X,1864,1935
strasse_historisch_2513,2513,Maximilianstraße,Urfahr,"Von 1875 bis 1921 nach dem Erbauer der Linzer Befestigungstürme Erzherzog Maximilian d'Este (1782-1863), heute Ottensheimer Straße",https://stadtgeschichte.linz.at/strassennamen/default.asp?action=strassendetail&ID=2513&hist=historisch,Erzherzog Maximilian d'Este,Q78549,,https://www.wikidata.org/wiki/Q78549,Archduke Maximilian of Austria-Este,male,military officer,1782-07-14,1863-06-01,Ottensheimer Straße,M,1875,1921
strasse_historisch_2518,2518,Mayrsdorfweg,Urfahr,Vom Bahnhof der Pöstlingbergbahn zur Hagenstraße verlaufend. Benannt 1905 nach dem bereits 1111 erwähnten Gut Mayrsdorf. Gelöscht 1984.,https://stadtgeschichte.linz.at/strassennamen/default.asp?action=strassendetail&ID=2518&hist=historisch,,,,,,,,,,,X,1905,1984
strasse_historisch_2534,2534,Mittelstraße,St. Peter,Aufgelassen 1921.,https://stadtgeschichte.linz.at/strassennamen/default.asp?action=strassendetail&ID=2534&hist=historisch,,,,,,,,,,,X,,1921
strasse_historisch_2539,2539,Mittlere Kapuzinerfeldgassen,Linz,Von 1730 bis 1781 Bezeichnung für die heutige Stifterstraße,https://stadtgeschichte.linz.at/strassennamen/default.asp?action=strassendetail&ID=2539&hist=historisch,,,,,,,,,,Stifterstraße,X,1730,1781
strasse_historisch_2540,2540,Möldersstraße,Urfahr,"Von 1942 bis 1945 nach dem Jagdflieger des Zweiten Weltkrieges Oberst Werner Mölders, heute Harruckerstraße",https://stadtgeschichte.linz.at/strassennamen/default.asp?action=strassendetail&ID=2540&hist=historisch,Werner Mölders,Q58641,,https://www.wikidata.org/wiki/Q58641,Werner Mölders,male,aircraft pilot,1913-03-18,1941-11-22,Harruckerstraße,M,1942,1945
strasse_historisch_2545,2545,Mollgasse,Linz,"Bezeichnung vor 1869 nach dem Schiffmeister Anton Moll, dem Besitzer des Hauses Nr. 2, heute Fabrikstraße",https://stadtgeschichte.linz.at/strassennamen/default.asp?action=strassendetail&ID=2545&hist=historisch,Anton Moll,,,,,,,,,Fabrikstraße,M,,1869
strasse_historisch_2546,2546,Moosbauerstraße,Urfahr,"Von 1942 bis 1945 nach dem Passauer NS-Oberbürgermeister Max Moosbauer, heute Hauserstraße",https://stadtgeschichte.linz.at/strassennamen/default.asp?action=strassendetail&ID=2546&hist=historisch,Max Moosbauer,Q1913069,,https://www.wikidata.org/wiki/Q1913069,Max Moosbauer,male,politician,1892-03-02,1968-11-10,Hauserstraße,M,1942,1945
strasse_historisch_2560,2560,Nagelgraben,Urfahr,"Vor 1875 Nagelgraben, heute Im Tal und Talgasse",https://stadtgeschichte.linz.at/strassennamen/default.asp?action=strassendetail&ID=2560&hist=historisch,,,,,,,,,,,X,,1875
strasse_historisch_2568,2568,Neue Bethlehemgasse,Linz,Von 1761 bis 1869 Bezeichnung für die heutige Marienstraße,https://stadtgeschichte.linz.at/strassennamen/default.asp?action=strassendetail&ID=2568&hist=historisch,,,,,,,,,,Marienstraße,X,1761,1869
strasse_historisch_2569,2569,Neue Ottensheimer Straße,Urfahr,Vor 1875 Bezeichnung für die heutige Rudolfstraße,https://stadtgeschichte.linz.at/strassennamen/default.asp?action=strassendetail&ID=2569&hist=historisch,,,,,,,,,,Rudolfstraße,X,,1875
strasse_historisch_2570,2570,Neue Prager Straße,Urfahr,Vor 1875 Bezeichnung für die heutige Blütenstraße,https://stadtgeschichte.linz.at/strassennamen/default.asp?action=strassendetail&ID=2570&hist=historisch,,,,,,,,,,Blütenstraße,X,,1875
strasse_historisch_2571,2571,Neue Spitzfeldgasse,Linz,Von 1815 bis 1869 Bezeichnung für den östlichen Teil der heutigen Harrachstraße,https://stadtgeschichte.linz.at/strassennamen/default.asp?action=strassendetail&ID=2571&hist=historisch,,,,,,,,,,Harrachstraße,X,1815,1869
strasse_historisch_2572,2572,Neue Welt,Linz,"Jener Teil der heutigen Adlergasse, der zwischen Neutorgasse und dem Ende der Sackgasse liegt, hieß um 1710 und 1771 Neue Welt, heute Adlergasse",https://stadtgeschichte.linz.at/strassennamen/default.asp?action=strassendetail&ID=2572&hist=historisch,,,,,,,,,,Adlergasse,X,1710,1771
strasse_historisch_2574,2574,Neuer Marktplatz,Urfahr,Von 1861 bis 1875 Bezeichnung für den heutigen Bernaschekplatz,https://stadtgeschichte.linz.at/strassennamen/default.asp?action=strassendetail&ID=2574&hist=historisch,,,,,,,,,,Bernaschekplatz,X,1861,1875
strasse_historisch_2575,2575,Neuer Weg,Linz,"Vor 1869 Neuer Weg gegen die Donau (einschließlich Wasserstiege), heute Schweizerhausgasse",https://stadtgeschichte.linz.at/strassennamen/default.asp?action=strassendetail&ID=2575&hist=historisch,,,,,,,,,,Schweizerhausgasse,X,,1869
strasse_historisch_2579,2579,Neugasse,Kleinmünchen,"Vor 1929 Neugasse in Scharlinz, heute Schumannstraße (siehe auch aktuelle Straßennamen)",https://stadtgeschichte.linz.at/strassennamen/default.asp?action=strassendetail&ID=2579&hist=historisch,,,,,,,,,,Schumannstraße,X,,1929
strasse_historisch_2581,2581,Neuhäusl,Linz,"Von 1730 bis 1825 Bezeichnung für jenen Teil der heutigen Landstraße, der ab der Langgasse stadtauswärts führt.",https://stadtgeschichte.linz.at/strassennamen/default.asp?action=strassendetail&ID=2581&hist=historisch,,,,,,,,,,Landstraße,X,1730,1825
strasse_historisch_2582,2582,Neuhäuslweg,Linz,Im 18. Jahrhundert Bezeichnung für die heutige Rainerstraße,https://stadtgeschichte.linz.at/strassennamen/default.asp?action=strassendetail&ID=2582&hist=historisch,,,,,,,,,,Rainerstraße,X,18. Jhdt.,18. Jhdt.
strasse_historisch_2585,2585,Neustiftgasse,Linz,Um 1771 Bezeichnung für die heutige Fabrikstraße,https://stadtgeschichte.linz.at/strassennamen/default.asp?action=strassendetail&ID=2585&hist=historisch,,,,,,,,,,Fabrikstraße,X,um 1771,
strasse_historisch_2587,2587,Neuweg,Linz und Waldegg,Bereits 1808 Bezeichnung für einen Teil der heutigen Römerstraße,https://stadtgeschichte.linz.at/strassennamen/default.asp?action=strassendetail&ID=2587&hist=historisch,,,,,,,,,,Römerstraße,X,1808,
strasse_historisch_2590,2590,Niedernharter Straße,Waldegg,"Seit 1913 Bezeichnung für das Straßenstück zwischen der Unionstraße und dem 1944 zerbombten Zehetnerhof. 1954 wurde dieser Teil in die Hanuschstraße einbezogen, heute Hanuschstraße (siehe auch aktuelle Straßennamen)",https://stadtgeschichte.linz.at/strassennamen/default.asp?action=strassendetail&ID=2590&hist=historisch,,,,,,,,,,Hanuschstraße,X,1913,1954
strasse_historisch_2595,2595,Nitschplatz,Linz,"Platz vor der Frauenklinik, begrenzt durch Nietzschestraße, Röntgenstraße, Leibnizstraße und Lederergasse. Benannt 1955 nach dem oberösterreichischen Baureformer Franz Nitsch (1877-1954). Gelöscht 1973.",https://stadtgeschichte.linz.at/strassennamen/default.asp?action=strassendetail&ID=2595&hist=historisch,Franz Nitsch,,,,,,,,,,M,1955,1973
strasse_historisch_2596,2596,Nöhmergang,Waldegg,"Von 1942 bis 1945 nach dem als Nationalsozialist ums Leben gekommenen Matthias Nöhmer (1916-1935), heute Geymanngang",https://stadtgeschichte.linz.at/strassennamen/default.asp?action=strassendetail&ID=2596&hist=historisch,Matthias Nöhmer,,,,,,,,,Geymanngang,M,1942,1945
strasse_historisch_2599,2599,Nußbaumgasse,Linz,"Bezeichnung von 1781 bis 1800, auch als Kapuzinergasse bezeichnet, heute Steingasse",https://stadtgeschichte.linz.at/strassennamen/default.asp?action=strassendetail&ID=2599&hist=historisch,,,,,,,,,,Steingasse,X,1781,1800
strasse_historisch_2603,2603,Obere Badgasse,Linz,"Bis 1869 nach dem früher dort situierten oberen Baderhaus, heute Badgasse",https://stadtgeschichte.linz.at/strassennamen/default.asp?action=strassendetail&ID=2603&hist=historisch,,,,,,,,,,Badgasse,X,,1869
strasse_historisch_2606,2606,Obere Lederergasse,Linz,Im 18. Jahrhundert Bezeichnung für die heutige Museumstraße,https://stadtgeschichte.linz.at/strassennamen/default.asp?action=strassendetail&ID=2606&hist=historisch,,,,,,,,,,Museumstraße,X,18. Jhdt.,18. Jhdt.
strasse_historisch_2607,2607,Obere Peissenfeldstraße,Linz,"Von 1815 bis 1869 Bezeichnung für das Straßenstück zwischen Harrachstraße und Elisabethstraße, heute Bethlehemstraße",https://stadtgeschichte.linz.at/strassennamen/default.asp?action=strassendetail&ID=2607&hist=historisch,,,,,,,,,,Bethlehemstraße,X,1815,1869
strasse_historisch_2608,2608,Obere Pfarrgasse,Linz,Im Spätmittelalter Bezeichnung für die heutige Pfarrgasse,https://stadtgeschichte.linz.at/strassennamen/default.asp?action=strassendetail&ID=2608&hist=historisch,,,,,,,,,,Pfarrgasse,X,Spätmittelalter,Spätmittelalter
strasse_historisch_2609,2609,Obere Wassertorgasse,Linz,"Um 1800 Bezeichnung für das Gassl beim Roten Krebsen, heute Hofberg",https://stadtgeschichte.linz.at/strassennamen/default.asp?action=strassendetail&ID=2609&hist=historisch,,,,,,,,,,Hofberg,X,um 1800,
strasse_historisch_2610,2610,Oberer Graben,Linz,"Um 1781 Oberer Graben oder Landhausgraben nach der hier verlaufenden Stadtbefestigung, heute Promenade",https://stadtgeschichte.linz.at/strassennamen/default.asp?action=strassendetail&ID=2610&hist=historisch,,,,,,,,,,Promenade,X,um 1781,
strasse_historisch_2611,2611,Oberer Neuweg,Linz,Vor 1869 Bezeichnung für einen Teil der heutigen Römerstraße,https://stadtgeschichte.linz.at/strassennamen/default.asp?action=strassendetail&ID=2611&hist=historisch,,,,,,,,,,Römerstraße,X,,1869
strasse_historisch_2612,2612,Oberes Ort,Urfahr,Im 16. Jahrhundert Bezeichnung für das heutige Steinmetzplatzl (alte inoffizielle Benennung),https://stadtgeschichte.linz.at/strassennamen/default.asp?action=strassendetail&ID=2612&hist=historisch,,,,,,,,,,Steinmetzplatzl,X,16. Jhdt.,
strasse_historisch_2613,2613,Oberes Primerfeld,Linz,"Von 1815 bis 1869 Bezeichnung für das Straßenstück zwischen Harrachstraße und der Eisernen Hand, heute Bethlehemstraße",https://stadtgeschichte.linz.at/strassennamen/default.asp?action=strassendetail&ID=2613&hist=historisch,,,,,,,,,,Bethlehemstraße,X,1815,1869
strasse_historisch_2616,2616,Obermüllerweg,Urfahr,"Von 1940 bis 1945 nach dem SA-Mann Fritz Obermüller, der beim nationalsozialistischen Putsch am 25. Juli 1934 ums Leben kam, heute Merianweg",https://stadtgeschichte.linz.at/strassennamen/default.asp?action=strassendetail&ID=2616&hist=historisch,Fritz Obermüller,,,,,,,,,Merianweg,M,1940,1945
strasse_historisch_2618,2618,Obermüllnerweg,Pöstlingberg,Von 1955 bis 1956 Bezeichnung für den heutigen Uppsalaweg,https://stadtgeschichte.linz.at/strassennamen/default.asp?action=strassendetail&ID=2618&hist=historisch,,,,,,,,,,Uppsalaweg,X,1955,1956
strasse_historisch_2632,2632,Pappelweg,Katzbach,"1976 Pappelweg nach der gleichnamigen Baumart, im selben Jahr auf Wunsch der Anrainer in Birkenweg geändert, diese Bezeichnung wurde wegen gleicher Bezeichnungen in den Anrainergemeinden Engerwitzdorf und Puchenau 1984 auf die heutige Bezeichnung Waldweg geändert.",https://stadtgeschichte.linz.at/strassennamen/default.asp?action=strassendetail&ID=2632&hist=historisch,,,,,,,,,,Waldweg,X,1976,1976
strasse_historisch_2634,2634,Paradiesgäßchen,Linz,"Nach 1771 Bezeichnung für das kleine Gässchen zum Haus Kaisergasse Nr. 9, heute Kaisergasse",https://stadtgeschichte.linz.at/strassennamen/default.asp?action=strassendetail&ID=2634&hist=historisch,,,,,,,,,,Kaisergasse,X,1771,
strasse_historisch_2640,2640,Peissenfeldstraße,Linz,"Von 1815 bis 1869 hieß das Straßenstück zwischen Harrachstraße und Elisabethstraße Obere Peissenfeldstraße, heute Bethlehemstraße",https://stadtgeschichte.linz.at/strassennamen/default.asp?action=strassendetail&ID=2640&hist=historisch,,,,,,,,,,Bethlehemstraße,X,1815,1869
strasse_historisch_2642,2642,Pernerstorferstraße,Lustenau,"Von 1931 bis 1934 nach dem sozialdemokratischen Redakteur und Politiker Engelbert Pernerstorfer (1850-1918), heute Schreberstraße",https://stadtgeschichte.linz.at/strassennamen/default.asp?action=strassendetail&ID=2642&hist=historisch,Engelbert Pernerstorfer,Q875141,,https://www.wikidata.org/wiki/Q875141,Engelbert Pernerstorfer,male,politician,1850-04-27,1918-01-06,Schreberstraße,M,1931,1934
strasse_historisch_2643,2643,Pestalozziplatz,Linz,"Von 1921 bis 1934 nach dem Pädagogen Johann Heinrich Pestalozzi (1746-1827), heute Hessenplatz",https://stadtgeschichte.linz.at/strassennamen/default.asp?action=strassendetail&ID=2643&hist=historisch,Johann Heinrich Pestalozzi,Q105428,,https://www.wikidata.org/wiki/Q105428,Johann Heinrich Pestalozzi,male,pedagogue,1746-01-12,1827-02-17,Hessenplatz,M,1921,1934
strasse_historisch_2647,2647,Petrinumstraße,Urfahr,"Von 1904 bis 1954 nach dem Knabenseminar Collegium Petrinum, heute Doppelbauerweg (siehe auch aktuelle Straßennamen)",https://stadtgeschichte.linz.at/strassennamen/default.asp?action=strassendetail&ID=2647&hist=historisch,,,,,,,,,,Doppelbauerweg,X,1904,1934
strasse_historisch_2649,2649,Petzoldstraße,Kleinmünchen,"Von 1929 bis 1934 nach dem sozialdemokratischen Schriftsteller Alfons Petzold (1882-1923), heute Pestalozzistraße (siehe auch aktuelle Straßennamen)",https://stadtgeschichte.linz.at/strassennamen/default.asp?action=strassendetail&ID=2649&hist=historisch,Alfons Petzold,Q1331377,,https://www.wikidata.org/wiki/Q1331377,Alfons Petzold,male,writer,1882-09-24,1923-01-25,Pestalozzistraße,M,1929,1934
strasse_historisch_2655,2655,Pferdeeisenbahnplatz,Urfahr,Vor 1889 Bezeichnung für den heutigen Hinsenkampplatz,https://stadtgeschichte.linz.at/strassennamen/default.asp?action=strassendetail&ID=2655&hist=historisch,,,,,,,,,,Hinsenkampplatz,X,,1889
strasse_historisch_2656,2656,Pfitznerstraße,Waldegg,"Von 1957 bis 2023 nach dem Komponisten Hans Pfitzner (1869-1949), heute Nauheimerstraße.",https://stadtgeschichte.linz.at/strassennamen/default.asp?action=strassendetail&ID=2656&hist=historisch,Hans Pfitzner,Q57358,,https://www.wikidata.org/wiki/Q57358,Hans Pfitzner,male,composer,1869-05-05,1949-05-22,Nauheimerstraße,M,1940,1945
strasse_historisch_2664,2664,Planettastraße,Lustenau,"Von 1940 bis 1945 nach dem Heeresangehörigen Otto Planetta (1899-1934), der am nationalsozialistischen Juliputsch 1934 hauptbeteiligt war, heute Hittmairstraße",https://stadtgeschichte.linz.at/strassennamen/default.asp?action=strassendetail&ID=2664&hist=historisch,Otto Planetta,Q87054,,https://www.wikidata.org/wiki/Q87054,Otto Planetta,male,politician,1899-08-02,1934-07-31,Hittmairstraße,M,1957,2023
strasse_historisch_2666,2666,Platz,Linz,"Im 15. Jahrhundert Am Platz, heute Hauptplatz",https://stadtgeschichte.linz.at/strassennamen/default.asp?action=strassendetail&ID=2666&hist=historisch,,,,,,,,,,Hauptplatz,X,15. Jhdt.,
strasse_historisch_2667,2667,Platz des 12. November,Linz,"Von 1921 bis 1934 nach dem Datum der Ausrufung der Republik am 12. November 1918, heute Hauptplatz",https://stadtgeschichte.linz.at/strassennamen/default.asp?action=strassendetail&ID=2667&hist=historisch,,,,,,,,,,Hauptplatz,X,1921,1934
strasse_historisch_2668,2668,Platzl,Linz,"Um 1771 Bezeichnung für die Verbreiterung der Kaisergasse bei der Abzweigung der Fabrikstraße, heute Kaisergasse",https://stadtgeschichte.linz.at/strassennamen/default.asp?action=strassendetail&ID=2668&hist=historisch,,,,,,,,,,Kaisergasse,X,um 1771,
strasse_historisch_2669,2669,Platzl,Urfahr,"Bezeichnung für den Marktplatz Urfahr, der bis zur Umgestaltung des Urfahrer Brückenkopfes 1940 an der Ottensheimer Straße bestand.",https://stadtgeschichte.linz.at/strassennamen/default.asp?action=strassendetail&ID=2669&hist=historisch,,,,,,,,,,,X,,1940
strasse_historisch_2672,2672,Pleschinger Straße,Katzbach,"Bezeichnung vor 1976, heute Further Straße (siehe auch aktuelle Straßennamen)",https://stadtgeschichte.linz.at/strassennamen/default.asp?action=strassendetail&ID=2672&hist=historisch,,,,,,,,,,Further Straße,X,,1976
strasse_historisch_2673,2673,Pliemstraße,Kleinmünchen,"1942-1945 Pliemstraße nach dem beim nationalsozialistischen Putsch am 25. Juli 1934 ums Leben gekommenen Hugo Pliem, heute Simonystraße",https://stadtgeschichte.linz.at/strassennamen/default.asp?action=strassendetail&ID=2673&hist=historisch,Hugo Pliem,,,,,,,,,Simonystraße,M,1942,1945
strasse_historisch_2679,2679,Polygonplatz,Waldegg und Lustenau,"Von 1903 bis 1934 Polygonplatz, heute Bulgariplatz",https://stadtgeschichte.linz.at/strassennamen/default.asp?action=strassendetail&ID=2679&hist=historisch,,,,,,,,,,Bulgariplatz,X,1903,1934
strasse_historisch_2681,2681,Popperleiten,Linz,"Um 1825 hieß die Gegend des heutigen Taubstummeninstitutes In der Popperleiten, heute Kapuzinerstraße",https://stadtgeschichte.linz.at/strassennamen/default.asp?action=strassendetail&ID=2681&hist=historisch,,,,,,,,,,Kapuzinerstraße,X,um 1825,
strasse_historisch_2682,2682,Porscheweg,Kleinmünchen,"Von 1954 bis 2023 nach dem Autokonstrukteur Ferdinand Porsche (1875-1951), heute Wittgensteinweg.",https://stadtgeschichte.linz.at/strassennamen/default.asp?action=strassendetail&ID=2682&hist=historisch,Ferdinand Porsche,Q57249,,https://www.wikidata.org/wiki/Q57249,Ferdinand Porsche,male,entrepreneur,1875-09-03,1951-01-30,Wittgensteinweg,M,1954,2023
strasse_historisch_2677,2677,Pöstlingbergstraße,Urfahr,"1902-1954 Pöstlingbergstraße, heute Petrinumstraße",https://stadtgeschichte.linz.at/strassennamen/default.asp?action=strassendetail&ID=2677&hist=historisch,,,,,,,,,,Petrinumstraße,X,1902,1954
strasse_historisch_2690,2690,Prennerpaulygassl,Linz,1815 Bezeichnung für eine vom Fritz-Lach-Weg nach Norden verlaufende Sackgasse.,https://stadtgeschichte.linz.at/strassennamen/default.asp?action=strassendetail&ID=2690&hist=historisch,,,,,,,,,,Fritz-Lach-Weg,X,1815,
strasse_historisch_2691,2691,Prienstraße,Urfahr,"Von 1942 bis 1945 nach dem U-Bootkommandanten des Zweiten Weltkrieges Günther Prien (1908-1941), heute Rieglstraße",https://stadtgeschichte.linz.at/strassennamen/default.asp?action=strassendetail&ID=2691&hist=historisch,Günther Prien,Q60245,,https://www.wikidata.org/wiki/Q60245,Günther Prien,male,military personnel,1908-01-16,1941-03-07,Rieglstraße,M,1942,1945
strasse_historisch_2692,2692,Primerfeld,Linz,"Von 1815 bis 1869 hieß das Straßenstück zwischen Harrachstraße und der Eisernen Hand Oberes Primerfeld, heute Bethlehemstraße",https://stadtgeschichte.linz.at/strassennamen/default.asp?action=strassendetail&ID=2692&hist=historisch,,,,,,,,,,Bethlehemstraße,X,1815,1869
strasse_historisch_2695,2695,Pritzstraße,Kleinmünchen,Bis 1981 Bezeichnung für den östlichen Straßenast der heutigen Enenkelstraße (siehe auch aktuelle Straßennamen),https://stadtgeschichte.linz.at/strassennamen/default.asp?action=strassendetail&ID=2695&hist=historisch,,,,,,,,,,Enenkelstraße,X,,1861
strasse_historisch_2697,2697,Prokschzeile,Urfahr,"Von 1941 bis 1945 führte das Teilstück zwischen der Freistädter- und der Leonfeldner Straße diese Bezeichnung nach dem Landesleiter der NSDAP Österreichs Alfred Proksch (1891-1981), heute Teil der Linken Brückenstraße",https://stadtgeschichte.linz.at/strassennamen/default.asp?action=strassendetail&ID=2697&hist=historisch,Alfred Proksch,Q90370,,https://www.wikidata.org/wiki/Q90370,Alfred Proksch,male,politician,1891-03-08,1981-01-03,Linke Brückenstraße,M,1941,1945
strasse_historisch_2700,2700,Pruedtboden,Linz,Um 1730 Bezeichnung für den heutigen Hofberg,https://stadtgeschichte.linz.at/strassennamen/default.asp?action=strassendetail&ID=2700&hist=historisch,,,,,,,,,,Hofberg,X,um 1930,
strasse_historisch_2702,2702,Prunerstiftgasse,Linz,Um 1771 Bezeichnung für die heutige Fabrikstraße,https://stadtgeschichte.linz.at/strassennamen/default.asp?action=strassendetail&ID=2702&hist=historisch,,,,,,,,,,Fabrikstraße,X,um 1771,
strasse_historisch_2706,2706,Pumpenmachergasse,Linz,1808 und 1825 Bezeichnung für die heutige Lessingstraße,https://stadtgeschichte.linz.at/strassennamen/default.asp?action=strassendetail&ID=2706&hist=historisch,,,,,,,,,,Lessingstraße,X,1808 und 1825,1869
strasse_historisch_2709,2709,Quergasse,Linz,Von 1850 bis 1869 Bezeichnung für die heutige Auerspergstraße (siehe auch aktuelle Straßenbezeichnung),https://stadtgeschichte.linz.at/strassennamen/default.asp?action=strassendetail&ID=2709&hist=historisch,,,,,,,,,,,,,
strasse_historisch_3482,3482,Querstraße,Katzbach,1925 bis 1957 Bezeichnung für die heutige Griesmayrstraße,https://stadtgeschichte.linz.at/strassennamen/default.asp?action=strassendetail&ID=3482&hist=historisch,,,,,,,,,,,X,1850.1925000000001,1869.1957
strasse_historisch_2722,2722,Rauchfangkehrergasse,Linz,"Um 1771 Lange oder Deutsche Rauchfangkehrergasse, später (ca. 1800-1869) Rauchfangkehrergasse (nach dem Haus 11), heute Bischofstraße",https://stadtgeschichte.linz.at/strassennamen/default.asp?action=strassendetail&ID=2722&hist=historisch,,,,,,,,,,Bischofstraße,X,1800,1869
strasse_historisch_2729,2729,Regnerweg,Urfahr,"Von 1940 bis 1945 nach dem beim nationalsozialistischen Putsch am 25. Juli 1934 ums Leben gekommenen SA-Mann Engelbert Regner, später (1945-1958) Vischerweg, heute Kubinweg",https://stadtgeschichte.linz.at/strassennamen/default.asp?action=strassendetail&ID=2729&hist=historisch,Engelbert Regner,,,,,,,,,Kubinweg,M,1940,1945
strasse_historisch_2737,2737,Reiterstraße,St. Peter,Bestand zwischen 1929 und 1938 im heutigen Gelände der VOEST-Alpine.,https://stadtgeschichte.linz.at/strassennamen/default.asp?action=strassendetail&ID=2737&hist=historisch,,,,,,,,,,,X,1929,1938
strasse_historisch_2740,2740,Rendlhofgasse,Linz,"Um 1771 führte der ehemals zur Ludlgasse verlaufender Ast der heutigen Kaisergasse diese Bezeichnung nach dem am Beginn der Ludlgasse gelegenen ehemaligen Rendlhof, heute Kaisergasse",https://stadtgeschichte.linz.at/strassennamen/default.asp?action=strassendetail&ID=2740&hist=historisch,,,,,,,,,,Kaisergasse,X,um 1771,
strasse_historisch_2742,2742,Reslweg,Lustenau,"Von 1955 bis 2023 nach dem Linzer Volksschriftsteller und Humoristen Franz Resl (1883-1954), heute Meinhartweg.",https://stadtgeschichte.linz.at/strassennamen/default.asp?action=strassendetail&ID=2742&hist=historisch,Franz Resl,Q1448684,,https://www.wikidata.org/wiki/Q1448684,Franz Resl,male,writer,1883-05-03,1954-01-06,Meinhartweg,M,1955,2023
strasse_historisch_2744,2744,Resselstraße,Urfahr,Vor 1973 kurzzeitige Bezeichnung für den heutigen Straßenzug Am Urfahraner Gewerbehof (siehe auch aktuelle Straßenbezeichnung),https://stadtgeschichte.linz.at/strassennamen/default.asp?action=strassendetail&ID=2744&hist=historisch,,,,,,,,,,Am Urfahraner Gewerbehof,X,,1973
strasse_historisch_2745,2745,Resselstraße,Urfahr,"Vom Heilhamerweg zur Freistädter Straße verlaufend, benannt 1933. Aufgelassen 1973",https://stadtgeschichte.linz.at/strassennamen/default.asp?action=strassendetail&ID=2745&hist=historisch,,,,,,,,,,Freistädter Straße,X,1933,1973
strasse_historisch_2749,2749,Richthofenstraße,Waldegg,"Von 1941 bis 1945 nach dem erfolgreichen Flieger des Ersten Weltkrieges Manfred Freiherr von Richthofen (1892-1918), heute Ramsauerstraße",https://stadtgeschichte.linz.at/strassennamen/default.asp?action=strassendetail&ID=2749&hist=historisch,Manfred von Richthofen,Q4701,,https://www.wikidata.org/wiki/Q4701,Manfred von Richthofen,male,military officer,1892-05-02,1918-04-21,Ramsauerstraße,M,1941,1945
strasse_historisch_2755,2755,Ringstraße,Linz,Von 1903 bis 1945 Bezeichnung für das Straßenstück zwischen Unterer Donaulände und Keplerstraße (heute Lederergasse).,https://stadtgeschichte.linz.at/strassennamen/default.asp?action=strassendetail&ID=2755&hist=historisch,,,,,,,,,,Lederergasse,X,1903,1945
strasse_historisch_2758,2758,Robert-Blum-Straße,Kleinmünchen,"Von 1929 bis 1934 nach dem radikaldemokratischen Politiker Robert Blum (1804-1848), vorher inoffiziell Linzer Straße, heute Denkstraße",https://stadtgeschichte.linz.at/strassennamen/default.asp?action=strassendetail&ID=2758&hist=historisch,Robert Blum,Q214977,,https://www.wikidata.org/wiki/Q214977,Robert Blum,male,politician,1807-11-10,1848-11-09,Denkstraße,M,1929,1934
strasse_historisch_2763,2763,Rohrauerstraße,Ebelsberg,"1932-1934 Alois-Rohrauer-Straße nach dem Begründer der Naturfreundebewegung Alois Rohrauer (1843-1923), heute Lißfeldstraße (siehe auch aktuelle Straßennamen Rohrauerweg)",https://stadtgeschichte.linz.at/strassennamen/default.asp?action=strassendetail&ID=2763&hist=historisch,Alois Rohrauer,Q55860053,,https://www.wikidata.org/wiki/Q55860053,Alois Rohrauer,male,,1843-02-28,1923-12-07,Lißfeldstraße,M,1932,1934
strasse_historisch_2769,2769,Rosengasse,Linz,Von 1612 bis 1644 Bezeichnung für die heutige Herrenstraße,https://stadtgeschichte.linz.at/strassennamen/default.asp?action=strassendetail&ID=2769&hist=historisch,,,,,,,,,,Herrenstraße,X,1612,1644
strasse_historisch_2771,2771,Rosenwirtsgasse,Urfahr,"Von 1857 bis 1875 nach dem Gasthaus Zur Rose, heute Rosenstraße",https://stadtgeschichte.linz.at/strassennamen/default.asp?action=strassendetail&ID=2771&hist=historisch,,,,,,,,,,Rosenstraße,X,1857,1875
strasse_historisch_2776,2776,Rudolfplatz,Urfahr,"Von 1875 bis 1921 nach dem Kronprinzen Erzherzog Rudolf (1858-1889), heute Bernaschekplatz",https://stadtgeschichte.linz.at/strassennamen/default.asp?action=strassendetail&ID=2776&hist=historisch,Kronprinz Erzherzog Rudolf,Q152923,,https://www.wikidata.org/wiki/Q152923,"Rudolf, Crown Prince of Austria",male,military officer,1858-08-21,1889-01-30,Bernaschekplatz,M,1875,1921
strasse_historisch_2784,2784,Salzamtgasse,Linz,"Um 1808 Bezeichnung für das Gassl beim Roten Krebsen, heute Hofberg",https://stadtgeschichte.linz.at/strassennamen/default.asp?action=strassendetail&ID=2784&hist=historisch,,,,,,,,,,Hofberg,X,um 1808,
strasse_historisch_2785,2785,Salzburger Reichsstraße,Kleinmünchen,Von 1929 bis 1968 Bezeichnung für die heutige Salzburger Straße,https://stadtgeschichte.linz.at/strassennamen/default.asp?action=strassendetail&ID=2785&hist=historisch,,,,,,,,,,Salzburger Straße,X,1929,1968
strasse_historisch_2787,2787,Samesstraße,Lustenau,Von der Heizhausstraße parallel zur A7 etwa in westlicher Richtung verlaufende und nach Norden biegende Sackgasse. Benannt 1979 nach dem Heimatforscher und Lehrer an der Eisenbahnfachschule Josef Sames (1862-1945). Ab 2020 Rechbergerstraße.,https://stadtgeschichte.linz.at/strassennamen/default.asp?action=strassendetail&ID=2787&hist=historisch,Josef Sames,Q55678420,,https://www.wikidata.org/wiki/Q55678420,Josef Sames,male,historian,1862-08-31,1945-07-21,Rechbergerstraße,M,1979,2020
strasse_historisch_2790,2790,Sandbachweg,Katzbach,Vor 1956 Bezeichnung für den heutigen Rotterdamweg,https://stadtgeschichte.linz.at/strassennamen/default.asp?action=strassendetail&ID=2790&hist=historisch,,,,,,,,,,Rotterdamweg,X,,1956
strasse_historisch_2792,2792,Sandgstettengasse,Linz,Vor 1869 Bezeichnung für die heutige Kroatengasse,https://stadtgeschichte.linz.at/strassennamen/default.asp?action=strassendetail&ID=2792&hist=historisch,,,,,,,,,,Kroatengasse,X,,1969
strasse_historisch_2796,2796,Saugasse,Linz,Um 1595 Bezeichnung für die heutige Herrenstraße,https://stadtgeschichte.linz.at/strassennamen/default.asp?action=strassendetail&ID=2796&hist=historisch,,,,,,,,,,Herrenstraße,X,um 1595,
strasse_historisch_2797,2797,Saureisstraße,Waldegg,"Von 1940 bis 1945 nach Franz Saureis (1904-1934), der am nationalsozialistischen Juliputsch 1934 beteiligt war, heute Pollheimerstraße",https://stadtgeschichte.linz.at/strassennamen/default.asp?action=strassendetail&ID=2797&hist=historisch,Franz Saureis,,,,,,,,,Pollheimerstraße,M,1940,1945
strasse_historisch_2875,2875,Schergengasse,Linz,"Von 1863 bis 1869 Bezeichnung für das Teilstück zwischen Bethlehemstraße und Harrachstraße, heute Fadingerstraße",https://stadtgeschichte.linz.at/strassennamen/default.asp?action=strassendetail&ID=2875&hist=historisch,,,,,,,,,,Rathausgasse,X,um 1710,
strasse_historisch_2882,2882,Schießstattgasse,Linz,"Von 1942 bis 1945 nach dem Laboranten Franz Seiringer (1886-1933), der als Nationalsozialist bei einer politischen Auseinandersetzung ums Leben kam, heute Schallenbergergang",https://stadtgeschichte.linz.at/strassennamen/default.asp?action=strassendetail&ID=2882&hist=historisch,,,,,,,,,,,X,1730,1771
strasse_historisch_2892,2892,Schliechtlgasse,Linz,1808 und 1825 Bezeichnung für die heutige Lessingstraße,https://stadtgeschichte.linz.at/strassennamen/default.asp?action=strassendetail&ID=2892&hist=historisch,Hans Schliechtl,,,,,,,,,Bethlehemstraße,M,1895,1730
strasse_historisch_2894,2894,Schloß(berg)gasse,Linz,"Vor 1869 nach dem schon im Spätmittelalter erwähnten Siechenhaus (1535 Siechenhaus im Weingarten), heute Bauernberg",https://stadtgeschichte.linz.at/strassennamen/default.asp?action=strassendetail&ID=2894&hist=historisch,,,,,,,,,,Hofgasse,X,um 1800,um 1825
strasse_historisch_2896,2896,Schloßgarten,Linz,"Von 1825 bis 1869 Bezeichnung für das Teilstück zwischen Guglauffahrt und Wurmgasse, heute Hopfengasse",https://stadtgeschichte.linz.at/strassennamen/default.asp?action=strassendetail&ID=2896&hist=historisch,,,,,,,,,,,X,,
strasse_historisch_2897,2897,Schloßstraße,Ebelsberg,"Von der Salzburger Straße zur Brunnenfeldstraße verlaufend. Benannt 1929 nach dem Haslacher Bäcker David Spatt, einem Feldhauptmann der Mühlviertler Bauern im Aufstand des Jahres 1626, der am 23. April 1627 in Linz hingerichtet wurde. Gelöscht 1984.",https://stadtgeschichte.linz.at/strassennamen/default.asp?action=strassendetail&ID=2897&hist=historisch,,,,,,,,,,Ebelsberger Schloßweg,X,,1954
strasse_historisch_2899,2899,Schmidgassen,Linz,"Vor 1439 nach dem Bürgerspital, heute Bethlehemstraße",https://stadtgeschichte.linz.at/strassennamen/default.asp?action=strassendetail&ID=2899&hist=historisch,,,,,,,,,,Domgasse,X,1612,1710
strasse_historisch_2908,2908,Schönererstraße,Urfahr,"Von 1825 bis 1869 Bezeichnung des Raumes zwischen Bethlehem-, Harrach- und Fadingerstraße, heute Bethlehemstraße",https://stadtgeschichte.linz.at/strassennamen/default.asp?action=strassendetail&ID=2908&hist=historisch,Georg von Schönerer,Q112005,,https://www.wikidata.org/wiki/Q112005,Georg Ritter von Schönerer,male,politician,1842-07-17,1921-08-14,Weigunystraße,M,1940,1945
strasse_historisch_2912,2912,Schossergasse,Kleinmünchen,"Neue Spitzfeldgasse, von 1815 bis 1869 Bezeichnung für den östlichen Teil der heutigen Harrachstraße",https://stadtgeschichte.linz.at/strassennamen/default.asp?action=strassendetail&ID=2912&hist=historisch,Anton Schosser,Q593939,,https://www.wikidata.org/wiki/Q593939,Anton Schosser,male,writer,1801-06-07,1849-07-26,Munschgasse,M,1934,1958
strasse_historisch_2921,2921,Schuhmeierstraße,Linz,"Bis 1950 inoffiziell nach dem ehemaligen Bahnhof der Pferdeeisenbahn Budweis-Linz-Gmunden bezeichnet, heute Marktplatz",https://stadtgeschichte.linz.at/strassennamen/default.asp?action=strassendetail&ID=2921&hist=historisch,Franz Schuhmeier,Q1031252,,https://www.wikidata.org/wiki/Q1031252,Franz Schuhmeier,male,writer,1864-07-11,1913-02-11,Böhmerwaldstraße,M,1932,1934
strasse_historisch_2923,2923,Schulgasse,Ebelsberg,Um 1710 Bezeichnung für die heutige Rathausgasse,https://stadtgeschichte.linz.at/strassennamen/default.asp?action=strassendetail&ID=2923&hist=historisch,,,,,,,,,,Marktmühlgasse,X,,1954
strasse_historisch_2924,2924,Schulplatz,Urfahr,"1730-1771 Schießstattgasse für den westlichen Teil der heutigen Fabrikstraße bis zur Kaserngasse, benannt nach der östlich der Kaserngasse gelegenen städtischen Schießstätte im Wörth (1640-1755)",https://stadtgeschichte.linz.at/strassennamen/default.asp?action=strassendetail&ID=2924&hist=historisch,,,,,,,,,,Hinsenkampplatz,X,1889,1910
strasse_historisch_2920,2920,Schützenstraße,Linz,"Von 1595 bis 1730 vermutlich nach dem 1535 bezeugten Hausbesitzer Hans Schliechtl, heute Bethlehemstraße",https://stadtgeschichte.linz.at/strassennamen/default.asp?action=strassendetail&ID=2920&hist=historisch,,,,,,,,,,Südtirolerstraße,X,1869,1931
strasse_historisch_2804,2804,"Seilerstätte, Seilergäßchen",Linz,"Um 1800 (Schlossgasse) und 1825 (Schloßberggasse) Bezeichnungen für das steile Straßenstück zwischen Altstadt und Schloss, heute Hofgasse",https://stadtgeschichte.linz.at/strassennamen/default.asp?action=strassendetail&ID=2804&hist=historisch,,,,,,,,,,Fadingerstraße,X,1863,1869
strasse_historisch_2805,2805,Seiringergang,Waldegg,Frühe Bezeichnung für den heutigen Tummelplatz,https://stadtgeschichte.linz.at/strassennamen/default.asp?action=strassendetail&ID=2805&hist=historisch,Franz Seiringer,,,,,,,,,Schallenbergergang,M,1942,1945
strasse_historisch_2811,2811,Sesselmachergasse,Linz,Vor 1954 Bezeichnung für den heutigen Ebelsberger Schloßweg,https://stadtgeschichte.linz.at/strassennamen/default.asp?action=strassendetail&ID=2811&hist=historisch,,,,,,,,,,Lessingstraße,X,1808,1825
strasse_historisch_2813,2813,Siecherbauernberg,Linz,Von 1612 bis 1710 Bezeichnung für die heutige Domgasse,https://stadtgeschichte.linz.at/strassennamen/default.asp?action=strassendetail&ID=2813&hist=historisch,,,,,,,,,,Bauernberg,X,,1869
strasse_historisch_2814,2814,Siecherbauernleiten,Linz,"Von 1940 bis 1945 nach dem Führer der Deutschnationalen Österreichs Georg von Schönerer (1842-1921), heute Weigunystraße",https://stadtgeschichte.linz.at/strassennamen/default.asp?action=strassendetail&ID=2814&hist=historisch,,,,,,,,,,Hopfengasse,X,1825,1869
strasse_historisch_2826,2826,Spattstraße,Kleinmünchen,"Von 1934 bis 1958 nach dem Mundartdichter Anton Schosser (1801-1849), heute Munschgasse",https://stadtgeschichte.linz.at/strassennamen/default.asp?action=strassendetail&ID=2826&hist=historisch,David Spatt,,,,,,,,,,M,1929,1984
strasse_historisch_2836,2836,Spitalgasse,Linz,"Von 1932 bis 1934 nach dem Wiener sozialdemokratischen Parteiführer Franz Schuhmeier (1864-1913), heute Böhmerwaldstraße",https://stadtgeschichte.linz.at/strassennamen/default.asp?action=strassendetail&ID=2836&hist=historisch,,,,,,,,,,Bethlehemstraße,X,,1439
strasse_historisch_2838,2838,Spitzfeld,Linz,"Bestand bis 1954, wurde dann in die Marktmühlgasse einbezogen.",https://stadtgeschichte.linz.at/strassennamen/default.asp?action=strassendetail&ID=2838&hist=historisch,,,,,,,,,,Bethlehemstraße,X,1825,1869
strasse_historisch_2839,2839,Spitzfeldgasse,Linz,Von 1889 bis 1910 Bezeichnung für den heutigen Hinsenkampplatz,https://stadtgeschichte.linz.at/strassennamen/default.asp?action=strassendetail&ID=2839&hist=historisch,,,,,,,,,,Neue Spitzfeldgasse,X,1815,1869
strasse_historisch_2939,2939,Stadlbauererstraße,Urfahr,Von 1869 bis 1931 Bezeichnung für die heutige Südtirolerstraße,https://stadtgeschichte.linz.at/strassennamen/default.asp?action=strassendetail&ID=2939&hist=historisch,,,,,,,,,,Aubergstraße,X,1892,1901
strasse_historisch_2945,2945,Starhembergplatz,Urfahr,Von 1892 bis 1901 Bezeichnung für den mittleren Teil der heutigen Aubergstraße (siehe auch aktuelle Straßennamen),https://stadtgeschichte.linz.at/strassennamen/default.asp?action=strassendetail&ID=2945&hist=historisch,Ernst Rüdiger Graf Starhemberg,Q78664,,https://www.wikidata.org/wiki/Q78664,Ernst Rüdiger Starhemberg,male,politician,1899-05-10,1959-03-15,Bernaschekplatz,M,1934,1938
strasse_historisch_2956,2956,Stelzerfeldstraße,Pöstlingberg,"Von 1934 bis 1938 nach dem Heimwehrführer Ernst Rüdiger Graf Starhemberg (1899-1956), heute Bernaschekplatz",https://stadtgeschichte.linz.at/strassennamen/default.asp?action=strassendetail&ID=2956&hist=historisch,,,,,,,,,,Stockholmweg,X,1955,1956
strasse_historisch_2959,2959,Sternbauerstraße,St. Peter,"Von 1955 bis 1956 nach einem Flurnamen, heute Stockholmweg",https://stadtgeschichte.linz.at/strassennamen/default.asp?action=strassendetail&ID=2959&hist=historisch,,,,,,,,,,Gaisbergerstraße,X,1929,1984
strasse_historisch_2968,2968,Stiftsgasse,Linz,Ursprünglich östlich der Westbahn auf der Höhe der Neuen Welt beginnend und etwa in südöstlicher Richtung zur Gaisbergerstraße verlaufend. Benannt 1929 nach einem Flurnamen. Gelöscht 1984,https://stadtgeschichte.linz.at/strassennamen/default.asp?action=strassendetail&ID=2968&hist=historisch,,,,,,,,,,Prunerstraße,X,um 1825,
strasse_historisch_2969,2969,Stiglitzgasse,Linz,Um 1825 Bezeichnung für die heutige Prunerstraße,https://stadtgeschichte.linz.at/strassennamen/default.asp?action=strassendetail&ID=2969&hist=historisch,,,,,,,,,,Tummelplatz,X,1456,1869
strasse_historisch_2972,2972,Stockhoffeldgasse,Linz,"Von 1456 bis 1869 Bezeichnung für die Verbindung zur Altstadt, heute Tummelplatz",https://stadtgeschichte.linz.at/strassennamen/default.asp?action=strassendetail&ID=2972&hist=historisch,,,,,,,,,,Gärtnerstraße,X,,1869
strasse_historisch_2847,2847,Straße der Sudetendeutschen,Linz,Vor 1869 Bezeichnung für die heutige Gärtnerstraße,https://stadtgeschichte.linz.at/strassennamen/default.asp?action=strassendetail&ID=2847&hist=historisch,,,,,,,,,,Böhmerwaldstraße,X,1938,1945
strasse_historisch_2849,2849,Straßerau,Linz und Lustenau,Von 1938 bis 1945. Die NS-Propaganda wollte damit an den Kampf der Deutschen unter der tschechischen Herrschaft erinnern. Heute Böhmerwaldstraße,https://stadtgeschichte.linz.at/strassennamen/default.asp?action=strassendetail&ID=2849&hist=historisch,,,,,,,,,,,X,,
strasse_historisch_2850,2850,Straßfelden,Linz,Einstmals inoffizielle Bezeichnung des linken unteren Teiles der Unteren Donaulände (siehe auch aktuelle Straßennamen),https://stadtgeschichte.linz.at/strassennamen/default.asp?action=strassendetail&ID=2850&hist=historisch,,,,,,,,,,Landstraße,X,16. Jhdt.,17. Jhdt.
strasse_historisch_2841,2841,Südbahnhof,Linz,siehe aktueller Straßenname Landstraße,https://stadtgeschichte.linz.at/strassennamen/default.asp?action=strassendetail&ID=2841&hist=historisch,,,,,,,,,,Marktplatz,X,,1950
strasse_historisch_2992,2992,Theaterplatz,Linz,Vor 1869 Bezeichnung für die heutige Promenade,https://stadtgeschichte.linz.at/strassennamen/default.asp?action=strassendetail&ID=2992&hist=historisch,,,,,,,,,,Promenade,X,,1869
strasse_historisch_2993,2993,Theresienstraße,Urfahr,"Von 1892 bis 1903 nach Kaiserin Maria Theresia (1717-1780), heute Schratzstraße",https://stadtgeschichte.linz.at/strassennamen/default.asp?action=strassendetail&ID=2993&hist=historisch,,,,,,,,,,Schratzstraße,W,1892,1903
strasse_historisch_2997,2997,Todtstraße,Waldegg,"Von 1941 bis 1945 Dr.-Todt-Straße nach dem deutschen Reichsminister für Bewaffnung und Munition Fritz Todt (1891-1942), heute Hanuschstraße",https://stadtgeschichte.linz.at/strassennamen/default.asp?action=strassendetail&ID=2997&hist=historisch,,,,,,,,,,Hanuschstraße,M,1941,1945
strasse_historisch_3000,3000,Totengang,Urfahr,"Vor 1875 Totengang wegen des benachbarten Friedhofs, heute Schulstraße",https://stadtgeschichte.linz.at/strassennamen/default.asp?action=strassendetail&ID=3000&hist=historisch,,,,,,,,,,Schulstraße,X,,1875
strasse_historisch_3006,3006,Treintstraße,Waldegg,"Von 1940 bis 1945 nach Karl Treint, der beim nationalsozialistischen Juliputsch 1934 erschossen wurde, heute Pechrerstraße",https://stadtgeschichte.linz.at/strassennamen/default.asp?action=strassendetail&ID=3006&hist=historisch,,,,,,,,,,Pechrerstraße,M,1940,1945
strasse_historisch_3394,3394,Turnergasse,Urfahr,"Von 1892 bis 1902, heute Jahnstraße",https://stadtgeschichte.linz.at/strassennamen/default.asp?action=strassendetail&ID=3394&hist=historisch,,,,,,,,,,,X,1892,1902
strasse_historisch_3012,3012,Udetstraße,Urfahr,"Von 1942 bis 1945 nach dem General der Flieger Ernst Udet (1896-1941), heute Strabergerstraße",https://stadtgeschichte.linz.at/strassennamen/default.asp?action=strassendetail&ID=3012&hist=historisch,Ernst Udet,Q57179,,https://www.wikidata.org/wiki/Q57179,Ernst Udet,male,aircraft pilot,1896-04-26,1941-11-17,Strabergerstraße,M,1941,1945
strasse_historisch_3016,3016,Uhrartingerstraße,Waldegg,"Von 1940 bis 1945 nach dem beim nationalsozialistischen Juliputsch 1934 erschossenen Karl Uhratinger, heute Thürheimerstraße",https://stadtgeschichte.linz.at/strassennamen/default.asp?action=strassendetail&ID=3016&hist=historisch,Karl Uhratinger,,,,,,,,,Thürheimerstraße,M,1940,1945
strasse_historisch_3017,3017,Umschlagplatz,Linz,Von der Nibelungenbrücke am rechten Donauufer stromabwärts (heute Donaupark). Benannt 1895 nach dem Donauumschlagplatz. Aufgelassen 1957 und in die Untere Donaulände einbezogen.,https://stadtgeschichte.linz.at/strassennamen/default.asp?action=strassendetail&ID=3017&hist=historisch,,,,,,,,,,Untere Donaulände,X,1895,1957
strasse_historisch_3020,3020,Unter dem Schmidtor,Linz,Vor 1864 Bezeichnung für die heutige Annagasse,https://stadtgeschichte.linz.at/strassennamen/default.asp?action=strassendetail&ID=3020&hist=historisch,,,,,,,,,,Annagasse,X,,1964
strasse_historisch_3019,3019,Unter der Eisenkammer,Linz,Vor 1869 Bezeichnung für die heutige Rechte Donaustraße,https://stadtgeschichte.linz.at/strassennamen/default.asp?action=strassendetail&ID=3019&hist=historisch,,,,,,,,,,Rechte Donaustraße,,,1869
strasse_historisch_3021,3021,Unterbergerstraße,Waldegg,"Von 1940 bis 1945 nach Franz Unterberger (1907-1934), beteiligt am nationalsozialistischen Juliputsch 1934, heute Losensteinerstraße",https://stadtgeschichte.linz.at/strassennamen/default.asp?action=strassendetail&ID=3021&hist=historisch,Franz Unterberger,,,,,,,,,Losensteinerstraße,M,1940,1945
strasse_historisch_3022,3022,Untere Badgasse,Linz,"Bis 1869 nach der bereits 1332 erwähnten Padstuben an der Froschau, heute Adlergasse",https://stadtgeschichte.linz.at/strassennamen/default.asp?action=strassendetail&ID=3022&hist=historisch,,,,,,,,,,Adlergasse,X,1332,1869
strasse_historisch_3024,3024,Untere Ortsgasse,Urfahr,Vor 1875 Bezeichnung für die heutige Kirchengasse,https://stadtgeschichte.linz.at/strassennamen/default.asp?action=strassendetail&ID=3024&hist=historisch,,,,,,,,,,Kirchengasse,X,,1875
strasse_historisch_3025,3025,Untere Pfarrgasse,Linz,"Von etwa 1500 bis 1710 Bezeichnung für die heutige Rathausgasse, um 1710 Schergengasse, dann wieder Untere Pfarrgasse",https://stadtgeschichte.linz.at/strassennamen/default.asp?action=strassendetail&ID=3025&hist=historisch,,,,,,,,,,Rathausgasse,,ca. 1500,1710
strasse_historisch_3026,3026,Unterer Graben,Linz,"Bis 1869 nach dem hier ehemals verlaufenden Stadtgraben, heute Graben",https://stadtgeschichte.linz.at/strassennamen/default.asp?action=strassendetail&ID=3026&hist=historisch,,,,,,,,,,Graben,X,,1869
strasse_historisch_3027,3027,Unteres Ort,Urfahr,"Platz zwischen Ottensheimer Straße und Oberer Donaustraße. Im 16. Jhd. Am Fleck und Unteres Ort, bis zur Umgestaltung des Urfahrer Brückenkopfes 1940 Marktplatz Urfahr, vielfach als Platzl bezeichnet.",https://stadtgeschichte.linz.at/strassennamen/default.asp?action=strassendetail&ID=3027&hist=historisch,,,,,,,,,,Ottensheimer Straße and Oberer Donaustraße,X,16. Jhdt.,1940
strasse_historisch_3028,3028,Untum,Urfahr,"Vor 1875 Bezeichnung für die heutige Fischergasse, Herkunft des Namens ungeklärt",https://stadtgeschichte.linz.at/strassennamen/default.asp?action=strassendetail&ID=3028&hist=historisch,,,,,,,,,,Fischergasse,X,,1875
strasse_historisch_3031,3031,Urfahrer Friedhofstraße,Urfahr,Von 1921 bis 1990 Bezeichnung für die heutige Friedrichstraße,https://stadtgeschichte.linz.at/strassennamen/default.asp?action=strassendetail&ID=3031&hist=historisch,,,,,,,,,,Friedrichstraße,X,1921,1990
strasse_historisch_3033,3033,Urfahrgasse,Urfahr,Von etwa 1586 bis 1875 Bezeichnung für die heutige Hauptstraße,https://stadtgeschichte.linz.at/strassennamen/default.asp?action=strassendetail&ID=3033&hist=historisch,,,,,,,,,,Hauptstraße,X,1586,1875
strasse_historisch_3040,3040,Versorgungshausstraße,Waldegg,"Von 1913 bis 1953 nach dem dort befindlichen Versorgungshaus, heute Wankmüllerhofstraße",https://stadtgeschichte.linz.at/strassennamen/default.asp?action=strassendetail&ID=3040&hist=historisch,,,,,,,,,,Wankmüllerhofstraße,X,1913,1953
strasse_historisch_3044,3044,Viktor-Adler-Straße,Lustenau,"Von 1931 bis 1934 Dr.-Viktor-Adler-Straße nach dem Mitbegründer der Sozialdemokratischen Partei Österreichs Viktor Adler (1852-1918), heute Stieglbauernstraße (siehe auch aktuelle Straßennamen)",https://stadtgeschichte.linz.at/strassennamen/default.asp?action=strassendetail&ID=3044&hist=historisch,Viktor Adler,Q366845,,https://www.wikidata.org/wiki/Q366845,Victor Adler,male,politician,1852-06-24,1918-11-11,Stieglbauernstraße,M,1931,1934
strasse_historisch_3045,3045,Vischerweg,Urfahr,"Von 1945 bis 1958 nach dem oberösterreichischen Topographen Georg Matthäus Vischer (1628-1696), heute Kubinweg",https://stadtgeschichte.linz.at/strassennamen/default.asp?action=strassendetail&ID=3045&hist=historisch,Georg Matthäus Vischer,Q86223,,https://www.wikidata.org/wiki/Q86223,Georg Matthäus Vischer,male,cartographer,1628-04-22,1696-12-13,Kubinweg,M,1945,1958
strasse_historisch_3393,3393,"Vorstadt, Innere, Mittlere, Äußere",Linz,siehe aktueller Straßenname Landstraße,https://stadtgeschichte.linz.at/strassennamen/default.asp?action=strassendetail&ID=3393&hist=historisch,,,,,,,,,,,X,1730,
strasse_historisch_3055,3055,Waaggasse,Linz,"Um 1800 nach der Stadtwaage (Altstadt 12), heute Tummelplatz",https://stadtgeschichte.linz.at/strassennamen/default.asp?action=strassendetail&ID=3055&hist=historisch,,,,,,,,,,Tummelplatz,X,um 1800,
strasse_historisch_3073,3073,Wassertorgasse,Linz,"Um 1800 Obere Wassertorgasse, Bezeichnung für das Gassl beim Roten Krebsen, heute Hofberg",https://stadtgeschichte.linz.at/strassennamen/default.asp?action=strassendetail&ID=3073&hist=historisch,,,,,,,,,,Hofberg,X,um 1800,
strasse_historisch_3078,3078,Weg zu den Felbern,Urfahr,"Ursprüngliche Bezeichnung für die heutige Kirchengasse, Felbern = Weidenbäume",https://stadtgeschichte.linz.at/strassennamen/default.asp?action=strassendetail&ID=3078&hist=historisch,,,,,,,,,,Kirchengasse,X,,
strasse_historisch_3079,3079,Weidenweg,Urfahr,Ursprünglich vor dem Objekt Freistädter Straße 176 etwa in südöstlicher Richtung zur Donau verlaufend. Benannt 1958 nach der einheimischen Baumart. Aufgelassen 1973.,https://stadtgeschichte.linz.at/strassennamen/default.asp?action=strassendetail&ID=3079&hist=historisch,,,,,,,,,,,X,1958,1973
strasse_historisch_3080,3080,Weigersdorferstraße,Waldegg,"Von 1940 bis 1945 nach Karl Weigersdorfer, der beim nationalsozialistischen Juliputsch 1934 ums Leben kam, heute Scherfenbergstraße",https://stadtgeschichte.linz.at/strassennamen/default.asp?action=strassendetail&ID=3080&hist=historisch,Karl Weigersdorfer,,,,,,,,,Scherfenbergstraße,M,1940,1945
strasse_historisch_3081,3081,Weigunyplatz,Urfahr,"Von 1921 bis 1934 nach dem sozialdemokratischen Gemeinderat und Reichsratsabgeordneten Anton Weiguny (1851-1914), heute Bernaschekplatz",https://stadtgeschichte.linz.at/strassennamen/default.asp?action=strassendetail&ID=3081&hist=historisch,Anton Weiguny,Q21404581,,https://www.wikidata.org/wiki/Q21404581,Anton Weiguny,male,politician,1851-03-29,1914-12-14,Bernaschekplatz,M,1921,1934
strasse_historisch_3085,3085,Weingarten,Linz,"Bis 1869 Bezeichnung für das Straßenstück zwischen Klammstraße und Hopfengasse, heute Kapuzinerstraße",https://stadtgeschichte.linz.at/strassennamen/default.asp?action=strassendetail&ID=3085&hist=historisch,,,,,,,,,,Kapuzinerstraße,X,,1869
strasse_historisch_3090,3090,Weiße Bockwirtsgasse,Linz und Waldegg,"Vor 1869 nach dem gleichnamigen Gasthaus, heute Bockgasse",https://stadtgeschichte.linz.at/strassennamen/default.asp?action=strassendetail&ID=3090&hist=historisch,,,,,,,,,,Bockgasse,X,,1869
strasse_historisch_3094,3094,Welser Reichsstraße,Kleinmünchen,Vor 1929 Bezeichnung für die heutige Salzburger Straße,https://stadtgeschichte.linz.at/strassennamen/default.asp?action=strassendetail&ID=3094&hist=historisch,,,,,,,,,,Salzburger Straße,X,,1929
strasse_historisch_3092,3092,Welsergäßchen,Linz,"Vom 15. Jahrhundert an bis etwa 1869 Bezeichnung für den Teil vom Graben bis zum Haus Museumstraße 11, heute Museumstraße",https://stadtgeschichte.linz.at/strassennamen/default.asp?action=strassendetail&ID=3092&hist=historisch,,,,,,,,,,Museumstraße,X,15. Jhdt.,1869
strasse_historisch_3093,3093,Welsergasse,Linz,Von 1644 bis 1710 Bezeichnung für die heutige Herrenstraße,https://stadtgeschichte.linz.at/strassennamen/default.asp?action=strassendetail&ID=3093&hist=historisch,,,,,,,,,,Herrenstraße,X,1644,1710
strasse_historisch_3100,3100,Weyerhofgasse,Linz,Bis 1869 Bezeichnung für die heutige Hirschgasse,https://stadtgeschichte.linz.at/strassennamen/default.asp?action=strassendetail&ID=3100&hist=historisch,,,,,,,,,,Hirschgasse,X,,1869
strasse_historisch_3428,3428,Wiener Reichsstraße,Lustenau und Waldegg,Bis 1968 Bezeichnung für die heutige Wiener Straße.,https://stadtgeschichte.linz.at/strassennamen/default.asp?action=strassendetail&ID=3428&hist=historisch,,,,,,,,,,Wiener Straße,X,,1968
strasse_historisch_3104,3104,Wilhelm-Weitling-Straße,Waldegg,"Von 1932 bis 1934 nach dem sozialistischen Schriftsteller Wilhelm Weitling (1808-1871), heute Krackowizerstraße",https://stadtgeschichte.linz.at/strassennamen/default.asp?action=strassendetail&ID=3104&hist=historisch,Wilhelm Weitling,Q215808,,https://www.wikidata.org/wiki/Q215808,Wilhelm Weitling,male,opinion journalist,1808-10-05,1871-01-25,Krackowizerstraße,M,1932,1934
strasse_historisch_3110,3110,Windischstraße,Urahr,"Benannt 1942 nach dem Ritterkreuzträger des Zweiten Weltkrieges Oberst Alois Windisch, heute Vittorellistraße",https://stadtgeschichte.linz.at/strassennamen/default.asp?action=strassendetail&ID=3110&hist=historisch,Alois Windisch,Q88597,,https://www.wikidata.org/wiki/Q88597,Alois Windisch,male,military officer,1892-02-03,1958-12-28,Vittorellistraße,M,1942,
strasse_historisch_3112,3112,Wirtschaftshofstraße,Lustenau,Von 1921 bis 1955 Bezeichnung für die heutige Petzoldstraße,https://stadtgeschichte.linz.at/strassennamen/default.asp?action=strassendetail&ID=3112&hist=historisch,,,,,,,,,,Petzoldstraße,X,1921,1955
strasse_historisch_3115,3115,Wohlrabstraße,Lustenau,"Von 1940 bis 1945 nach dem Polizeiwachmann Erich Wohlrab (1908-1934), der am nationalsozialistischen Juliputsch 1934 beteiligt war, heute Cremeristraße",https://stadtgeschichte.linz.at/strassennamen/default.asp?action=strassendetail&ID=3115&hist=historisch,Erich Wohlrab,,,,,,,,,Cremeristraße,M,1940,1940
strasse_historisch_3125,3125,Wurmgasse,Linz,Um 1800 Bezeichnung für die heutige Stifterstraße,https://stadtgeschichte.linz.at/strassennamen/default.asp?action=strassendetail&ID=3125&hist=historisch,,,,,,,,,,Stifterstraße,X,1800,
strasse_historisch_3126,3126,Wurmigstraße,Lustenau,"Von 1940 bis 1945 nach Friedrich Wurmig (1908-1934), der am nationalsozialistischen Juliputsch 1934 beteiligt war, heute Bleibtreustraße",https://stadtgeschichte.linz.at/strassennamen/default.asp?action=strassendetail&ID=3126&hist=historisch,Friedrich Wurmig,,,,,,,,,Bleibtreustraße,M,1940,1945
strasse_historisch_3131,3131,Zaunermühlstraße,Kleinmünchen,"Von 1952 bis 1955 nach der ehemaligen Zaunermühle, heute Bäckermühlweg",https://stadtgeschichte.linz.at/strassennamen/default.asp?action=strassendetail&ID=3131&hist=historisch,,,,,,,,,,Bäckermühlweg,X,1952,1955
strasse_historisch_3146,3146,Ziegelstadelstraße,Linz,Um 1815 Bezeichnung für einen Teil der heutigen Donatusgasse und des Schulertals,https://stadtgeschichte.linz.at/strassennamen/default.asp?action=strassendetail&ID=3146&hist=historisch,,,,,,,,,,Donatusgasse,X,um 1815,
strasse_historisch_3149,3149,Zimmerplätze,Linz,Von 1800 bis 1825 Bezeichnung für die heutige Zollamtstraße,https://stadtgeschichte.linz.at/strassennamen/default.asp?action=strassendetail&ID=3149&hist=historisch,,,,,,,,,,Zollamtstraße,X,1800,1825
strasse_historisch_3151,3151,Zizlauer Straße,St. Peter,Bestand von 1929 bis 1938,https://stadtgeschichte.linz.at/strassennamen/default.asp?action=strassendetail&ID=3151&hist=historisch,,,,,,,,,,,X,1929,1938
strasse_historisch_3152,3152,Zöhrdorfer Straße,Kleinmünchen,"Vor 1954 inoffizielle Bezeichnung nach dem gleichnamigen Bauernhof, heute Neubauzeile",https://stadtgeschichte.linz.at/strassennamen/default.asp?action=strassendetail&ID=3152&hist=historisch,,,,,,,,,,Neubauzeile,X,,1954
strasse_historisch_3156,3156,Zolneygaßl,Urfahr,"Vor 1875 nach dem Baumeister Alexander Zolney, der den Ausbau der Straße 1862 begonnen hatte, heute Kapellenstraße",https://stadtgeschichte.linz.at/strassennamen/default.asp?action=strassendetail&ID=3156&hist=historisch,Alexander Zolney,,,,,,,,,Kapellenstraße,M,1862,1875
strasse_historisch_3153,3153,Zössergäßl,Urfahr,"Von 1672 bis 1857 nach einem abgekommenen Hausnamen (auch Zölzergasse), heute Rosenstraße",https://stadtgeschichte.linz.at/strassennamen/default.asp?action=strassendetail&ID=3153&hist=historisch,,,,,,,,,,Rosenstraße,X,1672,1857
strasse_historisch_3158,3158,Zum Bergschlößl,Linz,Bis 1869 Bezeichnung für die heutige Bergschlößlgasse,https://stadtgeschichte.linz.at/strassennamen/default.asp?action=strassendetail&ID=3158&hist=historisch,,,,,,,,,,Bergschlößlgasse,X,,1869
strasse_historisch_3159,3159,Zum Großen Christoph,Linz,"Jener Teil der heutigen Adlergasse, der zwischen Neutorgasse und dem Ende der Sackgasse liegt, hieß um 1800 Zum Großen Christoph, heute Adlergasse",https://stadtgeschichte.linz.at/strassennamen/default.asp?action=strassendetail&ID=3159&hist=historisch,,,,,,,,,,Adlergasse,,um 1800,
strasse_historisch_3160,3160,Zum Kroatendorfl,Linz,"Vor 1893 Bezeichnung für die heutige Karl-Wiser-Straße, siehe auch aktueller Straßenname Kroatengasse",https://stadtgeschichte.linz.at/strassennamen/default.asp?action=strassendetail&ID=3160&hist=historisch,,,,,,,,,,Karl-Wiser-Straße,X,,1893
strasse_historisch_3161,3161,Zwerchgasse,Linz,"Von 1673 bis 1761 Bezeichnung für die kurze Sackgasse vom Graben aus (zwerch bedeutet quer), heute Marienstraße",https://stadtgeschichte.linz.at/strassennamen/default.asp?action=strassendetail&ID=3161&hist=historisch,,,,,,,,,,Marienstraße,X,1973,1761
strasse_historisch_3392,3392,Zwergfeldgasse,Linz und Lustenau,1730 für den Teil der Hafnerstraße bis zur Stifterstraße,https://stadtgeschichte.linz.at/strassennamen/default.asp?action=strassendetail&ID=3392&hist=historisch,,,,,,,,,,Hafnerstraße,X,1903,
