id,quell_id,name,katastralgemeinde,beschreibung,detail_url,strasse_wikidata_id,strasse_wikidata_url,benannt_nach,person_wikidata_id,weitere_person_wikidata_ids,person_wikidata_url,person_name,person_geschlecht,person_beruf,person_geburtsdatum,person_sterbedatum
strasse_918,918,Achleitnerstraße,Ebelsberg,Vom Hauderweg parallel zur Kremsmünsterer Straße verlaufende Sackgasse. Benannt 1974 nach dem Ebelsberger Gemeindearzt und Mitglied des Gemeindeausschusses Dr. Viktor Achleitner (1872-1961).,https://www.linz.at/strassennamen/Default.asp?action=strassendetail&ID=918,,,Viktor Achleitner,,,,,,,,
strasse_919,919,Ackerlweg,Pöstlingberg,Gegenüber dem Objekt Gründbergstraße 65 etwa in nördlicher Richtung zur Höllmühlstraße verlaufend. Benannt 1955 nach dem ehemaligen Ackerlhäusl.,https://www.linz.at/strassennamen/Default.asp?action=strassendetail&ID=919,,,,,,,,,,,
strasse_920,920,Adalbert-Stifter-Platz,Linz,Umfaßt den ehemaligen sogenannten Zollamtplatz unter Einschluß des bisher unbenannten Teilstückes zwischen Zollamtstraße und Unterer Donaulände. Benannt 1990 nach dem österreichischen Dichter Adalbert Stifter (1805-1868).,https://www.linz.at/strassennamen/Default.asp?action=strassendetail&ID=920,Q107102786,https://www.wikidata.org/wiki/Q107102786,Adalbert Stifter,Q168542,,https://www.wikidata.org/wiki/Q168542,Adalbert Stifter,male,writer,1805-10-23,1868-01-28
strasse_921,921,Adelheid-Popp-Weg,Kleinmünchen,"Von der Hallestraße etwa in südwestlicher Richtung zur Kreiskystraße verlaufend. Benannt 1992 nach der sozialdemokratischen Politikerin, Redakteurin und Schriftstellerin Adelheid Popp (1869 - 1939).",https://www.linz.at/strassennamen/Default.asp?action=strassendetail&ID=921,,,Adelheid Popp,Q34391,,https://www.wikidata.org/wiki/Q34391,Adelheid Popp,female,journalist,1869-02-11,1939-03-07
strasse_922,922,Adlergasse,Linz,"Vom Hauptplatz heute unterbrochen durch den Bau des Finanzgebäudes Ost gegen Osten verlaufende Sackgasse. Benannt nach dem ehemaligen in dieser Gasse liegenden Gasthof Zum goldenen Adler. - Bis 1869 Untere Badgasse nach der bereits 1332 erwähnten Padstuben an der Froschau. Das Ende der Sackgasse ab der Neutorgasse hatte verschiedene Namen Neue Welt 1710, 1771, Froschengaßl 1730, In der Arschgarben, Arschkerben 1800 und Zum Großen Christoph.",https://www.linz.at/strassennamen/Default.asp?action=strassendetail&ID=922,,,,,,,,,,,
strasse_924,924,Adolf-Dietel-Weg,Kleinmünchen,Nach dem Objekt Angererhofweg 6 etwa in westsüdwestlicher Richtung zum Hauschildweg verlaufend. Benannt 1978 nach dem Ausschussmitglied des Linzer Arbeiterbildungsvereines Adolf Dietel 1840-1909.,https://www.linz.at/strassennamen/Default.asp?action=strassendetail&ID=924,,,Adolf Dietel,,,,,,,,
strasse_926,926,Adolf-Schärf-Straße,Katzbach,Parallel zur Karl-Renner-Straße etwa in nordöstlicher Richtung zur Michael-Hainisch-Straße verlaufend. Benannt 1972 nach dem sozialistischen Politiker und Bundespräsidenten Adolf Schärf 1890-1965.,https://www.linz.at/strassennamen/Default.asp?action=strassendetail&ID=926,,,Adolf Schärf,Q72898,,https://www.wikidata.org/wiki/Q72898,Adolf Schärf,male,politician,1890-04-20,1965-02-28
strasse_936,936,Afritschweg,Ebelsberg,Nach dem Objekt Hartheimerstraße 26 etwa in südlicher Richtung verlaufende Sackgasse. Benannt 1986 nach dem Gründer der Kinderfreunde Anton Afritsch 1873-1924.,https://www.linz.at/strassennamen/Default.asp?action=strassendetail&ID=936,,,Anton Afritsch,,,,,,,,
strasse_3476,3476,Agathe-Schwabenau-Weg,Ufer,Von der Fischerfeldstraße in Richtung Südsüdwest abzweigende Sackgasse. Benannt 2022 nach der Malerin Agathe Schwabenau (1857–1950).,https://www.linz.at/strassennamen/Default.asp?action=strassendetail&ID=3476,,,Agathe Schwabenau,Q109285700,,https://www.wikidata.org/wiki/Q109285700,Agathe von Schwabenau,female,painter,1857-09-23,1950-01-01
strasse_937,937,Ahornweg,Katzbach,Von der Freistädter Straße nach dem Objekt Nr. 405 in nördlicher Richtung und dann im Bogen zum Statznergutweg verlaufend. Benannt 1958 nach der einheimischen Baumart.,https://www.linz.at/strassennamen/Default.asp?action=strassendetail&ID=937,,,,,,,,,,,
strasse_938,938,Aicherweg,Ebelsberg,Nach dem Objekt Kremsmünsterer Straße 71 etwa in südöstlicher Richtung zum Beuttlerweg verlaufend. Benannt 1954 nach dem ältesten bekannten Marktrichter von Ebelsberg 1478 Wolfgang Aicher.,https://www.linz.at/strassennamen/Default.asp?action=strassendetail&ID=938,,,Wolfgang Aicher,,,,,,,,
strasse_940,940,Aigengutstraße,Lustenau,Von der St.-Peter-Straße etwa in südlicher Richtung zur Werkseinfahrt der voestalpine verlaufend. Benannt 1980 nach dem ehemaligen Bauerngut Mair zu Aigen. - Von 1921-1973 bestand ein Straßenzug dieses Namens von der ehemaligen Posseltbrücke (heute Überführung der Westbahn im Zuge der A7) zur St.-Peter-Straße.,https://www.linz.at/strassennamen/Default.asp?action=strassendetail&ID=940,,,,,,,,,,,
strasse_943,943,Albert-Schöpf-Straße,Kleinmünchen,"Von der Europastraße gegenüber der Einmündung der Wieningerstraße halbkreisförmig verlaufend. Benannt 1983 nach dem Vorstand der Wohnungsaktiengesellschaft Dr. Albert Schöpf (1906-1980), der sich um den sozialen Wohnbau besonders verdient gemacht hat.",https://www.linz.at/strassennamen/Default.asp?action=strassendetail&ID=943,,,Albert Schöpf,Q2638806,,https://www.wikidata.org/wiki/Q2638806,Albert Schöpf,male,politician,1906-04-29,1980-10-05
strasse_3477,3477,Alice-Harnoncourt-Platz,Pöstlingberg,"Vorplatz vor dem Haupteingang zur Anton Bruckner Privatuniversität, benannt 2023 nach Alice Harnoncourt (1930–2022), Konzertmeisterin und Violinistin.",https://www.linz.at/strassennamen/Default.asp?action=strassendetail&ID=3477,,,Alice Harnoncourt,Q87139,,https://www.wikidata.org/wiki/Q87139,Alice Harnoncourt,female,violinist,1930-09-26,2022-07-20
strasse_945,945,Alleitenweg,Kleinmünchen,Vom Objekt Flötzerweg 10 etwa in südwestlicher bzw. südlicher Richtung verlaufende Sackgasse. Benannt 1960 nach einem Flurnamen.,https://www.linz.at/strassennamen/Default.asp?action=strassendetail&ID=945,Q106634991,https://www.wikidata.org/wiki/Q106634991,,,,,,,,,
strasse_946,946,Allendeplatz,Kleinmünchen,"Platz vor den Gebäuden der Volksschule, des Horts und Jugendclubs sowie der Mutterberatung Auwiesen. Benannt 1989 nach dem chilenischen Staatspräsidenten Salvador Allende (1908-1973), der im Zuge des Militärputsches unter Augusto Pinochet 1973 Selbstmord beging.",https://www.linz.at/strassennamen/Default.asp?action=strassendetail&ID=946,,,Salvador Allende,Q440,,https://www.wikidata.org/wiki/Q440,Salvador Allende,male,politician,1908-06-26,1973-09-11
strasse_950,950,Altenberger Straße,Katzbach,Nach dem Objekt Freistädter Straße 305 etwa in nordöstlicher Richtung über Auhof bis zur Stadtgrenze mit Altenberg verlaufend. Benannt 1954. Richtungsbezeichnung.,https://www.linz.at/strassennamen/Default.asp?action=strassendetail&ID=950,,,,,,,,,,,
strasse_952,952,Alter Markt,Linz,"Vom Straßenzug der Altstadt und der Hahnengasse gebildeter Platz, der bis nach dem 2. Weltkrieg verbaut war. Benannt 1960 zur Erinnerung an den hochmittelalterlichen Marktplatz, der bei archäologischen Grabungen im Jahre 1959 freigelegt wurde.",https://www.linz.at/strassennamen/Default.asp?action=strassendetail&ID=952,Q106634992,https://www.wikidata.org/wiki/Q106634992,,,,,,,,,
strasse_953,953,Altomontestraße,Urfahr,Nach dem Objekt Kaltenhauserstraße 7 etwa in nordwestlicher Richtung zur Ontlstraße verlaufend. Benannt 1954 nach dem unter anderem in Linz in der Barockzeit tätigen Malergeschlecht Altomonte.,https://www.linz.at/strassennamen/Default.asp?action=strassendetail&ID=953,,,,,,,,,,,
strasse_954,954,Altstadt,Linz,"Nach dem Objekt Hofgasse 15 etwa in südlicher bzw. südsüdöstlicher Richtung zur Klosterstraße verlaufend. Altbenannt. - Die Bezeichnung Altstadt für die ehemals vorbabenbergische Siedlung findet sich erstmals 1334, später dann einschränkend Altstadtgasse. 1800 wurde der Teil zwischen Hahnengasse und Klosterstraße als Landhausgasse bezeichnet.",https://www.linz.at/strassennamen/Default.asp?action=strassendetail&ID=954,Q106634993,https://www.wikidata.org/wiki/Q106634993,,,,,,,,,
strasse_955,955,Am Alten Feldweg,Pöstlingberg,Nach dem Objekt Leonfeldner Straße 97a etwa in westnordwestlicher Richtung verlaufende Sackgasse. Benannt 1943 nach einem Flurnamen.,https://www.linz.at/strassennamen/Default.asp?action=strassendetail&ID=955,,,,,,,,,,,
strasse_956,956,Am Anger,Pöstlingberg,Gegenüber dem Objekt Pachmayrstraße 6 etwa in westnordwestlicher Richtung zum Straßenzug Am Stadlfeld verlaufend. Benannt 1943 nach einem Flurnamen.,https://www.linz.at/strassennamen/Default.asp?action=strassendetail&ID=956,,,,,,,,,,,
strasse_957,957,Am Aubach,Ufer,Vom Hochwasserdamm der Traun in östlicher Richtung zur Moosfelderstraße verlaufend. Benannt 1955 nach einem Flurnamen.,https://www.linz.at/strassennamen/Default.asp?action=strassendetail&ID=957,,,,,,,,,,,
strasse_958,958,Am Aufeld,Kleinmünchen,Nach dem Objekt Mayrhoferstraße 34 etwa in westsüdwestlicher Richtung zum Grenzweg verlaufend. Benannt 1957 nach einem Flurnamen.,https://www.linz.at/strassennamen/Default.asp?action=strassendetail&ID=958,,,,,,,,,,,
strasse_959,959,Am Bachlberg,Pöstlingberg,Vom Objekt Bachlbergweg 89 etwa in nordwestlicher Richtung verlaufende Sackgasse mit einem Ast zum Worathweg. Benannt 1958 nach der Konskriptionsortschaft Bachl.,https://www.linz.at/strassennamen/Default.asp?action=strassendetail&ID=959,,,,,,,,,,,
strasse_960,960,Am Bäckerfeld,Posch,Nach dem Objekt Ziererfeldstraße 45 etwa in südlicher Richtung verlaufende und sich in zwei Äste teilende Sackgasse. Benannt 1990 nach einer Flurbezeichnung.,https://www.linz.at/strassennamen/Default.asp?action=strassendetail&ID=960,,,,,,,,,,,
strasse_961,961,Am Bindermichl,Waldegg,Nach dem Objekt Hatschekstraße 13 in südlicher Richtung zum Straßenzug An der Sonnleithen verlaufend. Benannt 1941 nach dem gleichnamigen Bauerngut.,https://www.linz.at/strassennamen/Default.asp?action=strassendetail&ID=961,,,,,,,,,,,
strasse_963,963,Am Elmberg,Katzbach,Von der Stadtgrenze zur Gemeinde Altenberg in südlicher Richtung verlaufend. Benannt 1997 nach der gleichnamigen Konskriptionsortschaft.,https://www.linz.at/strassennamen/Default.asp?action=strassendetail&ID=963,,,,,,,,,,,
strasse_965,965,Am Freinberg,Waldegg,Vor dem Objekt Freinbergstraße 8 etwa in westlicher und dann in ostsüdöstlicher Richtung verlaufende Sackgasse. Benannt 1995 nach dem Freinberg.,https://www.linz.at/strassennamen/Default.asp?action=strassendetail&ID=965,,,,,,,,,,,
strasse_966,966,Am Fünfundzwanziger Turm,Lustenau,Vor dem Objekt Petzoldstraße 17 etwa in ostnordöstlicher Richtung zur Sintstraße verlaufend. Benannt 1946 nach dem Turm Nr. 25 der Maximilianischen Befestigung.,https://www.linz.at/strassennamen/Default.asp?action=strassendetail&ID=966,,,,,,,,,,,
strasse_849,849,Am Grubbichl,Waldegg,Beim Objekt Teuflstraße 10 in westlicher Richtung zur Ramsauerstraße verlaufend. Benannt 1942 nach einer Flurbezeichnung.,https://www.linz.at/strassennamen/Default.asp?action=strassendetail&ID=849,,,,,,,,,,,
strasse_850,850,Am Gründberghof,Pöstlingberg,"Von der Gründbergstraße etwa in nordwestlicher bzw. nordöstlicher Richtung wiederum zu diesem Straßenzug zurückverlaufend. Benannt 1957 nach dem gleichnamigen Hof, der von dem schon in urgeschichtlicher Zeit besiedelten Gründberg seinen Namen herleitet.",https://www.linz.at/strassennamen/Default.asp?action=strassendetail&ID=850,,,,,,,,,,,
strasse_852,852,Am Grünen Hang,Urfahr,Nach dem Objekt Aubergstraße 51 etwa in westlicher Richtung verlaufende Sackgasse. Benannt 1953. - Ab 1926 Am Grünen Anger nach der gleichnamigen Siedlung.,https://www.linz.at/strassennamen/Default.asp?action=strassendetail&ID=852,,,,,,,,,,,
strasse_853,853,Am Hartmayrgut,Urfahr,Nach dem Objekt Freistädter Straße 64 etwa in südöstlicher Richtung zur Reindlstraße verlaufend. Benannt 1954 nach dem ehemaligen gleichnamigen Bauerngut.,https://www.linz.at/strassennamen/Default.asp?action=strassendetail&ID=853,,,,,,,,,,,
strasse_854,854,Am Heideweg,Kleinmünchen,Vor dem Objekt Salzburger Straße 92 etwa in nordnordöstlicher Richtung verlaufende Sackgasse. Benannt 1945 nach einem Flurnamen.,https://www.linz.at/strassennamen/Default.asp?action=strassendetail&ID=854,,,,,,,,,,,
strasse_855,855,Am Langen Zaun,Kleinmünchen,"Nach dem Objekt Dauphinestraße 72 etwa in westnordwestlicher Richtung, dann parallel zur A 7 und zur Salzburger Straße verlaufend und in diese gegenüber dem Straßenzug Am Heideweg einmündend. Benannt 1944 nach einem Flurnamen.",https://www.linz.at/strassennamen/Default.asp?action=strassendetail&ID=855,,,,,,,,,,,
strasse_856,856,Am Lerchenfeld,Waldegg,"Nach dem Objekt Eisenwerkstraße 6 vorerst etwa in nordöstlicher, dann in nordwestlicher und in südwestlicher Richtung verlaufende Sackgasse. Benannt 1951 nach einem Flurnamen.",https://www.linz.at/strassennamen/Default.asp?action=strassendetail&ID=856,,,,,,,,,,,
strasse_860,860,Am Pöstlingberg,Pöstlingberg,Ringbenennung aller auf der Bergkuppe um die Wallfahrtskirche situierten Gebäude (erfolgte 1958). Die Herkunft des Namens Pöstlingberg ist bisher ungeklärt.,https://www.linz.at/strassennamen/Default.asp?action=strassendetail&ID=860,,,,,,,,,,,
strasse_862,862,Am Schillinggattern,Waldegg,Nach dem Objekt Stadlerstraße 31 in südlicher Richtung zum Straßenzug Am Grubbichl verlaufend. Benannt 1942 nach einem Flurnamen.,https://www.linz.at/strassennamen/Default.asp?action=strassendetail&ID=862,,,,,,,,,,,
strasse_865,865,Am Sonnenhang,Katzbach,Von der Oberbairinger Straße unmittelbar nach dem Friedhof St. Magdalena etwa in ostnordöstlicher Richtung verlaufende Sackgasse. Benannt 1979.,https://www.linz.at/strassennamen/Default.asp?action=strassendetail&ID=865,,,,,,,,,,,
strasse_866,866,Am Stadlfeld,Pöstlingberg,Gegenüber dem Objekt Am Anger 43 etwa in nordöstlicher Richtung zum Straßenzug In der Stockwiesen verlaufend. Benannt 1943 nach einem Flurnamen.,https://www.linz.at/strassennamen/Default.asp?action=strassendetail&ID=866,,,,,,,,,,,
strasse_867,867,Am Steg,Wambach,Von der Stadtgrenze zu Ansfelden etwa in nordnordwestlicher Richtung verlaufende Sackgasse im Anschluß an die bereits auf Ansfeldner Stadtgebiet bestehende Verkehrsfläche. Benannt 1993 nach einer Flurbezeichnung.,https://www.linz.at/strassennamen/Default.asp?action=strassendetail&ID=867,,,,,,,,,,,
strasse_868,868,Am Steinbühel,Kleinmünchen,Vor dem Objekt Im Haidland 10 etwa in westsüdwestlicher Richtung zur Laskahofstraße verlaufend. Benannt 1944 nach einem Flurnamen.,https://www.linz.at/strassennamen/Default.asp?action=strassendetail&ID=868,,,,,,,,,,,
strasse_869,869,Am Tankhafen,Lustenau,"Von der Nebingerstraße gegenüber der Abzweigung der Hollabererstraße in südsüdöstlicher, dann in ostnordöstlicher und wiederum in südsüdöstlicher Richtung verlaufende Sackgasse. Benannt 1967 nach dem dort liegenden Tankhafen.",https://www.linz.at/strassennamen/Default.asp?action=strassendetail&ID=869,,,,,,,,,,,
strasse_870,870,Am Teich,Urfahr,"Nach dem Objekt Nißlstraße 14 etwa in westlicher, dann in nordnordwestlicher Richtung zum Straßenzug Am Grünen Hang verlaufend. Benannt 1941 zur Erinnerung an den dort gelegenen ehemaligen Aubergteich.",https://www.linz.at/strassennamen/Default.asp?action=strassendetail&ID=870,,,,,,,,,,,
strasse_871,871,Am Urfahraner Gewerbehof,Urfahr,Vom Gewerbepark Urfahr parallel zur Freistädter Straße zum Straßenzug Am Hartmayrgut verlaufend. Benannt 1974 nach den dort ansässigen Gewerbebetrieben. - Vorher kurzzeitige Bezeichnung Resselstraße.,https://www.linz.at/strassennamen/Default.asp?action=strassendetail&ID=871,,,,,,,,,,,
strasse_3443,3443,Am Volksgarten,Linz,Von der Kreuzung Landstraße - Blumauerstraße in südsüdwestlicher Richtung verlaufend. Benannt 2011. Von 1950 bis 2011 Blumauerplatz.,https://www.linz.at/strassennamen/Default.asp?action=strassendetail&ID=3443,,,,,,,,,,,
strasse_873,873,Am Wachtberg,Ebelsberg,Gegenüber dem Objekt Wambacher Straße 36 etwa in südöstlicher Richtung zur Edmund-Aigner-Straße verlaufend. Benannt 1954 nach einem alten Lokalnamen.,https://www.linz.at/strassennamen/Default.asp?action=strassendetail&ID=873,,,,,,,,,,,
strasse_874,874,Am Winklerwald,Waldegg,Nach dem Objekt Hofmeindlweg 8 etwa in westsüdwestlicher und nordnordöstlicher Richtung verlaufende Sackgasse. Benannt 1956 nach einem alten Lokalnamen.,https://www.linz.at/strassennamen/Default.asp?action=strassendetail&ID=874,,,,,,,,,,,
strasse_875,875,Am Winklgarten,Kleinmünchen,"Beim Objekt Dauphinestraße 89 als Sackgasse beginnend, vorerst etwa in südsüdöstlicher, dann in westsüdwestlicher Richtung zur Schörgenhubstraße verlaufend. Benannt 1957 nach einem Flurnamen.",https://www.linz.at/strassennamen/Default.asp?action=strassendetail&ID=875,,,,,,,,,,,
strasse_876,876,Am Winterhafen,Lustenau,"Vor dem Objekt Hafenstraße 33 in nordnordwestlicher Richtung und dann entlang des Hafenbeckens des Schutzhafens Linz verlaufende Sackgasse. Benannt 1954 nach dem Winterhafen, dem letzten Rest des ehemaligen Ludlarms.",https://www.linz.at/strassennamen/Default.asp?action=strassendetail&ID=876,,,,,,,,,,,
strasse_877,877,Amselweg,Pichling,Etwa in südwestlicher Richtung zum Meisenweg in rechtem Winkel verlaufende Sackgasse. Benannt 1961 nach der einheimischen Singvogelart.,https://www.linz.at/strassennamen/Default.asp?action=strassendetail&ID=877,,,,,,,,,,,
strasse_883,883,An der Mayrwiesen,Pöstlingberg,Von dem Objekt Kreuzweg 89 etwa in nordwestlicher Richtung zur Hohen Straße verlaufend. Benannt 1954 nach einem Flurnamen.,https://www.linz.at/strassennamen/Default.asp?action=strassendetail&ID=883,,,,,,,,,,,
strasse_884,884,An der Sonnleithen,Waldegg,Von der Ubellstraße etwa in ostnordöstlicher Richtung verlaufende Sackgasse. Benannt 1955. - Ab 1954 Fuchsenlucke nach einer alten Lokalbezeichnung.,https://www.linz.at/strassennamen/Default.asp?action=strassendetail&ID=884,,,,,,,,,,,
strasse_886,886,Anastasius-Grün-Straße,Lustenau,Nach dem Objekt Wiener Straße 5 etwa in ostnordöstlicher Richtung zur Lenaustraße verlaufend. Benannt 1899 nach dem Dichternamen des Linzer Ehrenbürgers Anton Graf von Auersperg (1806-1876).,https://www.linz.at/strassennamen/Default.asp?action=strassendetail&ID=886,,,Anastasius Grün,Q79069,,https://www.wikidata.org/wiki/Q79069,Count Anton Alexander von Auersperg,male,politician,1806-04-11,1876-09-12
strasse_887,887,Andreas-Hofer-Platz,Waldegg,"Zwischen Brucknerstraße und Dürrnbergerstraße. Benannt 1899 nach dem Verteidiger Tirols im Jahre 1809, dem Sandwirt von Passeier, Andreas Hofer (1767-1810).",https://www.linz.at/strassennamen/Default.asp?action=strassendetail&ID=887,,,Andreas Hofer,Q11697,,https://www.wikidata.org/wiki/Q11697,Andreas Hofer,male,military leader,1767-11-22,1810-02-20
strasse_888,888,Andreas-Hofer-Straße,Waldegg,Vom Andreas-Hofer-Platz in südlicher Richtung zur Breitwiesergutstraße verlaufend. Benannt 1899 (siehe Andreas-Hofer-Platz).,https://www.linz.at/strassennamen/Default.asp?action=strassendetail&ID=888,,,Andreas Hofer,Q11697,,https://www.wikidata.org/wiki/Q11697,Andreas Hofer,male,military leader,1767-11-22,1810-02-20
strasse_889,889,Andreas-Plenk-Straße,Waldegg,Parallel zur Reuchlinstraße verlaufende Sackgasse. Benannt 1961 nach dem bekannten Chirurgen und Träger des Ehrenringes der Stadt Linz Andreas Plenk (1892-1959).,https://www.linz.at/strassennamen/Default.asp?action=strassendetail&ID=889,,,Andreas Plenk,,,,,,,,
strasse_890,890,Andromedastraße,Ufer,"Vom Lunaplatz vorerst in nördlicher, dann in nordwestlicher Richtung zum Polluxweg verlaufend. Benannnt 2002 nach dem Sternennebel Andromeda.",https://www.linz.at/strassennamen/Default.asp?action=strassendetail&ID=890,,,,,,,,,,,
strasse_891,891,Anemonenweg,Waldegg,Vom Edelweißberg etwa in westsüdwestlicher bzw. in nordnordwestlicher Richtung wiederum zum Edelweißberg verlaufend. Benannt 1954 nach der einheimischen Blumenart.,https://www.linz.at/strassennamen/Default.asp?action=strassendetail&ID=891,,,,,,,,,,,
strasse_893,893,Angererhofweg,Kleinmünchen,Nach dem Objekt Neubauzeile 65 etwa in südlicher Richtung bis zur Traun verlaufend. Benannt 1954 nach dem gleichnamigen Bauernhaus.,https://www.linz.at/strassennamen/Default.asp?action=strassendetail&ID=893,,,,,,,,,,,
strasse_894,894,Angerholzerweg,Kleinmünchen,"Nach dem Objekt Salzburger Straße 44 etwa in südwestlicher Richtung parallel dazu verlaufend und bei der Müller-Guttenbrunn-Straße wiederum in diese einmündend. Benannt 1929 nach Tobias Angerholzer, der 1626 Anführer der Bauern im Hausruckviertel und dann Obristleutnant im Bauernheer war. Er wurde am 26. März 1627 in Linz enthauptet.",https://www.linz.at/strassennamen/Default.asp?action=strassendetail&ID=894,,,Tobias Angerholzer,,,,,,,,
strasse_895,895,Annagasse,Linz,"Nach dem Objekt Schmidtorstraße 5 zur Domgasse. Benannt wahrscheinlich nach der Hl. Anna. Nach einer anderen Version wurde die Straße 1864 nach Anna Hartmayr (1847-1889), der Besitzerin des Hauses 1, benannt. - Vorher Unter dem Schmidtor.",https://www.linz.at/strassennamen/Default.asp?action=strassendetail&ID=895,,,Anna Hartmayr,,,,,,,,
strasse_896,896,Anzengruberstraße,Lustenau,Nach dem Objekt Wiener Straße 17 etwa in nordöstlicher Richtung zur Friedhofstraße verlaufend. Benannt 1899 nach dem Dichter Ludwig Anzengruber (1839-1889).,https://www.linz.at/strassennamen/Default.asp?action=strassendetail&ID=896,,,Ludwig Anzengruber,Q93718,,https://www.wikidata.org/wiki/Q93718,Ludwig Anzengruber,male,poet,1839-11-29,1889-12-10
strasse_897,897,Arndtweg,Waldegg,Nach dem Objekt Landwiedstraße 46 etwa in südwestlicher Richtung zur Schaunbergerstraße verlaufend. Benannt 1940 nach dem Universitätsprofessor und Dichter der Freiheitskriege Ernst Moritz Arndt 1769-1860.,https://www.linz.at/strassennamen/Default.asp?action=strassendetail&ID=897,,,Ernst Moritz Arndt,Q57351,,https://www.wikidata.org/wiki/Q57351,Ernst Moritz Arndt,male,poet,1769-01-26,1860-01-29
strasse_899,899,Arnleitnerweg,Kleinmünchen,"Nach dem Objekt Schwindstraße 23 etwa in südlicher Richtung zum Angerholzerweg verlaufend. Benannt 1958 nach dem Lehrer und Komponisten (""O hast du noch ein Mütterlein"") Friedrich Wilhelm Arnleitner (1845-1903).",https://www.linz.at/strassennamen/Default.asp?action=strassendetail&ID=899,,,Friedrich Wilhelm Arnleitner,,,,,,,,
strasse_3439,3439,Ars-Electronica-Straße,Urfahr,"Ab 2009 Bezeichnung für den von der Nibelungenbrücke zur Verkehrsfläche Urfahrmarkt verlaufenden Straßenzug. Benannt nach Ars Electronica, der internationalen Plattform für digitale Kunst und Medienkultur. - Ab 1921 Linke Donaustraße.",https://www.linz.at/strassennamen/Default.asp?action=strassendetail&ID=3439,,,,,,,,,,,
strasse_3467,3467,Arthur-Porr-Straße,Lustenau,"Zwischen den Objekten Pummererstraße 15 und 17 Richtung Nordnordwesten verlaufend. Benannt 2020 nach dem aus der heutigen Ukraine stammenden Arthur Porr (1872–1915). Gründer der Arthur Porr Ges.m.b.H., welche seit 1895 als Zweigniederlassung auch in Linz besteht.",https://www.linz.at/strassennamen/Default.asp?action=strassendetail&ID=3467,,,Arthur Porr,Q711007,,https://www.wikidata.org/wiki/Q711007,Arthur Porr,male,railway engineer,1872-06-11,1915-10-17
strasse_902,902,Aubergstraße,Urfahr,"Nach dem Objekt Jägerstraße 10 etwa in nordwestlicher Richtung zur Riesenhofstraße verlaufend. Benannt 1901 als Auberggäßl, das früher bis zur Rudolfstraße reichte. Der südlichste Teil von der Kaarstraße an 1892 aufgelassen und verbaut. Der mittlere Teil heißt seit 1892 Stadlbauerstraße. Der Name erinnert an den Auberghof, den die Starhemberger 1458 erwarben. 1586 wurde er nach Zubauten zum Edelmannssitz erhoben.",https://www.linz.at/strassennamen/Default.asp?action=strassendetail&ID=902,,,,,,,,,,,
strasse_903,903,Auböckstraße,Waldegg,"Nach dem Objekt Wankmüllerhofstraße 26 etwa in westlicher Richtung verlaufende Sackgasse. Benannt 1942 nach dem Gastwirt in Aistersheim und Bauernhauptmann im Bauernkrieg des Jahres 1626, Hans Auböck, der am 23. April 1627 auf dem Hauptplatz hingerichtet wurde.",https://www.linz.at/strassennamen/Default.asp?action=strassendetail&ID=903,,,Hans Auböck,,,,,,,,
strasse_904,904,Aubrunnerweg,Katzbach,Vor dem Objekt Altenberger Straße 50 etwa in südöstlicher Richtung verlaufend. Benannt 1958 nach dem ehemaligen gleichnamigen Bauerngut.,https://www.linz.at/strassennamen/Default.asp?action=strassendetail&ID=904,Q50988133,https://www.wikidata.org/wiki/Q50988133,,,,,,,,,
strasse_908,908,Auer-Welsbach-Weg,Ebelsberg,"Nach dem Objekt Hatschekstraße 29 in südlicher Richtung zur Uhlandgasse verlaufend. Benannt 1941 nach dem Chemiker Karl Freiherr von Auer-Welsbach 1858-1929, dem Erfinder des Gasglühlichtes, der Osmium-Glühlampe sowie des Auer-Metalls und dem Entdecker der seltenen Erden Neodym, Praseodym und Cassiopeidum.",https://www.linz.at/strassennamen/Default.asp?action=strassendetail&ID=908,,,Karl Freiherr von Auer-Welsbach,Q89390,,https://www.wikidata.org/wiki/Q89390,Carl Auer von Welsbach,male,physicist,1858-09-01,1929-08-04
strasse_905,905,Auergütlweg,Linz,Von der Mönchgrabenstraße etwa in östlicher Richtung zum Mooslanderweg verlaufend. Benannt 1958 nach einem Bauerngut.,https://www.linz.at/strassennamen/Default.asp?action=strassendetail&ID=905,,,,,,,,,,,
strasse_907,907,Auerspergstraße,Waldegg,Vom Schillerplatz etwa in westlicher Richtung zur Stockhofstraße verlaufend. Benannt 1869 nach dem im Jahr 1652 mit der Herrschaft Wels belehnten Krainer Adelsgeschlecht. - 1850 als Quergasse eröffnet. 1910 wurde die Verlängerung zum Schillerplatz in die Straße einbezogen.,https://www.linz.at/strassennamen/Default.asp?action=strassendetail&ID=907,,,,,,,,,,,
strasse_910,910,Auf der Gugl,"Linz, Waldegg",Von der Roseggerstraße mäandrierend etwa in südlicher Richtung zur Bockgasse verlaufend. Benannt 1913 nach einer Flurbezeichnung (Gugl = Kogl).,https://www.linz.at/strassennamen/Default.asp?action=strassendetail&ID=910,,,,,,,,,,,
strasse_911,911,Auf der Wies,"Pöstlingberg, Katzbach",Als Sackgasse hinter dem Objekt Ferdinand-Markl-Straße 1 beginnend und etwa in östlicher Richtung zur Klausenbachstraße verlaufend. Benannt 1954 nach einem Flurnamen.,https://www.linz.at/strassennamen/Default.asp?action=strassendetail&ID=911,,,,,,,,,,,
strasse_3465,3465,Aufeldweg,Katzbach,Vor dem Objekt Stockenhuberweg 34 nach Norden abzweigend und als Sackgasse endend. Benannt 2019 nach einem alten Flurnamen. Der Aufeldweg war früher Teil der Further Straße.,https://www.linz.at/strassennamen/Default.asp?action=strassendetail&ID=3465,,,,,,,,,,,
strasse_912,912,Auhirschgasse,Posch,Vor dem Objekt Traundorfer Straße 187 im Bogen wiederum zu diesem Straßenzug zurückverlaufend. Benannt 1958 nach der Tierart.,https://www.linz.at/strassennamen/Default.asp?action=strassendetail&ID=912,,,,,,,,,,,
strasse_913,913,Aumüllerweg,Ufer,"Nach dem Objekt Traundorfer Straße 132 in südlicher Richtung verlaufende Sackgasse. Benannt 1955 nach der in der Nähe liegenden Aumühle, die seit 1526 bekannt ist.",https://www.linz.at/strassennamen/Default.asp?action=strassendetail&ID=913,,,,,,,,,,,
strasse_914,914,Austraße,Katzbach,Nach dem Objekt Freistädter Straße 244 etwa in südöstlicher Richtung verlaufende Sackgasse. Benannt 1939 nach den früher dort liegenden Donauauen.,https://www.linz.at/strassennamen/Default.asp?action=strassendetail&ID=914,,,,,,,,,,,
strasse_915,915,Auwiesenstraße,Kleinmünchen,Von der Dauphinestraße etwa in westsüdwestlicher und dann in südöstlicher Richtung bis zum Jaucker-Bach verlaufend. Benannt 1980 nach einem Flurnamen.,https://www.linz.at/strassennamen/Default.asp?action=strassendetail&ID=915,,,,,,,,,,,
strasse_916,916,Avenariusweg,Waldegg,"Nach dem Objekt Am Bindermichl 41 in östlicher Richtung zur A7 verlaufend. Benannt 1941 nach dem Neffen Richard Wagners Ferdinand Avenarius 1856-1923, dem Herausgeber der Zeitschrift Der Kunstwart und dem Begründer des Dürerbundes.",https://www.linz.at/strassennamen/Default.asp?action=strassendetail&ID=916,,,Ferdinand Avenarius,Q85155,,https://www.wikidata.org/wiki/Q85155,Ferdinand Avenarius,male,writer,1856-12-20,1923-09-22
strasse_3303,3303,Bachlbergweg,"Urfahr, Pöstlingberg","Vom Dießenleitenweg etwa in nördlicher bzw. nordwestlicher Richtung bis zur Stadtgrenze verlaufend. Benannt 1926 nach der Konskriptionsortschaft Bachl, von der Bevölkerung jedoch vorher schon so benannt.",https://www.linz.at/strassennamen/Default.asp?action=strassendetail&ID=3303,,,,,,,,,,,
strasse_3305,3305,Bachmannweg,Ebelsberg,Vom Torbergweg etwa in nordnordöstlicher Richtung verlaufende Sackgasse. Benannt 1994 nach der Schriftstellerin Ingeborg Bachmann (1926-1973).,https://www.linz.at/strassennamen/Default.asp?action=strassendetail&ID=3305,,,Ingeborg Bachmann,Q78506,,https://www.wikidata.org/wiki/Q78506,Ingeborg Bachmann,female,poet,1926-06-25,1973-10-17
strasse_3309,3309,Bäckermühlweg,Kleinmünchen,"Nach dem Objekt Salzburger Straße 297 in südlicher Richtung zur Stadtgrenze mit Traun verlaufend. Benannt 1955 nach der ehemaligen ""Hanslbäckermühle"" (=Zaunermühle). - Ab 1952 Zaunermühlstraße.",https://www.linz.at/strassennamen/Default.asp?action=strassendetail&ID=3309,,,,,,,,,,,
strasse_3307,3307,Badergasse,Ebelsberg,"Vom Fadingerplatz etwa nach Süden verlaufende Sackgasse. Offiziell benannt 1954, vorher schon altbenannt nach dem ehemaligen Baderhaus.",https://www.linz.at/strassennamen/Default.asp?action=strassendetail&ID=3307,,,,,,,,,,,
strasse_3308,3308,Badgasse,Linz,"Vom Hauptplatz (heute unterbrochen durch den Bau des Finanzgebäudes West) zum Hofberg verlaufend. Benannt 1869 nach dem früher dort situierten oberen Baderhaus. - Bis 1869 Obere Badgasse. Zwischen den Häusern 6 und 14 befand sich bis zum Abbruch der Häuser im Jahr 1939 eine schmale Gasse mit einem Durchgang zur Donau. Vor dem Durchgang setzte sich dieses Gäßchen gegen Westen zum unteren Hofberg fort und hieß Kleines Padgäßchen (1730, 1781). Seine Verbauung erfolgte Anfang des 19. Jahrhunderts. Vermutlich ist dies der im Spätmittelalter genannte Khiel.",https://www.linz.at/strassennamen/Default.asp?action=strassendetail&ID=3308,Q106861838,https://www.wikidata.org/wiki/Q106861838,,,,,,,,,
strasse_3403,3403,Baernreitherweg,Ufer,Nach dem Objekt Neufelderstraße 54 etwa in südsüdöstlicher Richtung zum Brachsenweg verlaufend. Benannt 2003 nach der Linzer Malerin und Schriftstellerin Franziska Baernreither (1857-1927).,https://www.linz.at/strassennamen/Default.asp?action=strassendetail&ID=3403,,,Franziska Baernreither,Q1450074,,https://www.wikidata.org/wiki/Q1450074,Franziska Baernreither,female,painter,1857-03-03,1927-11-30
strasse_3310,3310,Bahnhofplatz,Linz,Platz vor dem Hauptbahnhof. Benannt 1950 nach Beendigung der Wiederaufbau- und Neugestaltungsarbeiten des Bahnhofs.,https://www.linz.at/strassennamen/Default.asp?action=strassendetail&ID=3310,Q106634994,https://www.wikidata.org/wiki/Q106634994,,,,,,,,,
strasse_3311,3311,Bahnhofstraße,Linz,"Von der Kreuzung Blumauerstraße/Humboldtstraße (bis 2011 vom Blumauerplatz) etwa in südsüdwestlicher Richtung zum Bahnhofplatz verlaufend. Benannt 1869, Straße aber bereits 1858 mit der Fertigstellung des Bahnhofsgebäudes im Zuge der Kaiserin-Elisabeth-Bahn (Westbahn) eröffnet.",https://www.linz.at/strassennamen/Default.asp?action=strassendetail&ID=3311,Q106634995,https://www.wikidata.org/wiki/Q106634995,,,,,,,,,
strasse_3314,3314,Bahrgasse,Waldegg,"Nach dem Objekt Unionstraße 17 etwa in südsüdöstlicher Richtung zum Andreas-Hofer-Platz verlaufend. Benannt 1899 nach dem liberalen Mitglied des Landtages, des Landesausschusses und des Gemeinderates Dr. Alois Bahr 1834-1899, Vater des Schriftstellers Hermann Bahr.",https://www.linz.at/strassennamen/Default.asp?action=strassendetail&ID=3314,,,Alois Bahr,Q55680119,,https://www.wikidata.org/wiki/Q55680119,Alois Bahr,male,politician,1834-04-11,1898-09-05
strasse_3315,3315,Baintwiese,Kleinmünchen,Nach dem Objekt Mayrhoferstraße 22 etwa in südwestlicher Richtung zum Grenzweg verlaufend. Benannt 1957 nach einem Flurnamen.,https://www.linz.at/strassennamen/Default.asp?action=strassendetail&ID=3315,,,,,,,,,,,
strasse_3404,3404,Balzarekrondeau,Linz,"Das beim Straßenzug ""Auf der Gugl"" gelegene Aussichtsrondeau wurde 2003 nach dem Architekten Mauriz Balzarek (1872-1945) benannt.",https://www.linz.at/strassennamen/Default.asp?action=strassendetail&ID=3404,Q114358182,https://www.wikidata.org/wiki/Q114358182,Mauriz Balzarek,Q1911578,,https://www.wikidata.org/wiki/Q1911578,Mauriz Balzarek,male,architect,1872-10-21,1945-02-17
strasse_3316,3316,Bancalariweg,Waldegg,"Vom Kürnbergerweg etwa in südlicher, dann in südwestlicher Richtung zur Stadtgrenze nach Leonding verlaufend. Benannt 1921 nach dem Gemeinderat Oberst Gustav Bancalari (1841-1900), der sich als Vorstand des Verschönerungsvereins und Mitglied mehrerer wissenschaftlicher Gesellschaften verdient machte. - Ab 1913 Erzherzog-Maximilian-Weg nach dem Erbauer der Befestigungstürme um Linz.",https://www.linz.at/strassennamen/Default.asp?action=strassendetail&ID=3316,,,Gustav Bancalari,Q60623111,,https://www.wikidata.org/wiki/Q60623111,Gustav Bancalari,male,military officer,1841-02-04,1900-05-13
strasse_3466,3466,Barbara-Prammer-Straße,Lustenau,"Gegenüber dem Objekt Industriezeile 78 zunächst in nordöstlicher Richtung, dann nach Nordnordwesten verlaufend und in die Prinz-Eugen-Straße einmündend. Benannt 2019 nach der 2014 verstorbenen Nationalratspräsidentin Barbara Prammer (1954-2014).",https://www.linz.at/strassennamen/Default.asp?action=strassendetail&ID=3466,,,Barbara Prammer,Q114286,,https://www.wikidata.org/wiki/Q114286,Barbara Prammer,female,politician,1954-01-11,2014-08-02
strasse_3318,3318,Bauernberg,Linz,Nach dem Objekt Kapuzinerstraße 33 in Serpentinenform zur Duftschmidgasse verlaufend. Benannt 1869. - Vorher Siecherbauernberg nach dem schon im Spätmittelalter erwähnten Siechenhaus (1535 Siechenhaus im Weingarten).,https://www.linz.at/strassennamen/Default.asp?action=strassendetail&ID=3318,,,,,,,,,,,
strasse_3320,3320,Bauernfeindstraße,"Pöstlingberg, Katzbach","Nach dem Objekt Millsteigerstraße 6 etwa in nordöstlicher Richtung verlaufende Sackgasse. Benannt 1980 nach dem Urfahrer Marktrichter, Gemeindeausschuß und Gemeinderat Franz Bauernfeind (1807-1886).",https://www.linz.at/strassennamen/Default.asp?action=strassendetail&ID=3320,,,Franz Bauernfeind,,,,,,,,
strasse_3321,3321,Bauerstraße,Kleinmünchen,Hinter dem Objekt Dauphinestraße 159 als Sackgasse beginnend und etwa in südlicher Richtung zum Flötzerweg verlaufend. Benannt 1943 nach dem Erfinder des Tauchbootes Wilhelm Bauer (1822-1875).,https://www.linz.at/strassennamen/Default.asp?action=strassendetail&ID=3321,,,Wilhelm Bauer,Q66878,,https://www.wikidata.org/wiki/Q66878,Wilhelm Bauer,male,inventor,1822-12-23,1875-06-20
strasse_3322,3322,Baumbachstraße,Linz,"Nach dem Objekt Herrenstraße 24 etwa in westsüdwestlicher Richtung zur Kapuzinerstaße verlaufend. Benannt 1869 nach Josef Franz Baumbach, der in der 2. Hälfte des 18. Jahrhunderts die Häuser Baumbachstraße 5 und 7 besaß. - 1730 Capuzinerfeldgassen, 1781 Capuzinerfeldgassen oder Baumbachgassen.",https://www.linz.at/strassennamen/Default.asp?action=strassendetail&ID=3322,,,Josef Franz Baumbach,,,,,,,,
strasse_3323,3323,Baumgärtelstraße,Katzbach,"Nach dem Objekt Freistädter Straße 249 etwa in nordnordwestlicher Richtung zum Feldweg verlaufend. Benannt 2001 nach dem Politiker und Gewerkschaftsfunktionär Emil Baumgärtel (1885-1939). Von 1973 bis 2001 nach dem Lyriker Karl Emmerich Baumgärtel 1887-1958, der während der NS-Zeit Hauptstellenleiter im Gaupresseamt Oberdonau war.",https://www.linz.at/strassennamen/Default.asp?action=strassendetail&ID=3323,,,Emil Baumgärtel,Q1335827,,https://www.wikidata.org/wiki/Q1335827,Emil Baumgärtel,male,politician,1885-01-10,1939-09-27
strasse_3324,3324,Beethovenstraße,Linz,Von der Kellergasse etwa in südöstlicher Richtung zur Weingartshofstraße verlaufend. Benannt 1921 nach dem Komponisten Ludwig van Beethoven (1770-1827). - Ab 1876 Kaiserin-Maria-Theresia-Straße.,https://www.linz.at/strassennamen/Default.asp?action=strassendetail&ID=3324,,,Ludwig van Beethoven,Q255,,https://www.wikidata.org/wiki/Q255,Ludwig van Beethoven,male,composer,1770-12-16,1827-03-26
strasse_3441,3441,Bellevuepark,Waldegg,"Parkfläche auf der Überplattung der Mühlkreisautobahn (A7) im Bereich Bindermichl. Benannt 2011, Bezug nehmend auf das während des Kulturhauptstadtjahres 2009 temporär aufgestellte gelbe Haus namens Bellevue.",https://www.linz.at/strassennamen/Default.asp?action=strassendetail&ID=3441,,,,,,,,,,,
strasse_3325,3325,Benzstraße,Kleinmünchen,Beim Objekt Dauphinestraße 185 etwa in südsüdwestlicher Richtung zur Daimlerstraße verlaufend. Benannt 1955 nach dem Schöpfer des modernen Kraftwagens Carl Friedrich Benz (1844-1929).,https://www.linz.at/strassennamen/Default.asp?action=strassendetail&ID=3325,,,Carl Friedrich Benz,Q40224,,https://www.wikidata.org/wiki/Q40224,Carl Benz,male,engineer,1844-11-25,1929-04-04
strasse_3326,3326,Berggasse,"Urfahr, Pöstlingberg","Von der Rudolfstraße vorerst in nordwestlicher, dann in westlicher und etwa nördlicher Richtung zur Hohen Straße verlaufend. Benannt 1875. Bis dahin Spatzenbauernweg.",https://www.linz.at/strassennamen/Default.asp?action=strassendetail&ID=3326,,,,,,,,,,,
strasse_3328,3328,Bergschlößlgasse,"Linz, Waldegg","Beim Objekt Bockgasse 3 in südlicher, dann in westlicher Richtung wiederum zur Bockgasse verlaufend. Benannt 1921 nach dem an dieser Straße befindlichen Bergschlößl, das vom Barockbaumeister Johann Michael Prunner 1718 errichtet wurde. - Ab 1869 Berggasse. Abänderung in die heutige Bezeichnung wegen der gleichnamigen Gasse in Urfahr. Bis 1869 Zum Bergschlößl.",https://www.linz.at/strassennamen/Default.asp?action=strassendetail&ID=3328,,,,,,,,,,,
strasse_3329,3329,Beringerstraße,Lustenau,"Von der Bleibtreustraße etwa in westsüdwestlicher, dann in südsüdöstlicher Richtung zur Stieglbauernstraße verlaufend. Benannt 1945 nach dem Schauspieler und Komiker am Linzer Landestheater Leopold Beringer (1831-1915). - Ab 1940 Maitzenstraße nach dem Polizeioberwachmann Ludwig Maitzen (1905-1934), der am nationalsozialistischen Juliputsch 1934 mitbeteiligt war.",https://www.linz.at/strassennamen/Default.asp?action=strassendetail&ID=3329,,,Leopold Beringer,Q18221311,,https://www.wikidata.org/wiki/Q18221311,Leopold Beringer,male,stage actor,1831-01-01,1915-02-01
strasse_3330,3330,Bernardisstraße,Linz,"Von der Kellergasse in Mäanderform durch die Bauernberganlagen in westlicher Richtung zur Roseggerstraße verlaufend. Benannt 1994 nach Oberstleutnant Robert Bernardis 1908-1944, der wegen Beteiligung am Attentatsversuch auf Adolf Hitler am 20. Juli 1944 hingerichtet wurde. Seit 1954 Guglauffahrt.",https://www.linz.at/strassennamen/Default.asp?action=strassendetail&ID=3330,,,Robert Bernardis,Q488705,,https://www.wikidata.org/wiki/Q488705,Robert Bernardis,male,military officer,1908-08-07,1944-08-08
strasse_3331,3331,Bernaschekplatz,Urfahr,"Zwischen Rudolfstraße und Fiedlerstraße. Benannt 1945 nach Richard Bernaschek (1888-1945), dem Führer des Republikanischen Schutzbundes in Oberösterreich und des Aufstandsversuches vom Februar 1934. 1945 im Konzentrationslager Mauthausen ermordet. - Ab ca. 1861 Neuer Marktplatz. 1875 Rudolfplatz nach dem Kronprinzen Erzherzog Rudolf (1858-1889). 1921 Weigunyplatz nach dem sozialdemokratischen Gemeinderat und Reichsratsabgeordneten Anton Weiguny (1851-1914). 1934 Starhembergplatz nach dem Heimwehrführer Ernst Rüdiger Graf Starhemberg (1899-1956). 1938 Franz-Foisner-Platz nach dem 1936 erschossenen SA-Mann Franz Foisner.",https://www.linz.at/strassennamen/Default.asp?action=strassendetail&ID=3331,Q114358183,https://www.wikidata.org/wiki/Q114358183,Richard Bernaschek,Q2149072,,https://www.wikidata.org/wiki/Q2149072,Richard Bernaschek,male,politician,1888-06-12,1945-04-18
strasse_3332,3332,Bessemerstraße,Waldegg,"Nach dem Objekt Am Lerchenfeld 35 etwa in westsüdwestlicher Richtung zur Eisenwerkstraße verlaufend. Benannt 1951 nach dem Erfinder der ""Bessemerbirne"" (Flußstahlerzeugung), dem Engländer Sir Henry Bessemer (1813-1898).",https://www.linz.at/strassennamen/Default.asp?action=strassendetail&ID=3332,,,Henry Bessemer,Q310201,,https://www.wikidata.org/wiki/Q310201,Henry Bessemer,male,engineer,1813-01-19,1898-03-15
strasse_3335,3335,Bethlehemstraße,Linz,"Nach dem Objekt Landstraße 15 etwa in ostnordöstlicher bzw. östlicher Richtung zur Harrachstraße bzw. Eisenhandstraße verlaufend. Benannt 1869 nach der der Kirche zu Bethlehem nachgebildeten Kapelle (1805 profaniert, 1962 demoliert) im ehemaligen Nordischen Stift (heute Stadtmuseum). - Wahrscheinlich schon vor 1439 Spitalgasse nach dem Bürgerspital. 1595 Schliechtlgasse vermutlich nach dem 1535 bezeugten Hausbesitzer Hans Schliechtl. 1730 Grünbaumgasse nach dem 1961 demolierten Gasthof ""Zum Grünen Baum"". 1771 Bethlehemgasse. 1825 Alte Bethlehemgasse. - Der östliche Teil vor dem Elisabethinenkloster wurde in das Spitzfeld einbezogen (Raum zwischen Bethlehem-, Harrach- und Fadingerstraße). Später hieß dieser Teil Äußere Bethlehemstraße, der östliche Teil behielt die Bezeichnung Spitzfeld bei. 1815 wurde der Teil zwischen Harrachstraße und der Eisernen Hand Oberes Primerfeld (1812 Harrachfeld), der Teil zwischen Harrachstraße und Elisabethstraße Obere Peissenfeldstraße genannt.",https://www.linz.at/strassennamen/Default.asp?action=strassendetail&ID=3335,Q106861839,https://www.wikidata.org/wiki/Q106861839,,,,,,,,,
strasse_3336,3336,Beurleweg,Pöstlingberg,"Von der Endstation der Pöstlingbergbahn um das ehemalige Fort auf dem Pöstlingberg herumführend. Benannt 1921 nach dem Landtagsabgeordneten, Gemeinderat, Reichratsabgeordneten und Mitglied des Herrenhauses sowie dem Gründer der deutschnationalen Partei, dem Rechtsanwalt Dr. Carl Beurle (1860-1919), der maßgebend am Aufbau einer Industrie in Linz beteiligt war und die Erholungsanlagen auf der Pöstlingbergkuppe schuf.",https://www.linz.at/strassennamen/Default.asp?action=strassendetail&ID=3336,,,Carl Beurle,Q1730488,,https://www.wikidata.org/wiki/Q1730488,Karl Beurle,male,jurist,1860-04-24,1919-01-04
strasse_3333,3333,Beutlmayrweg,Waldegg,"Von der Thürheimerstraße in nördlicher Richtung verlaufende Sackgasse. Benannt 1989 nach der Gründerin des Arbeiterinnenbildungsvereins, Landtagsabgeordneten, Gemeinderätin, Bundesrätin und Landesvorsitzenden der sozialistischen Frauenbewegung Marie Beutlmayr (1870-1948).",https://www.linz.at/strassennamen/Default.asp?action=strassendetail&ID=3333,,,Marie Beutlmayr,Q1897257,,https://www.wikidata.org/wiki/Q1897257,Marie Beutlmayr,female,politician,1870-02-26,1948-06-05
strasse_3334,3334,Beuttlerweg,Ebelsberg,Nach dem Objekt Kremsmünsterer Straße 71 vorerst etwa in südsüdöstlicher Richtung dann in südwestlicher Richtung zur Gottschallinger Straße verlaufend. Benannt 1954 nach dem Maler und Geometer Clemens Beuttler (1638-1682).,https://www.linz.at/strassennamen/Default.asp?action=strassendetail&ID=3334,,,Clemens Beuttler,Q1099905,,https://www.wikidata.org/wiki/Q1099905,Clemens Beutler,male,artist,1623-01-01,1682-04-10
strasse_3337,3337,Biberweg,Posch,Nach dem Objekt Traundorfer Straße 204 etwa in südlicher Richtung zur Oidener Straße verlaufend. Benannt 1958 nach der einheimischen Tierart.,https://www.linz.at/strassennamen/Default.asp?action=strassendetail&ID=3337,,,,,,,,,,,
strasse_3338,3338,Biesenfeldweg,Katzbach,"Von der Johann-Wilhelm-Klein-Straße etwa in westlicher Richtung, dann entlang des Haselbaches und schließlich in nordöstlicher Richtung zur Dornacher Straße verlaufend. Benannt 1979 nach einer Flurbezeichnung.",https://www.linz.at/strassennamen/Default.asp?action=strassendetail&ID=3338,,,,,,,,,,,
strasse_3419,3419,Bilgerweg,Pichling,Nach dem Objekt Dachsweg 14 etwa in westsüdwestlicher Richtung verlaufende Sackgasse. Benannt 2000 nach der Malerin Margret Bilger (1904-1971),https://www.linz.at/strassennamen/Default.asp?action=strassendetail&ID=3419,,,Margret Bilger,Q1787086,,https://www.wikidata.org/wiki/Q1787086,Margret Bilger,female,artist,1904-08-12,1971-07-24
strasse_3339,3339,Billingerstraße,Katzbach,Vor dem Objekt Zerzerstraße 10 etwa in ostnordöstlicher Richtung zur Baumgärtelstraße verlaufend. Benannt 1972 nach dem Dramatiker und Lyriker Richard Billinger (1890-1965).,https://www.linz.at/strassennamen/Default.asp?action=strassendetail&ID=3339,,,Richard Billinger,Q114868,,https://www.wikidata.org/wiki/Q114868,Richard Billinger,male,screenwriter,1890-07-20,1965-06-07
strasse_3341,3341,Binderhausweg,Posch,Nach dem Objekt Oidener Straße 17 etwa in östlicher Richtung verlaufende Sackgasse. Benannt 1957 nach einer alten Hausbezeichnung.,https://www.linz.at/strassennamen/Default.asp?action=strassendetail&ID=3341,,,,,,,,,,,
strasse_3342,3342,Binderlandweg,Kleinmünchen,Nach dem Objekt Flötzerweg 157 etwa in südsüdöstlicher Richtung zur Neubauzeile verlaufend. Benannt 1954 nach einer Flurbezeichnung.,https://www.linz.at/strassennamen/Default.asp?action=strassendetail&ID=3342,,,,,,,,,,,
strasse_3344,3344,Binzerweg,Waldegg,"Von der Thürheimerstraße in nördlicher Richtung verlaufende Sackgasse. Benannt 1982 nach Emilie von Binzer, einer Geborenen von Gerschau, (1801-1891), der literarische Beraterin des nachmaligen Kaisers Maximilian von Mexiko, die seit 1848 als Schriftstellerin in Linz einen bedeutenden literarischen Salon führte.",https://www.linz.at/strassennamen/Default.asp?action=strassendetail&ID=3344,,,Emilie von Binzer,Q1337361,,https://www.wikidata.org/wiki/Q1337361,Emilie von Binzer,female,writer,1801-04-06,1891-02-09
strasse_3346,3346,Bischofstraße,Linz,"Nach dem Objekt Landstraße 30 etwa in westlicher Richtung zur Herrenstraße verlaufend. Benannt 1869 nach dem an der Ecke zur Herrenstraße gelegenen Bischofshof. - 1652 und 1730 Lange Gasse. 1771 Lange oder Deutsche Rauchfangkehrergasse, 1800 Rauchfangkehrergasse (nach dem Haus 11).",https://www.linz.at/strassennamen/Default.asp?action=strassendetail&ID=3346,Q107102788,https://www.wikidata.org/wiki/Q107102788,,,,,,,,,
strasse_3348,3348,Bismarckstraße,Linz,"Nach dem Objekt Landstraße 49 etwa in ostnordöstlicher Richtung zum Hessenplatz verlaufend. Benannt 1914 nach dem deutschen Reichskanzler Otto Fürst Bismarck (1815-1898).- Erstbenennung bereits 1900, aber von der Regierung verboten. Seit ca. 1830 Lustenauer Gasse, ab 1869 Lustenauer Straße.",https://www.linz.at/strassennamen/Default.asp?action=strassendetail&ID=3348,,,Otto Bismarck,Q8442,,https://www.wikidata.org/wiki/Q8442,Otto von Bismarck,male,politician,1815-04-01,1898-07-30
strasse_3349,3349,Blaichstatt,Kleinmünchen,"Nach dem Objekt Mayrhoferstraße 14 vorerst etwa in südwestlicher, dann in südsüdöstlicher Richtung zur Baintwiese verlaufend. Benannt 1956 nach einem Flurnamen.",https://www.linz.at/strassennamen/Default.asp?action=strassendetail&ID=3349,,,,,,,,,,,
strasse_3350,3350,Bleibtreustraße,Lustenau,"Nach dem Objekt Hittmairstraße 36 etwa in südsüdöstlicher Richtung zur Stieglbauernstraße verlaufend. Benannt 1945 nach der in Linz geborenen Burgschauspielerin Hedwig Bleibtreu (1868-1958). - 1940 Wurmigstraße nach Friedrich Wurmig (1908-1934), der am nationalsozialistischen Juliputsch 1934 beteiligt war.",https://www.linz.at/strassennamen/Default.asp?action=strassendetail&ID=3350,,,Hedwig Bleibtreu,Q94505,,https://www.wikidata.org/wiki/Q94505,Hedwig Bleibtreu,female,stage actor,1868-12-23,1958-01-24
strasse_3351,3351,Blindwiesen,Pöstlingberg,Vom Straßenzug Am Alten Feldweg etwa in nördlicher Richtung zur Pachmayrstraße verlaufend. Benannt 1943 nach einem Flurnamen.,https://www.linz.at/strassennamen/Default.asp?action=strassendetail&ID=3351,,,,,,,,,,,
strasse_3355,3355,Blumauerstraße,Linz,"Nach dem Objekt Landstraße 119 etwa in ostnordöstlicher Richtung zur Franckstraße verlaufend. Benannt 1869. Die Herkunft des Namens ist unbekannt. Herleitungen vom Steyrer Exjesuiten Alois Blumauer (1755-1798) oder von einem ehemals dort befindlichen, der Herrschaft Blumau (bei Neufelden) untertänigen Hof lassen sich nicht beweisen. - Vorher Friedhofstraße.",https://www.linz.at/strassennamen/Default.asp?action=strassendetail&ID=3355,,,,,,,,,,,
strasse_3352,3352,Blümelhuberstraße,Kleinmünchen,Nach dem Objekt Wiener Straße 401 etwa in nordöstlicher Richtung zur Lunzerstraße verlaufend. Benannt 1956 nach dem Meister des Stahlschnitts Michael Blümelhuber (1865-1936).,https://www.linz.at/strassennamen/Default.asp?action=strassendetail&ID=3352,,,Michael Blümelhuber,Q241981,,https://www.wikidata.org/wiki/Q241981,Michael Blümelhuber,male,writer,1865-09-23,1936-01-29
strasse_3353,3353,Blütenstraße,Urfahr,Nach dem Objekt Hauptstraße 48 etwa in ostnordöstlicher Richtung zur Wildbergstraße verlaufend. Benannt 1875. - Vorher Neue Prager Straße.,https://www.linz.at/strassennamen/Default.asp?action=strassendetail&ID=3353,,,,,,,,,,,
strasse_3356,3356,Bockgasse,"Linz, Waldegg",Von der Kreuzung Kellergasse - Waldeggstraße etwa in westsüdwestlicher Richtung zur Ziegeleistraße verlaufend. Benannt 1869 nach dem gleichnamigen Gasthaus. - Bereits vorher Weiße Bockwirtsgasse.,https://www.linz.at/strassennamen/Default.asp?action=strassendetail&ID=3356,,,,,,,,,,,
strasse_3358,3358,Böhmerwaldstraße,Linz,"Nach dem Objekt Coulinstraße 30 etwa in südwestlicher, dann in südöstlicher Richtung zur Kärntnerstraße verlaufend. Benannt 1945 zur Erinnerung an die vielen Linzer, die aus dem Böhmerwald stammen. - 1932 Schuhmeierstraße nach dem Wiener sozialdemokratischen Parteiführer Franz Schuhmeier (1864-1913). 1934 Feystraße nach dem Vizekanzler und Heimatschutzführer Major Emil Fey (1886-1938). 1938 Straße der Sudetendeutschen zur Erinnerung an den Kampf der Deutschen unter der tschechischen Herrschaft.",https://www.linz.at/strassennamen/Default.asp?action=strassendetail&ID=3358,,,,,,,,,,,
strasse_3360,3360,Boltzmannstraße,Waldegg,Nach dem Objekt Muldenstraße 36 etwa in nordöstlicher Richtung zur Eisenwerkstraße verlaufend. Benannt 1956 nach dem Wiener Physiker Ludwig Boltzmann (1844-1906).,https://www.linz.at/strassennamen/Default.asp?action=strassendetail&ID=3360,,,Ludwig Boltzmann,Q84296,,https://www.wikidata.org/wiki/Q84296,Ludwig Boltzmann,male,physicist,1844-02-20,1906-09-05
strasse_3362,3362,Boschweg,Lustenau,"Von der St.-Peter-Straße etwa in nordnordöstlicher Richtung dann in südöstlicher Richtung verlaufende zweiästige Sackgasse. Benannt 1943 nach dem Nobelpreisträger und Vorstandsvorsitzenden der I.G. Farben Carl Bosch (1874-1940), des Ausgestalters der Ammoniaksynthese.",https://www.linz.at/strassennamen/Default.asp?action=strassendetail&ID=3362,,,Carl Bosch,Q76606,,https://www.wikidata.org/wiki/Q76606,Carl Bosch,male,chemist,1874-08-27,1940-04-26
strasse_3363,3363,Brachsenweg,Ufer,"Von der Heliosallee zunächst in nördlicher, dann in östlicher Richtung verlaufende Sackgasse. Benannt 1958 nach der einheimischen Fischart.",https://www.linz.at/strassennamen/Default.asp?action=strassendetail&ID=3363,,,,,,,,,,,
strasse_3365,3365,Brahmsstraße,Waldegg,Nach dem Objekt Johann-Strauß-Straße 2a in westlicher Richtung zur Johann-Sebastian-Bach-Straße verlaufend. Benannt 1940 nach dem Tondichter Johannes Brahms (1833-1897).,https://www.linz.at/strassennamen/Default.asp?action=strassendetail&ID=3365,,,Johannes Brahms,Q7294,,https://www.wikidata.org/wiki/Q7294,Johannes Brahms,male,composer,1833-05-07,1897-04-03
strasse_3366,3366,Brandstetterweg,Pöstlingberg,Nach dem Objekt Samhaberstraße 76 etwa in östlicher Richtung zum Dießenleitenweg verlaufend. Benannt 1958 nach dem gleichnamigen Bauerngut.,https://www.linz.at/strassennamen/Default.asp?action=strassendetail&ID=3366,,,,,,,,,,,
strasse_3364,3364,Brändströmweg,Pöstlingberg,"Vom Göteborgweg etwa in südliche Richtung verlaufende Sackgasse. Benannt 1979 nach der schwedischen Delegierten des Roten Kreuzes Elsa Brändström (1888-1948), die als Engel von Sibirien zwischen 1914 und 1920 maßgeblich an der Betreuung und Rückführung österreichischer Kriegsgefangener aus Rußland beteiligt war.",https://www.linz.at/strassennamen/Default.asp?action=strassendetail&ID=3364,,,Elsa Brändström,Q469673,,https://www.wikidata.org/wiki/Q469673,Elsa Brändström,female,nurse,1888-03-26,1948-03-04
strasse_3367,3367,Brantnerweg,Waldegg,Nach dem Objekt Teuflstraße 20 in westlicher Richtung verlaufende Sackgasse. Benannt 1970 nach dem Intendanten des Linzer Landestheaters Ignaz Brantner (1886-1960).,https://www.linz.at/strassennamen/Default.asp?action=strassendetail&ID=3367,,,Ignaz Brantner,Q20859642,,https://www.wikidata.org/wiki/Q20859642,Ignaz Brantner,male,actor,1886-10-22,1960-12-24
strasse_3368,3368,Brechtweg,Ebelsberg,"Von der Ennsfeldstraße gegenüber der Abzweigung des Erich-Fried-Weges etwa in südsüdöstlicher Richtung verlaufend, dann in ostnordöstlicher Richtung umbiegend und als Doppelast in einer Sackgasse endend. Benannt 1993 nach dem Dramatiker, Regisseur und Theatertheoretiker Bert Brecht (1898-1956).",https://www.linz.at/strassennamen/Default.asp?action=strassendetail&ID=3368,,,Bert Brecht,Q38757,,https://www.wikidata.org/wiki/Q38757,Bertolt Brecht,male,playwright,1898-02-10,1956-08-14
strasse_3369,3369,Breinbauerweg,Katzbach,"Nach dem Objekt Marienberg 8 vorerst etwa in nördlicher, dann in westlicher Richtung verlaufend und wieder in diesen Straßenzug einmündend. Benannt 1958 nach dem bekannten Ottensheimer Orgelbaumeister Leopold Breinbauer (1859-1920).",https://www.linz.at/strassennamen/Default.asp?action=strassendetail&ID=3369,,,Leopold Breinbauer,Q55680874,,https://www.wikidata.org/wiki/Q55680874,Leopold Breinbauer,male,organ builder,1859-01-14,1920-05-18
strasse_3370,3370,Breitwiesergutstraße,Waldegg,Vom Bulgariplatz in westlicher Richtung zur Unionstraße verlaufend. Benannt 1921 nach dem ehemaligen gleichnamigen Bauernhof. - Ab 1899 Erzherzog-Albrecht-Straße nach Feldmarschall Erzherzog Albrecht (1817-1895).,https://www.linz.at/strassennamen/Default.asp?action=strassendetail&ID=3370,,,Erzherzog Albrecht,Q310807,,https://www.wikidata.org/wiki/Q310807,"Archduke Albrecht, Duke of Teschen",male,military officer,1817-08-03,1895-02-18
strasse_3371,3371,Bremenstraße,Posch,"Von der Einmündung der Schwaigaustraße in den Straßenzug ´Im Südpark´ abzweigend, vorest in nordwestlicher Richtung verlaufend und in nordnordöstlicher Richtung wieder zum Straßenzug ""Im Südpark"" zurückführend. Benannt 1997 nach der deutschen Stadt Bremen.",https://www.linz.at/strassennamen/Default.asp?action=strassendetail&ID=3371,,,,,,,,,,,
strasse_3372,3372,Brennerstraße,"Urfahr, Pöstlingberg",Vor dem Objekt Hagenstraße 14 in Mäanderform zur Prandtauerstraße verlaufend. Benannt 1928 nach dem Primarius der chirurgischen Abteilung des Allgemeinen Krankenhauses und Billrothschüler Alexander Brenner (1859-1936). - Ab 1926 Josef-Scheu-Straße nach dem Komponisten Josef Scheu (1841-1904).,https://www.linz.at/strassennamen/Default.asp?action=strassendetail&ID=3372,,,Alexander Brenner,,,,,,,,
strasse_3373,3373,Broschgasse,Urfahr,Von der Lindengasse in nördlicher und südlicher Richtung verlaufende Sackgasse. Benannt 1954 nach dem Maler und Graphiker Klemens Brosch (1894-1926).,https://www.linz.at/strassennamen/Default.asp?action=strassendetail&ID=3373,,,Klemens Brosch,Q1418756,,https://www.wikidata.org/wiki/Q1418756,Klemens Brosch,male,painter,1894-10-21,1926-12-17
strasse_3377,3377,Brucknerstraße,Waldegg,"Nach dem Objekt Wiener Straße 28 etwa in südwestlicher, dann in südsüdöstlicher Richtung zur Breitwiesergutstraße verlaufend. Benannt 1897 nach dem Komponisten Anton Bruckner (1824-1896).",https://www.linz.at/strassennamen/Default.asp?action=strassendetail&ID=3377,,,Anton Bruckner,Q81752,,https://www.wikidata.org/wiki/Q81752,Anton Bruckner,male,composer,1824-09-04,1896-10-11
strasse_3380,3380,Brunnenfeldstraße,Kleinmünchen,Nach dem Objekt Wiener Straße 312 etwa in westsüdwestlicher Richtung zum Straßenzug Am Langen Zaun verlaufend. Benannt 1925 nach einem Flurnamen.,https://www.linz.at/strassennamen/Default.asp?action=strassendetail&ID=3380,,,,,,,,,,,
strasse_3381,3381,Brunnwiese,Linz,Nach dem Objekt Kapuzinerstraße 84e etwa in westlicher Richtung zum Fritz-Lach-Weg verlaufend. Benannt 1954 nach einem Flurnamen.,https://www.linz.at/strassennamen/Default.asp?action=strassendetail&ID=3381,,,,,,,,,,,
strasse_3382,3382,Buchenweg,Katzbach,Nach dem Objekt Burgstallweg 5 etwa in nordöstlicher Richtung verlaufende Sackgasse. Benannt 1958 nach der einheimischen Baumart.,https://www.linz.at/strassennamen/Default.asp?action=strassendetail&ID=3382,,,,,,,,,,,
strasse_3384,3384,Büchlholzweg,Pöstlingberg,Nach dem Objekt Dießenleitenweg 100 etwa in ostsüdöstlicher Richtung verlaufende Sackgasse. Benannt 1954 nach einem Flurnamen.,https://www.linz.at/strassennamen/Default.asp?action=strassendetail&ID=3384,,,,,,,,,,,
strasse_3383,3383,Buchnerplatz,Lustenau,Vor der Einfahrt zur OMV-Gruppe befindlicher Platz. Benannt 1998 nach dem langjährigen Generaldirektor der Chemie Linz AG Hans Buchner (1920-1997).,https://www.linz.at/strassennamen/Default.asp?action=strassendetail&ID=3383,,,Hans Buchner,,,,,,,,
strasse_3385,3385,Büchnerstraße,Kleinmünchen,Vor dem Objekt Schwindstraße 17 in südlicher Richtung zum Angerholzerweg verlaufend. Benannt 1932 nach dem Schriftsteller und Dramatiker Georg Büchner (1813-1837).,https://www.linz.at/strassennamen/Default.asp?action=strassendetail&ID=3385,,,Georg Büchner,Q154014,,https://www.wikidata.org/wiki/Q154014,Georg Büchner,male,translator,1813-10-17,1837-02-19
strasse_3387,3387,Bukowinergasse,Kleinmünchen,Von der Schererstraße etwa in nordnordöstlicher Richtung zur Kolpingstraße verlaufend. Benannt 1956 nach den in der sogenannten Werenfried-Siedlung lebenden Umsiedlern aus der Bukowina.,https://www.linz.at/strassennamen/Default.asp?action=strassendetail&ID=3387,,,,,,,,,,,
strasse_3388,3388,Bulgariplatz,"Lustenau, Waldegg","Platz an der Einmündung der Makart-, Gürtel- und Wankmüllerhofstraße in die Wiener Straße. Benannt 1946 nach dem Werkmaler der Poschacher Brauerei und Arbeitersamariter Anton Bulgari (1877-1934), der am Februaraufstand 1934 des Republikanischen Schutzbundes mitbeteiligt war und durch den Strang hingerichtet wurde. - 1903 Polygonplatz. 1934 Landwehrplatz zu Ehren des Linzer Landwehrregiments Nr. 2, das sich im Ersten Weltkrieg auszeichnete.",https://www.linz.at/strassennamen/Default.asp?action=strassendetail&ID=3388,Q106634997,https://www.wikidata.org/wiki/Q106634997,Anton Bulgari,Q588525,,https://www.wikidata.org/wiki/Q588525,Anton Bulgari,male,revolutionary,1877-03-04,1934-02-22
strasse_3389,3389,Bunsenstraße,Kleinmünchen,Nach dem Objekt Im Haidgattern 4 etwa in westlicher Richtung zum Reintalerweg verlaufend. Benannt 1943 nach dem deutschen Chemiker Robert Wilhelm Bunsen (1811-1899).,https://www.linz.at/strassennamen/Default.asp?action=strassendetail&ID=3389,,,Robert Wilhelm Bunsen,Q71031,,https://www.wikidata.org/wiki/Q71031,Robert Bunsen,male,chemist,1811-03-31,1898-08-16
strasse_3390,3390,Burgenlandstraße,Waldegg,"Nach dem Objekt Breitwiesergutstraße 35 in südlicher Richtung zur Reuchlinstraße verlaufend. Benannt 1932 nach dem jüngsten österreichischen Bundesland, das bis zum Jahre 1921 ein Teil Ungarns war.",https://www.linz.at/strassennamen/Default.asp?action=strassendetail&ID=3390,,,,,,,,,,,
strasse_3386,3386,Bürgerstraße,Linz,Nach dem Objekt Landstraße 63 etwa in ostnordöstlicher Richtung zur Kantstraße verlaufend. Benannt 1869 in bewußter Gegenüberstellung zur aristokratischen Herrenstraße.,https://www.linz.at/strassennamen/Default.asp?action=strassendetail&ID=3386,,,,,,,,,,,
strasse_3391,3391,Burgstallweg,Katzbach,Von der Freistädter Straße nach der Ortschaft Katzbach etwa in östlicher Richtung verlaufende Sackgasse. Benannt 1958 nach einem Flurnamen.,https://www.linz.at/strassennamen/Default.asp?action=strassendetail&ID=3391,,,,,,,,,,,
strasse_3422,3422,Calaminusweg,Waldegg,"Von der Gruentalerstraße vorerst in südöstlicher, dann in östlicher Richtung zur Ramsauerstraße verlaufend. Benannt 1994 nach Georg Calaminus (1547-1595), Ökonom und Präzeptor der Protestantischen Landschaftsschule in Linz.",https://www.linz.at/strassennamen/Default.asp?action=strassendetail&ID=3422,,,Georg Calaminus,Q1503883,,https://www.wikidata.org/wiki/Q1503883,Georg Calaminus,male,writer,1547-04-28,1595-12-11
strasse_2113,2113,Carlonegasse,Kleinmünchen,"Vom Straßenzug Im Haidland etwa in westsüdwestlicher Richtung zum Straßenzug Im Hütterland verlaufend. Benannt 1946 nach dem aus Italien stammenden Maler Carlo Carlone (1686-1775), der in Linz tätig war.",https://www.linz.at/strassennamen/Default.asp?action=strassendetail&ID=2113,,,Carlo Carlone,Q1041995,,https://www.wikidata.org/wiki/Q1041995,Carlo Carlone,male,painter,1686-11-01,1775-05-17
strasse_3442,3442,City Park,Linz,Parkanlage im Häusergeviert Landstraße - Johann-Konrad-Vogel-Straße - Bismarckstraße - Hessenplatz. Benannt 2011.,https://www.linz.at/strassennamen/Default.asp?action=strassendetail&ID=3442,,,,,,,,,,,
strasse_2116,2116,Colerusstraße,Katzbach,Von der Zerzerstraße etwa in ostnordöstlicher Richtung bis zum Haselbach verlaufend. Benannt 1973 nach dem in Linz geborenen Schriftsteller Egmont Colerus von Geldern (1888-1939).,https://www.linz.at/strassennamen/Default.asp?action=strassendetail&ID=2116,,,Egmont Colerus von Geldern,Q86596,,https://www.wikidata.org/wiki/Q86596,Egmont Colerus,male,writer,1888-05-12,1939-04-08
strasse_2117,2117,Commendastraße,Katzbach,"Von der Dornacher Straße etwa in nordnordöstlicher, dann östlicher Richtung zur Glaserstraße verlaufend. Benannt 1972 nach dem Volkskundler und Heimatforscher Hans Commenda (1889-1971).",https://www.linz.at/strassennamen/Default.asp?action=strassendetail&ID=2117,,,Hans Commenda,Q1579045,,https://www.wikidata.org/wiki/Q1579045,Hans Commenda,male,politician,1889-02-05,1971-01-25
strasse_2118,2118,Corneliusgasse,Waldegg,Nach dem Objekt Lannergasse 16 etwa in nordwestlicher Richtung verlaufende Sackgasse. Benannt 1951 nach dem deutschen Dichter und Komponisten Peter Cornelius (1824-1874).,https://www.linz.at/strassennamen/Default.asp?action=strassendetail&ID=2118,,,Peter Cornelius,Q57257,,https://www.wikidata.org/wiki/Q57257,Peter Cornelius,male,composer,1824-12-24,1874-10-26
strasse_2119,2119,Coulinstraße,Linz,"Nach dem Objekt Karl-Wiser-Straße 17 etwa in südöstlicher Richtung zur Kärntnerstraße verlaufend. Benannt 1882 nach dem Kaufmann Christian Coulin (1807-1888), der der Stadt Linz ein Vermögen zur Versorgung mittelloser, alter und gebrechlicher Dienstboten hinterließ.",https://www.linz.at/strassennamen/Default.asp?action=strassendetail&ID=2119,,,Christian Coulin,Q1079207,,https://www.wikidata.org/wiki/Q1079207,Christian Coulin,male,entrepreneur,1807-02-18,1888-07-26
strasse_2120,2120,Cremeristraße,Lustenau,"Nach dem Objekt Garnisonstraße 55 etwa in östlicher Richtung zur Ing.-Stern-Straße verlaufend. Benannt 1945 nach dem staatlichen Bücherzensor, Bühnentheoretiker und Theaterdirektor Benedikt Anton Cremeri 1752-1795. - Ab 1940 Wohlrabstraße nach dem Polizeiwachmann Erich Wohlrab 1908-1934, der am nationalsozialistischen Juliputsch 1934 beteiligt war.",https://www.linz.at/strassennamen/Default.asp?action=strassendetail&ID=2120,,,Benedikt Anton Cremeri,,,,,,,,
strasse_2121,2121,Dachsweg,Pichling,"Nach dem Objekt Oidener Straße 68 vorerst etwa in südwestlicher, dann in südsüdwestlicher und wiederum in südwestlicher Richtung verlaufend. Nach den Objekten 38 und 41 führt ein Teilstück in nordwestlicher Richtung zum Krähenweg, das andere in südöstlicher Richtung endet als Sackgasse. Benannt 1958 nach der gleichnamigen Tierart.",https://www.linz.at/strassennamen/Default.asp?action=strassendetail&ID=2121,,,,,,,,,,,
strasse_2122,2122,Daimlerstraße,Kleinmünchen,Von der Dieselstraße etwa in südlicher bzw. südsüdwestlicher Richtung zur Siemensstraße verlaufend. Benannt 1943 nach dem Maschineningenieur und Kraftwagenpionier Gottlieb Daimler (1834-1900).,https://www.linz.at/strassennamen/Default.asp?action=strassendetail&ID=2122,,,Gottlieb Daimler,Q57098,,https://www.wikidata.org/wiki/Q57098,Gottlieb Daimler,male,engineer,1834-03-17,1900-03-06
strasse_2123,2123,Dallingerstraße,Kleinmünchen,"Von der A7 Anschlußstelle Franzosenhausweg etwa in westlicher Richtung zunächst zum Angererhofweg verlaufend, 1999 Verlängerung bis zur Stadtgrenze mit Traun. Benannt 1989 nach dem bei einem Flugzeugabsturz ums Leben gekommenen Gewerkschafter und Sozialminister Alfred Dallinger (1926-1989).",https://www.linz.at/strassennamen/Default.asp?action=strassendetail&ID=2123,,,Alfred Dallinger,Q1551072,,https://www.wikidata.org/wiki/Q1551072,Alfred Dallinger,male,politician,1926-11-07,1989-02-23
strasse_2124,2124,Damaschkestraße,Urfahr,Nach dem Objekt Rosenauerstraße 22 etwa in nordwestlicher Richtung bogenförmig in die Steinbauerstraße einmündend. Benannt 1926 nach dem Nationalökonomen Adolf Damaschke (1865-1935).,https://www.linz.at/strassennamen/Default.asp?action=strassendetail&ID=2124,,,Adolf Damaschke,Q89439,,https://www.wikidata.org/wiki/Q89439,Adolf Damaschke,male,economist,1865-11-24,1935-07-30
strasse_2125,2125,Dametzstraße,Linz,"Vom Graben etwa in südsüdöstlicher Richtung zum Hessenplatz verlaufend. Benannt 1945 nach dem ersten sozialdemokratischen Linzer Bürgermeister Josef Dametz (1868-1927). 1928 galt diese Bezeichnung lediglich für den Straßenteil zwischen Graben und Harrachstraße. - Der Straßenzug Harrachstraße-Hessenplatz hieß ab 1864 Marktstraße, der dann durchführende Weg 1934 Dollfußstraße nach Bundeskanzler Engelbert Dollfuß (1892-1934), umgekommen beim nationalsozialistischen Juliputsch 1934. 1938 Freiheitsstraße aus Anlaß des Anschlusses Österreichs an das Deutsche Reich am 13. März 1938.",https://www.linz.at/strassennamen/Default.asp?action=strassendetail&ID=2125,,,Josef Dametz,Q1704460,,https://www.wikidata.org/wiki/Q1704460,Josef Dametz,male,politician,1868-05-26,1927-09-21
strasse_2126,2126,Dannerweg,Urfahr,"Nach dem Objekt Riesenwiese 30 etwa in nordöstlicher, dann in östlicher Richtung verlaufende Sackgasse. Benannt 1958 nach Hermann Danner (1851-1901), der an der Endprojektierung und Bauführung der Pöstlingbergbahn maßgeblich beteiligt war.",https://www.linz.at/strassennamen/Default.asp?action=strassendetail&ID=2126,,,Hermann Danner,,,,,,,,
strasse_2127,2127,Darrgutstraße,Lustenau,"Als Fortsetzung der Krankenhausstraße etwa in südöstlicher Richtung zur Prinz-Eugen-Straße verlaufend. Benannt 1913 nach dem unter der Grundobrigkeit der Grundobrigkeit der passauischen Herrschaft Ebelsberg stehenden Bauernhof ""Auf der Darr"". Herkunft des Namens ungeklärt.",https://www.linz.at/strassennamen/Default.asp?action=strassendetail&ID=2127,,,,,,,,,,,
strasse_2128,2128,Dauphinestraße,Kleinmünchen,"Nach dem Objekt Wiener Straße 420 etwa in westlicher, dann in westnordwestlicher und wiederum in westlicher Richtung zur Siemensstraße verlaufend. Inoffiziell schon länger in Gebrauch, offiziell benannt 1928 nach der Tochter Maria Theresias, Erzherzogin Maria Antoinette (1755-1793), die auf dieser Straße 1770 zu ihrer Vermählung mit dem französischen Thronfolger Ludwig XVI. (Dauphin) nach Paris reiste. - Bis 1954 in der nicht korrekten Schreibweise Dauphinstraße.",https://www.linz.at/strassennamen/Default.asp?action=strassendetail&ID=2128,Q50821798,https://www.wikidata.org/wiki/Q50821798,Marie Antoinette,Q47365,,https://www.wikidata.org/wiki/Q47365,Marie Antoinette,female,aristocrat,1755-11-02,1793-10-16
strasse_2130,2130,Deggendorfstraße,Posch,"Vom Straßenzug ""Im Südpark"" etwa in nordwestlicher Richtung zur Bremenstraße verlaufend. Benannt 1997 nach der deutschen Stadt Deggendorf.",https://www.linz.at/strassennamen/Default.asp?action=strassendetail&ID=2130,,,,,,,,,,,
strasse_2132,2132,Denkstraße,Kleinmünchen,"Nach dem Objekt Wiener Straße 378 etwa in westlicher bzw. westsüdwestlicher Richtung zur Dauphinestraße verlaufend. Benannt 1934 nach Pfarrer Josef Denk (1846-1916), dem Initiator des Kirchenneubaus in Kleinmünchen. - 1929 Robert-Blum-Straße nach dem radikaldemokratischen Politiker Robert Blum (1804-1848). Vorher inoffiziell Linzer Straße.",https://www.linz.at/strassennamen/Default.asp?action=strassendetail&ID=2132,,,Josef Denk,,,,,,,,
strasse_2133,2133,Depinystraße,Pöstlingberg,Vor dem Objekt Büchlholzweg 36 abzweigende bogenförmige Sackgasse. Benannt 1968 nach dem Volksbildner und Heimatforscher Adalbert Depiny (1883-1941).,https://www.linz.at/strassennamen/Default.asp?action=strassendetail&ID=2133,,,Adalbert Depiny,Q347294,,https://www.wikidata.org/wiki/Q347294,Adalbert Depiny,male,politician,1883-08-30,1941-12-19
strasse_2134,2134,Derfflingerstraße,"Linz, Lustenau",Von der Garnisonstraße etwa in nordöstlicher Richtung zur Industriezeile verlaufend. Benannt 1903 nach dem in Neuhofen an der Krems geborenen protestantischen brandenburgischen Generalfeldmarschall Georg von Derfflinger (1606-1695).,https://www.linz.at/strassennamen/Default.asp?action=strassendetail&ID=2134,,,Georg von Derfflinger,Q698453,,https://www.wikidata.org/wiki/Q698453,Georg von Derfflinger,male,military personnel,1606-03-10,1695-02-04
strasse_2135,2135,Deublerstraße,Waldegg,"Nach dem Objekt Waldeggstraße 64 etwa in westlicher Richtung zur Niederreithstraße verlaufend. Benannt 1905 nach dem ""Bauernphilosophen"" aus Goisern Konrad Deubler (1814-1884).",https://www.linz.at/strassennamen/Default.asp?action=strassendetail&ID=2135,,,Konrad Deubler,Q1407212,,https://www.wikidata.org/wiki/Q1407212,Konrad Deubler,male,farmer,1814-11-26,1884-03-31
strasse_2136,2136,Deutlweg,Kleinmünchen,Nach dem Objekt Hausleitnerweg 7 etwa in südsüdöstlicher Richtung zur Spaunstraße verlaufend. Benannt 1954 nach dem oberösterreichischen Mundartdichter Josef Deutl (1839-1916).,https://www.linz.at/strassennamen/Default.asp?action=strassendetail&ID=2136,,,Josef Deutl,Q104764441,,https://www.wikidata.org/wiki/Q104764441,Josef Deutl,male,veterinarian,1839-08-16,1916-04-17
strasse_2137,2137,Dierzerstraße,Lustenau,Nach dem Objekt Poschacherstraße 21 etwa in nördlicher Richtung verlaufende Sackgasse. Benannt 1899 nach dem Fabriksbesitzer und liberalen Politiker Emil Dierzer Ritter von Traunthal (1844-1904).,https://www.linz.at/strassennamen/Default.asp?action=strassendetail&ID=2137,,,Emil Dierzer Ritter von Traunthal,Q15807984,,https://www.wikidata.org/wiki/Q15807984,Emil Dierzer von Traunthal,male,politician,1844-04-26,1904-02-15
strasse_2138,2138,Dieselstraße,Kleinmünchen,"Nach dem Objekt Benzstraße 14 etwa in westsüdwestlicher Richtung zur Siemensstraße verlaufend. Benannt 1943 nach Rudolf Diesel (1858-1913), dem Erfinder des Dieselmotors.",https://www.linz.at/strassennamen/Default.asp?action=strassendetail&ID=2138,,,Rudolf Diesel,Q12674,,https://www.wikidata.org/wiki/Q12674,Rudolf Diesel,male,inventor,1858-03-18,1913-09-30
strasse_2139,2139,Dießenleitenweg,"Urfahr, Pöstlingberg",Von der Teistlergutstraße etwa in nordwestlicher Richtung zur Stadtgrenze mit Gramastetten verlaufend. Benannt 1926 nach dem gleichnamigen Bach; als volkstümliche Bezeichnung jedoch schon vorher nachzuweisen.,https://www.linz.at/strassennamen/Default.asp?action=strassendetail&ID=2139,,,,,,,,,,,
strasse_2141,2141,Dillerweg,Katzbach,Vor dem Objekt Leonfeldner Straße 224 etwa in östlicher Richtung verlaufende Sackgasse. Benannt 1985 nach dem Maler Richard Karl Diller (1890-1969).,https://www.linz.at/strassennamen/Default.asp?action=strassendetail&ID=2141,,,Richard Karl Diller,,,,,,,,
strasse_2142,2142,Dimmelstraße,Linz,"Als Sackgasse oberhalb des Tiefen Grabens beginnend, etwa in westsüdwestlicher Richtung verlaufend und in die Römerstraße einmündend. Benannt 1894 nach dem Großkaufmann und Präsidenten der Allgemeinen Sparkasse Anton Dimmel (1823-1901), der 1895 die Arbeiterhäuserkolonie in dieser Straße errichten ließ.",https://www.linz.at/strassennamen/Default.asp?action=strassendetail&ID=2142,Q106634998,https://www.wikidata.org/wiki/Q106634998,Anton Dimmel,,,,,,,,
strasse_2143,2143,Dinghoferstraße,Linz,Nach dem Objekt Harrachstraße 36 etwa in südsüdöstlicher Richtung zur Friedhofstraße verlaufend. Benannt 1918 nach dem Linzer Bürgermeister und Ehrenbürger Franz Dinghofer (1873-1956). - Ab 1869 Gemeindestraße.,https://www.linz.at/strassennamen/Default.asp?action=strassendetail&ID=2143,,,Franz Dinghofer,Q1446546,,https://www.wikidata.org/wiki/Q1446546,Franz Dinghofer,male,politician,1873-04-06,1956-01-12
strasse_2144,2144,Dobretsbergerweg,Ebelsberg,"Nach dem Objekt Heinrich-Kandl-Weg 10 in westsüdwestlicher, dann in nordnordwestlicher Richtung verlaufende Sackgasse. Benannt 1985 nach dem Präses des Katholischen Gesellenvereines und Sekretär des Seraphischen Liebeswerkes Johann Dobretsberger (1865-1932).",https://www.linz.at/strassennamen/Default.asp?action=strassendetail&ID=2144,,,Johann Dobretsberger,,,,,,,,
strasse_3440,3440,Dohnalstraße,Kleinmünchen,"Nach dem Objekt Franzosenhausweg 32 abzweigende, in westliche Richtung verlaufende Sackgasse. Benannt 2010 nach Johanna Dohnal (1939-2010), der ersten Frauenministerin Österreichs.",https://www.linz.at/strassennamen/Default.asp?action=strassendetail&ID=3440,,,Johanna Dohnal,Q112494,,https://www.wikidata.org/wiki/Q112494,Johanna Dohnal,female,women's rights activist,1939-02-14,2010-02-20
strasse_2097,2097,Domgasse,Linz,Vom Pfarrplatz zweimal hakenförmig zum Graben bzw. Taubenmarkt verlaufend. Benannt 1869 nach der bei der Errichtung des Bistums Linz zur Domkirche (bis 1909) erhobenen Jesuitenkirche. - 1612 Schmidgassen. 1644 Schmid- oder Jesuitergassen. 1710 bis nach 1801 Jesuitengassen. Seit 1802 Dombrückel (nach der dort vorhandenen Brücke über den Graben). 1834 Domgasse und Domplatz.,https://www.linz.at/strassennamen/Default.asp?action=strassendetail&ID=2097,Q106634999,https://www.wikidata.org/wiki/Q106634999,,,,,,,,,
strasse_3471,3471,Domplatz,Linz,"Fläche westlich vom Mariä-Empfängnis-Dom, südlich der Stifterstraße, östlich der Herrenstraße sowie nördlich von einer Grünfläche begrenzt.",https://www.linz.at/strassennamen/Default.asp?action=strassendetail&ID=3471,Q106635000,https://www.wikidata.org/wiki/Q106635000,,,,,,,,,
strasse_3405,3405,Don-Bosco-Weg,Linz,Vor dem Objekt Füchselstraße 11 etwa in südsüdöstlicher Richtung zur Fröbelstraße verlaufend. Benannt 2002 nach dem Priester und Sozialpädagogen Giovanni Bosco (1815-1888).,https://www.linz.at/strassennamen/Default.asp?action=strassendetail&ID=3405,,,Giovanni Bosco,Q146183,,https://www.wikidata.org/wiki/Q146183,John Bosco,male,Latin Catholic priest,1815-08-16,1888-01-31
strasse_2099,2099,Donatusgasse,Katzbach,"Beim Objekt Römerstraße 51 vorerst etwa in westlicher Richtung verlaufend und dann bogenförmig in die Mariahilfgasse bzw. Fritz-Lach-Weg einmündend. Benannt 1869 nach der Statue des Hl. Donatus, die 1788 als ""An der Lacken"" (heute Bereich der Römerbergschule) stehend bezeichnet wird. - 1815 war die Straße Teil der Ziegelstadelstraße.",https://www.linz.at/strassennamen/Default.asp?action=strassendetail&ID=2099,Q106635001,https://www.wikidata.org/wiki/Q106635001,,,,,,,,,
strasse_2100,2100,Donauerweg,Katzbach,"Nach dem Objekt Oberbairinger Straße 32 in östlicher Richtung verlaufende Sackgasse. Benannt 1979 nach dem Gemeindevorsteher von Katzbach Peter Donauer, der 1861 mit 69 Jahren starb.",https://www.linz.at/strassennamen/Default.asp?action=strassendetail&ID=2100,,,Peter Donauer,,,,,,,,
strasse_2101,2101,Donaufeldstraße,Lustenau,Vor dem Objekt Freistädter Straße 384 etwa in südlicher und dann ostsüdöstlicher Richtung parallel zum Haselbach bis zur Stadtgrenze zu Steyregg verlaufend. Benannt 1976 nach einer Flurbezeichnung.,https://www.linz.at/strassennamen/Default.asp?action=strassendetail&ID=2101,,,,,,,,,,,
strasse_3435,3435,Donaupromenade,Lustenau,Nach dem Objekt Am Winterhafen 4 in östlicher Richtung zur Kreuzung Hafenstraße/Industriezeile verlaufend. Benannt 2008.,https://www.linz.at/strassennamen/Default.asp?action=strassendetail&ID=3435,,,,,,,,,,,
strasse_2103,2103,Donnererweg,Pöstlingberg,"Nach dem Objekt Bachlbergweg 126 vorerst etwa in nördlicher, dann in ostsüdöstlicher Richtung zur Pachmayrstraße verlaufend. Benannt 1958 nach dem gleichnamigen Bauerngut.",https://www.linz.at/strassennamen/Default.asp?action=strassendetail&ID=2103,,,,,,,,,,,
strasse_2104,2104,Doppelbauerweg,Urfahr,"Nach dem Objekt Rosenauerstraße 46 etwa in nördlicher Richtung verlaufende Sackgasse. Benannt 1954 nach Bischof Franz Maria Doppelbauer (1845-1908), dem Erbauer des Collegium Petrinum. - 1904 Petrinumstraße.",https://www.linz.at/strassennamen/Default.asp?action=strassendetail&ID=2104,,,Franz Maria Doppelbauer,Q876671,,https://www.wikidata.org/wiki/Q876671,Franz Maria Doppelbauer,male,theologian,1845-01-21,1908-12-02
strasse_2105,2105,Dopschweg,Katzbach,Zwischen den Objekten Glaserstraße 12 und 28 etwa in östlicher Richtung verlaufende Sackgasse. Benannt 1973 nach dem österreichischen Wirtschaftshistoriker Alfons Dopsch (1868-1953).,https://www.linz.at/strassennamen/Default.asp?action=strassendetail&ID=2105,,,Alfons Dopsch,Q86287,,https://www.wikidata.org/wiki/Q86287,Alfons Dopsch,male,economic historian,1868-06-14,1953-09-01
strasse_2106,2106,Dornacher Straße,Katzbach,Von der Altenberger Straße etwa in westlicher bzw. westnordwestlicher Richtung zur Ferdinand-Markl-Straße verlaufend. Altbenannt nach der gleichnamigen Konskriptionsortschaft.,https://www.linz.at/strassennamen/Default.asp?action=strassendetail&ID=2106,,,,,,,,,,,
strasse_2107,2107,Dornlandweg,Katzbach,Vom Straßenzug Im Schlantenfeld etwa in nordnordwestlicher Richtung verlaufende Sackgasse. Benannt 1955 nach einer Flurbezeichnung.,https://www.linz.at/strassennamen/Default.asp?action=strassendetail&ID=2107,,,,,,,,,,,
strasse_2108,2108,Drosselweg,Pichling,Von der Oidener Straße nach der Unterführung unter der Westbahn abzweigende und etwa in südwestlicher Richtung verlaufende Sackgasse. Benannt 1958 nach der einheimischen Singvogelart.,https://www.linz.at/strassennamen/Default.asp?action=strassendetail&ID=2108,,,,,,,,,,,
strasse_2109,2109,Drouotstraße,Lustenau,Nach dem Objekt Gürtelstraße 10 etwa in südlicher Richtung zur Poschacherstraße verlaufend. Benannt 1899 nach dem Bürgermeister und Buchdruckereibesitzer Viktor Ritter von Drouot (1811-1897).,https://www.linz.at/strassennamen/Default.asp?action=strassendetail&ID=2109,,,Viktor Drouot,Q94702229,,https://www.wikidata.org/wiki/Q94702229,Viktor Drouot,male,politician,1811-06-10,1897-05-06
strasse_2112,2112,Duftschmidgasse,Linz,Nach dem Objekt Roseggerstraße 8 bogenförmig wieder zu diesem Straßenzug zurückführend. Benannt 1952 nach dem oberösterreichischen Botaniker und Linzer Arzt Johann Duftschmid (1804-1866).,https://www.linz.at/strassennamen/Default.asp?action=strassendetail&ID=2112,,,Johann Duftschmid,Q21511020,,https://www.wikidata.org/wiki/Q21511020,Johann Baptiste Duftschmid,male,physician,1804-07-22,1866-12-11
strasse_2110,2110,Dürerstraße,Kleinmünchen,"Als Sackgasse beginnend und etwa in südsüdöstlicher Richtung zur Dauphinestraße verlaufend. Benannt 1933 nach dem Maler, Zeichner, Holzschneider und Kupferstecher Albrecht Dürer (1471-1528).",https://www.linz.at/strassennamen/Default.asp?action=strassendetail&ID=2110,,,Albrecht Dürer,Q5580,,https://www.wikidata.org/wiki/Q5580,Albrecht Dürer,male,painter,1471-05-21,1528-04-06
strasse_2111,2111,Dürrnbergerstraße,Waldegg,"Nach dem Objekt Wiener Straße 40 etwa in südwestlicher Richtung zum Andreas-Hofer-Platz verlaufend. Benannt 1899 nach dem Rechtsanwalt, Gemeinderat und Abgeordneten zum Reichsrat Adolf Dürrnberger (1838-1896), der sich um die Pflege der Wissenschaft und um die Verschönerung der Stadt verdient machte.",https://www.linz.at/strassennamen/Default.asp?action=strassendetail&ID=2111,,,Adolf Dürrnberger,Q20755343,,https://www.wikidata.org/wiki/Q20755343,Adolf Dürrnberger,male,lawyer,1838-06-04,1896-10-26
strasse_1637,1637,Ebelsberger Schloßberg,Ebelsberg,"Vom Panholzerweg etwa in südöstlicher Richtung zum Schloss Ebelsberg verlaufend. Benannt 1954, vorher altbenannt Schlossberg.",https://www.linz.at/strassennamen/Default.asp?action=strassendetail&ID=1637,,,,,,,,,,,
strasse_1638,1638,Ebelsberger Schloßweg,"Ebelsberg, Ufer","Nach dem Objekt Wiener Straße 501 etwa in ostnordöstlicher Richtung zur Traundorfer Straße verlaufend. Benannt 1954, vorher altbenannt als Schloßstraße.",https://www.linz.at/strassennamen/Default.asp?action=strassendetail&ID=1638,,,,,,,,,,,
strasse_1639,1639,Ebenhochstraße,Lustenau,Von der Hittmairstraße etwa in südsüdöstlicher Richtung zur Wimhölzelstraße verlaufend. Benannt 1931 nach dem Landeshauptmann und Ackerbauminister Alfred Ebenhoch (1855-1912).,https://www.linz.at/strassennamen/Default.asp?action=strassendetail&ID=1639,,,Alfred Ebenhoch,Q1755186,,https://www.wikidata.org/wiki/Q1755186,Alfred Ebenhoch,male,politician,1855-05-18,1912-01-30
strasse_1641,1641,Ebner-Eschenbach-Weg,Ebelsberg,"Von der Ennsfeldstraße etwa in nordnordwestlicher Richtung zum Kafkaweg verlaufend. Benannt 1993 nach der Schriftstellerin Marie Freifrau von Ebner-Eschenbach, geborene Gräfin Dubsky (1830-1916).",https://www.linz.at/strassennamen/Default.asp?action=strassendetail&ID=1641,,,Marie von Ebner-Eschenbach,Q93525,,https://www.wikidata.org/wiki/Q93525,Marie von Ebner-Eschenbach,female,writer,1830-09-13,1916-03-12
strasse_1642,1642,Eckhartweg,Waldegg,"Nach dem Objekt Meggauerstraße 42 etwa in nordwestlicher, dann westsüdwestlicher Richtung zur Haager Straße verlaufend. Benannt 1986 nach dem Linzer Bürgermeister Anton Eckhart von der Thann (gest. 1646).",https://www.linz.at/strassennamen/Default.asp?action=strassendetail&ID=1642,,,Anton Eckhart von der Thann,,,,,,,,
strasse_1643,1643,Ecklweg,Katzbach,Von der Hazodstraße etwa in südlicher Richtung verlaufende Sackgasse. Benannt 1992 nach der oberösterreichischen Malerin Vilma Eckl (1892-1982).,https://www.linz.at/strassennamen/Default.asp?action=strassendetail&ID=1643,,,Vilma Eckl,Q2526258,,https://www.wikidata.org/wiki/Q2526258,Vilma Eckl,female,painter,1892-06-26,1982-06-10
strasse_3453,3453,Edeltraud-Hofer-Straße,Lustenau,Die von der Lastenstraße in östlicher Richtung verlaufende und als Sackgasse endende Verkehrsfläche wird 2013 nach der ehemaligen Linzer Vizebürgermeisterin Edeltraud Hofer (1933-2001) benannt.,https://www.linz.at/strassennamen/Default.asp?action=strassendetail&ID=3453,,,Edeltraud Hofer,Q109578098,,https://www.wikidata.org/wiki/Q109578098,Edeltraud Hofer,female,politician,1933-12-06,2001-06-02
strasse_1644,1644,Edelweißberg,Waldegg,"Von der Freinbergstraße etwa in nordwestlicher Richtung bis zur Stadtgrenze zu Leonding ins Zaubertal verlaufend. Benannt 1953 nach der Villa ""Edelweiß"" des Schriftstellers und Mundartdichters Karl Mayer-Freinberg (1875-1949).",https://www.linz.at/strassennamen/Default.asp?action=strassendetail&ID=1644,,,,,,,,,,,
strasse_1645,1645,Edenluß,Katzbach,Von der Dornacher Straße etwa in östlicher Richtung zur Glaserstraße verlaufend. Benannt 1954 nach einem Flurnamen.,https://www.linz.at/strassennamen/Default.asp?action=strassendetail&ID=1645,,,,,,,,,,,
strasse_1646,1646,Ederstraße,Linz,"Vom Schillerplatz in südlicher Richtung zur Stelzhamerstraße verlaufend. Benannt 1910 nach dem Besitzer der Apotheke ""Zum heiligen Leopold"" (Landstraße 72-Ecke Langgasse) und Bürgermeister Gustav Eder (1861-1909).",https://www.linz.at/strassennamen/Default.asp?action=strassendetail&ID=1646,,,Gustav Eder,Q1415943,,https://www.wikidata.org/wiki/Q1415943,Gustav Eder,male,politician,1861-07-23,1909-07-07
strasse_1647,1647,Edisonstraße,Waldegg,"Nach dem Objekt Eisenwerkstraße 19 etwa in westlicher Richtung verlaufende Sackgasse. Benannt 1956 nach Thomas Alva Edison (1847-1931), dem Erfinder des Mikrophons, des Phonographen, der Kohlenfadenlampe, des Kinetographen, des Vitaskops und anderer Apparate.",https://www.linz.at/strassennamen/Default.asp?action=strassendetail&ID=1647,,,Thomas Alva Edison,Q8743,,https://www.wikidata.org/wiki/Q8743,Thomas Alva Edison,male,engineer,1847-02-11,1931-10-18
strasse_1648,1648,Edlbacherstraße,Waldegg,"Vom Andreas-Hofer-Platz etwa in westsüdwestlicher Richtung zur Unionstraße verlaufend. Benannt 1899 nach dem Advokaten, Reichsrats-, Landtags- und Gemeinderatsmitglied Max Edlbacher (1835-1893).",https://www.linz.at/strassennamen/Default.asp?action=strassendetail&ID=1648,,,Max Edlbacher,Q20755376,,https://www.wikidata.org/wiki/Q20755376,Max Edlbacher,male,lawyer,1835-02-13,1893-08-06
strasse_1649,1649,Edmund-Aigner-Straße,Ebelsberg,Nach dem Objekt Hartheimerstraße 20 in südlicher und südwestlicher Richtung zur Wambacher Straße verlaufend. Benannt 1986 nach dem Bürgermeister Edmund Aigner (1900-1968).,https://www.linz.at/strassennamen/Default.asp?action=strassendetail&ID=1649,,,Edmund Aigner,Q1285924,,https://www.wikidata.org/wiki/Q1285924,Edmund Aigner,male,politician,1900-03-29,1968-05-03
strasse_1650,1650,Eduard-Haas-Straße,Kleinmünchen,Von der Stadtgrenze Traun etwa in ostnordöstlicher Richtung verlaufende Sackgasse. Benannt 1980 in Fortführung der bereits auf Trauner Stadtgebiet bestehenden Bezeichnung nach dem Firmengründer Eduard Haas (1833-1878).,https://www.linz.at/strassennamen/Default.asp?action=strassendetail&ID=1650,,,Eduard Haas,,,,,,,,
strasse_1651,1651,Eduard-Sueß-Straße,Kleinmünchen,"Vor dem Objekt Wegscheiderstraße 20 etwa in nördlicher Richtung zur Kreuzung mit Schererstraße und Melissenweg verlaufend. 1958 nach dem Geologen und Ehrenbürger Eduard Sueß (1831-1914), der entscheidende Hinweise auf den Grundwasserstrom der Traun für den Bau der Linzer Wasserleitung gab.",https://www.linz.at/strassennamen/Default.asp?action=strassendetail&ID=1651,,,Eduard Sueß,Q156941,,https://www.wikidata.org/wiki/Q156941,Eduard Suess,male,paleontologist,1831-08-20,1914-04-26
strasse_1653,1653,Ehrensteinweg,Lustenau,"Vom Straßenzug Am Fünfundzwanziger Turm parallel zur A 7 etwa in südöstlicher Richtung verlaufende Sackgasse. Benannt 1946 nach der Postmeisterfamilie Groß von Ehrenstein, die zwischen 1750 und 1755 den Heimlhof, der später als Posthof bezeichnet wurde, neu erbauen ließ.",https://www.linz.at/strassennamen/Default.asp?action=strassendetail&ID=1653,,,,,,,,,,,
strasse_1654,1654,Ehrentletzbergerstraße,Lustenau,"Nach dem Objekt Pummererstraße 36 etwa in südsüdöstlicher bzw. östlicher Richtung zur Prinz-Eugen-Straße verlaufend. Benannt 1967 nach dem Kaufmann, Handelskammerfunktionär und Vizebürgermeister Siegmund Ehrentletzberger (1824-1885).",https://www.linz.at/strassennamen/Default.asp?action=strassendetail&ID=1654,,,Siegmund Ehrentletzberger,,,,,,,,
strasse_1655,1655,Eibenweg,Katzbach,Hinter dem Objekt Freistädter Straße 403 etwa in östlicher Richtung verlaufende Sackgasse. Benannt 1958 nach der gleichnamigen Nadelholzart.,https://www.linz.at/strassennamen/Default.asp?action=strassendetail&ID=1655,,,,,,,,,,,
strasse_1656,1656,Eichendorffstraße,Waldegg,Von der Landwiedstraße etwa in ostnordöstlicher Richtung zum Straßenzug Am Bindermichl verlaufend. Benannt 1941 nach dem Dichter Josef Freiherr von Eichendorff 1788-1857.,https://www.linz.at/strassennamen/Default.asp?action=strassendetail&ID=1656,,,Josef von Eichendorff,Q77204,,https://www.wikidata.org/wiki/Q77204,Joseph von Eichendorff,male,writer,1788-03-10,1857-11-26
strasse_1657,1657,Eigenheimweg,Waldegg,"Vom Straßenzug Am Lerchenfeld etwa in nordwestlicher Richtung zur Bessemerstraße verlaufend. Benannt 1951 nach der gemeinnützigen Siedlungsgenossenschaft ""Eigenheim"", die diese Siedlung errichtete.",https://www.linz.at/strassennamen/Default.asp?action=strassendetail&ID=1657,,,,,,,,,,,
strasse_1658,1658,Eignerstraße,Lustenau,Von der Richard-Wagner-Straße etwa in südsüdöstlicher Richtung zur Poschacherstraße verlaufend. Benannt 1900 nach dem Advokaten und Landeshauptmann Moritz Ritter von Eigner (1822-1900).,https://www.linz.at/strassennamen/Default.asp?action=strassendetail&ID=1658,,,Moritz von Eigner,Q1948107,,https://www.wikidata.org/wiki/Q1948107,Moritz von Eigner,male,jurist,1822-11-07,1900-03-25
strasse_1659,1659,Einfaltstraße,Kleinmünchen,Von der Neuhoferstraße etwa in südwestlicher Richtung verlaufende Sackgasse. Benannt 1958 nach dem oberösterreichischen Komponisten Martin Einfalt (1858-1917).,https://www.linz.at/strassennamen/Default.asp?action=strassendetail&ID=1659,,,Martin Einfalt,Q59601566,,https://www.wikidata.org/wiki/Q59601566,Martin Einfalt,male,composer,1858-11-11,1917-09-04
strasse_1660,1660,Einsteinstraße,Waldegg,Nach dem Objekt Muldenstraße 54 etwa in nordwestlicher Richtung zur Kopernikusstraße verlaufend. Benannt 1963 nach dem Physiker und Nobelpreisträger Albert Einstein (1879-1955).,https://www.linz.at/strassennamen/Default.asp?action=strassendetail&ID=1660,,,Albert Einstein,Q937,,https://www.wikidata.org/wiki/Q937,Albert Einstein,male,physicist,1879-03-14,1955-04-18
strasse_1661,1661,Eiselsberggang,Waldegg,Nach dem Objekt Unionstraße 61 in südlicher Richtung zur Reuchlinstraße verlaufend. Benannt 1954 nach dem oberösterreichischen Chirurgen Anton Eiselsberg (1860-1939).,https://www.linz.at/strassennamen/Default.asp?action=strassendetail&ID=1661,,,Anton Eiselsberg,Q87939,,https://www.wikidata.org/wiki/Q87939,Anton Eiselsberg,male,neurosurgeon,1860-07-31,1939-10-25
strasse_1662,1662,Eisenbahngasse,Linz,"Vom Straßenzug Rechte Donaustraße etwa in ostsüdöstlicher Richtung zur Prunerstraße verlaufend. Benannt 1864 nach der Verbindungsbahn der Linz - Budweiser bzw. Linz - Gmundner Pferdeeisenbahn, die durch diese Gasse bis 1873 fuhr.",https://www.linz.at/strassennamen/Default.asp?action=strassendetail&ID=1662,,,,,,,,,,,
strasse_1663,1663,Eisenhandstraße,Linz,"Von der Elisabethstraße etwa in südöstlicher Richtung zur Lustenauer Straße verlaufend. Benannt 1869 nach dem ehemaligen Freisitz ""Zur eisernen Hand"".",https://www.linz.at/strassennamen/Default.asp?action=strassendetail&ID=1663,,,,,,,,,,,
strasse_1664,1664,Eisenwerkstraße,Waldegg,Nach dem Objekt Muldenstraße 24 etwa in nordwestlicher Richtung verlaufende Sackgasse. Benannt 1951 nach den Eisenwerken.,https://www.linz.at/strassennamen/Default.asp?action=strassendetail&ID=1664,,,,,,,,,,,
strasse_1665,1665,Eisvoglgang,Kleinmünchen,"Von der Lunzerstraße etwa in südsüdöstlicher Richtung verlaufende Sackgasse. Benannt 1956 nach dem Essenmeister im oberösterreichischen Sensenrevier (Krems-Steyr-Teichl) Konrad Eisvogl, der um 1609 erstmals Wasserhämmer zum Ausschmieden der Sensen verwendete.",https://www.linz.at/strassennamen/Default.asp?action=strassendetail&ID=1665,,,Konrad Eisvogl,,,,,,,,
strasse_1666,1666,Elisabethstraße,Linz,Nach dem Objekt Museumstraße 14 etwa in südlicher Richtung zur Harrachstraße verlaufend. Benannt 1869 nach dem Elisabethinenkloster. - Vorher Elisabethinergasse.,https://www.linz.at/strassennamen/Default.asp?action=strassendetail&ID=1666,,,,,,,,,,,
strasse_1667,1667,Ellbognerstraße,Kleinmünchen,"Gegenüber dem Objekt Landwiedstraße 221 nach Norden verlaufend. Benannt 1954 nach dem gleichnamigen Bauerngut.2012 wird der Verlauf geändert. Für die Trasse zwischen der Landwiedstraße und dem Objekt Ellbognerstraße 28 wird die Bezeichnung Ellbognerstraße aufgelassen, das Teilstück zwischen Landwiedstraße und Helmholtzstraße sowie der von der Helmholtzstraße nach Norden verlaufende Straßenzug werden Ellbognerstraße benannt.",https://www.linz.at/strassennamen/Default.asp?action=strassendetail&ID=1667,,,,,,,,,,,
strasse_1668,1668,Elmbergweg,Katzbach,Von der Altenberger Straße nahe der Stadtgrenze in nordwestlicher Richtung in Mäanderform zur Oberbairinger Straße verlaufend. Benannt 1958 nach der gleichnamigen Konskriptionsortschaft.,https://www.linz.at/strassennamen/Default.asp?action=strassendetail&ID=1668,,,,,,,,,,,
strasse_1669,1669,Elsternweg,Posch,Vom Zeisigweg etwa in westlicher Richtung verlaufende Sackgasse. Benannt 1990 nach der einheimischen Vogelart.,https://www.linz.at/strassennamen/Default.asp?action=strassendetail&ID=1669,,,,,,,,,,,
strasse_1670,1670,Emil-Futter-Straße,Pöstlingberg,"Vom Schablederweg etwa in nordöstlicher bzw. nördlicher Richtung zur Keimlgutgasse verlaufend. Benannt 1954 nach dem Bauleiter der Pöstlingbergbahn, Oberingenieur Emil Futter (1877-1931).",https://www.linz.at/strassennamen/Default.asp?action=strassendetail&ID=1670,,,Emil Futter,Q1336100,,https://www.wikidata.org/wiki/Q1336100,Emil Futter,male,engineer,1877-01-01,1931-01-01
strasse_1671,1671,Emil-Rathenau-Straße,Kleinmünchen,"Vor dem Objekt Winetzhammerstraße 8 etwa in nördlicher Richtung zur Thanhoferstraße verlaufend. Benannt 1992 nach dem Gründer der ""Allgemeinen Electricitäts-Gesellschaft"" (AEG) Emil von Rathenau (1838-1915).",https://www.linz.at/strassennamen/Default.asp?action=strassendetail&ID=1671,,,Emil von Rathenau,,,,,,,,
strasse_1672,1672,Enenkelstraße,Kleinmünchen,"Nach dem Objekt Dauphinestraße 90 vorerst in nördlicher, dann in östlicher Richtung verlaufende Sackgasse. Benannt 1981 nach dem oberösterreichischen Historiographen und Inspektor der Linzer Landschaftsschule Job Hartmann von Enenkel (1576-1627). - Der östliche Straßenast war vorher Teil der Pritzstraße.",https://www.linz.at/strassennamen/Default.asp?action=strassendetail&ID=1672,,,Job Hartmann von Enenkel,Q1690934,,https://www.wikidata.org/wiki/Q1690934,Job Hartmann Enenkel,male,historian,1576-09-14,1627-02-09
strasse_3474,3474,Energiestraße,Linz,Stichstraße nördlich des Objekts Kärntnerstraße 10-12 zur Böhmerwaldstraße verlaufend. Benannt 2022 nach einem Energieunternehmen.,https://www.linz.at/strassennamen/Default.asp?action=strassendetail&ID=3474,,,,,,,,,,,
strasse_1674,1674,Ennsfeldstraße,Ebelsberg,Von der Florianer Straße gegenüber der Einmündung der Hartheimerstraße etwa in nordöstlicher Richtung zur Wiener Straße verlaufend. Benannt 1992 nach einem Flurnamen.,https://www.linz.at/strassennamen/Default.asp?action=strassendetail&ID=1674,,,,,,,,,,,
strasse_1675,1675,Enzmüllnerweg,"Pöstlingberg, Katzbach","Nach dem Objekt Kampmüllerweg 15 U-förmig gegen Westen wiederum zu diesem Straßenzug zurückverlaufend und dann in nördlicher Richtung als Sackgasse endend. Benannt 1958 nach einem kunstsinnigen Adelsgeschlecht, den Besitzern der Herrschaft Windhaag bei Perg.",https://www.linz.at/strassennamen/Default.asp?action=strassendetail&ID=1675,,,,,,,,,,,
strasse_1676,1676,Erich-Fried-Weg,Ebelsberg,Von der Ennsfeldstraße etwa in nordnordwestlicher Richtung zum Kafkaweg verlaufend. Benannt 1991 nach dem Schriftsteller und Lyriker Erich Fried (1921-1988).,https://www.linz.at/strassennamen/Default.asp?action=strassendetail&ID=1676,,,Erich Fried,Q84393,,https://www.wikidata.org/wiki/Q84393,Erich Fried,male,writer,1921-05-06,1988-11-22
strasse_1677,1677,Erlenweg,Katzbach,Vor dem Objekt Altenberger Straße 150 in mehreren Haken verlaufende Sackgasse. Benannt 1958 nach der einheimischen Baumart.,https://www.linz.at/strassennamen/Default.asp?action=strassendetail&ID=1677,,,,,,,,,,,
strasse_3415,3415,Ernst-Fehrer-Straße,Kleinmünchen,Von der Salzburger Straße etwa in nordnordwestlicher Richtung zur Wegscheider Straße verlaufend. Benannt 2001 nach dem Linzer Erfinder und Industriellen Dr. Ernst Fehrer (1919-2000). Vorher (im gleichen Jahr) Fehrerstraße.,https://www.linz.at/strassennamen/Default.asp?action=strassendetail&ID=3415,,,Ernst Fehrer,Q1358035,,https://www.wikidata.org/wiki/Q1358035,Ernst Fehrer,male,inventor,1919-03-24,2000-12-01
strasse_1678,1678,Ernst-Koref-Promenade,Linz,"Der etwa in nordöstlicher Richtung verlaufende fußläufige Weg im Donaupark zwischen DDSG-Schiffsanlegestelle und Eisenbahnbrücke. Benannt 1992 nach dem Abgeordneten zum Nationalrat, Bundesrat und Bürgermeister Ernst Koref (1891-1988).",https://www.linz.at/strassennamen/Default.asp?action=strassendetail&ID=1678,,,Ernst Koref,Q1359032,,https://www.wikidata.org/wiki/Q1359032,Ernst Koref,male,politician,1891-03-11,1988-11-15
strasse_1682,1682,Eschenweg,Katzbach,"Vom Burgstallweg etwa in nordöstlicher, dann ostsüdöstlicher Richtung verlaufende Sackgasse. Benannt 1958 nach der einheimischen Baumart.",https://www.linz.at/strassennamen/Default.asp?action=strassendetail&ID=1682,,,,,,,,,,,
strasse_1683,1683,Esterbachweg,Katzbach,"Nach dem Objekt Lachstattstraße 5 vorerst in nordöstlicher, dann in südöstlicher Richtung verlaufend und Teilung in zwei Äste. Der nördliche Teil endet als Sackgasse, der südliche Teil mündet in den Scheibenleithenweg. Benannt 1958 nach dem gleichnamigen Bach.",https://www.linz.at/strassennamen/Default.asp?action=strassendetail&ID=1683,,,,,,,,,,,
strasse_1685,1685,Estermannstraße,Lustenau,"Nach dem Objekt Industriezeile 55 etwa in ostnordöstlicher Richtung zur Ehrentletzbergerstraße verlaufend. Benannt 1967 nach dem Fuhrwerksunternehmer, Urfahrer Gemeinderat und Ehrenbürger Anton Estermann (1857-1918), der sich um den Bau der Mühlkreisbahn verdient machte.",https://www.linz.at/strassennamen/Default.asp?action=strassendetail&ID=1685,,,Anton Estermann,,,,,,,,
strasse_1687,1687,Eullerstraße,Kleinmünchen,"Von der Wimmerstraße entlang des ""Wasserwaldes"" in südwestlicher Richtung verlaufende Sackgasse. Benannt 1962 nach dem Vorsitzenden des Arbeiter- und Soldatenrates, Landesrat, Bundesrat, Vizebürgermeister und Bürgermeister Eduard Euller (1874-1935).",https://www.linz.at/strassennamen/Default.asp?action=strassendetail&ID=1687,,,Eduard Euller,Q1288270,,https://www.wikidata.org/wiki/Q1288270,Eduard Euller,male,politician,1874-04-20,1935-11-15
strasse_1688,1688,Europaplatz,"Lustenau, Linz","Fläche zwischen dem Design-Center, dem Courtyard by Marriott Hotel und dem ORF-Landesstudio Oberösterreich. Benannt 1993 zur Förderung des Europagedankens.",https://www.linz.at/strassennamen/Default.asp?action=strassendetail&ID=1688,,,,,,,,,,,
strasse_1689,1689,Europastraße,"Waldegg, Kleinmünchen",Nach dem Objekt Landwiedstraße 82 etwa in südwestlicher Richtung zur Zibermayrstraße verlaufend. Benannt 1977 zur Förderung des Europagedankens.,https://www.linz.at/strassennamen/Default.asp?action=strassendetail&ID=1689,,,,,,,,,,,
strasse_1690,1690,Fabrikstraße,Linz,"Von der Rechten Donaustraße etwa in nordöstlicher Richtung zur Honauerstraße verlaufend. Benannt 1869 nach der ehemaligen Wollzeugfabrik. - 1730 Schießstattgasse für den westlichen Teil bis zur Kaserngasse nach der östlich der Kaserngasse gelegenen städtischen Schießstätte im Wörth (1640-1755). 1771 Neustift- oder Prunerstiftgasse. Bis 1869 Mollgasse nach dem Schiffmeister Anton Moll, dem Besitzer des Hauses Fabrikstraße 2.",https://www.linz.at/strassennamen/Default.asp?action=strassendetail&ID=1690,,,,,,,,,,,
strasse_1691,1691,Fadingerplatz,Ebelsberg,"Ortsplatz in Ebelsberg. 1954 offiziell neu benannt. Bereits im Jahre 1938 nach dem Führer im oberösterreichischen Bauernkrieg, Stephan Fadinger, benannt, der 1626 in Ebelsberg starb.",https://www.linz.at/strassennamen/Default.asp?action=strassendetail&ID=1691,Q109465255,https://www.wikidata.org/wiki/Q109465255,Stephan Fadinger,Q643708,,https://www.wikidata.org/wiki/Q643708,Stephan Fadinger,male,hatter,1585-01-01,1626-07-05
strasse_1692,1692,Fadingerstraße,Linz,"Nach dem Objekt Museumstraße 12 etwa in südsüdöstlicher Richtung zum Hessenplatz verlaufend. Benannt 1869 nach Stephan Fadinger, dem Führer der Bauern im oberösterreichischen Bauernkrieg von 1626. - 1863 Seilerstätte oder Seilergäßchen für das Teilstück zwischen der Bethlehemstraße und der Harrachstraße.",https://www.linz.at/strassennamen/Default.asp?action=strassendetail&ID=1692,,,Stephan Fadinger,Q643708,,https://www.wikidata.org/wiki/Q643708,Stephan Fadinger,male,hatter,1585-01-01,1626-07-05
strasse_1694,1694,Falterweg,"Posch, Pichling","Nach dem Objekt Oidener Straße 11 vorerst etwa in östlicher, dann in ostsüdöstlicher Richtung zum Zeisigweg verlaufend. Benannt 1958 nach der einheimischen Tierart.",https://www.linz.at/strassennamen/Default.asp?action=strassendetail&ID=1694,,,,,,,,,,,
strasse_1695,1695,Fasanweg,Pichling,Von der Rathfeldstraße etwa in ostsüdöstlicher Richtung entlang der Westbahn zur Oidener Straße verlaufend. Benannt 1958 nach der einheimischen Tierart.,https://www.linz.at/strassennamen/Default.asp?action=strassendetail&ID=1695,,,,,,,,,,,
strasse_1698,1698,Feilstraße,Waldegg,Gegenüber dem Objekt Ramsauerstraße 117 etwa in südwestlicher Richtung zur Landwiedstraße verlaufend. Benannt 1965 nach Bürgermeister Franz Ignaz von Feil (gest. 1818).,https://www.linz.at/strassennamen/Default.asp?action=strassendetail&ID=1698,,,Franz Ignaz von Feil,,,,,,,,
strasse_1701,1701,Feldweg,Katzbach,"Nach dem Objekt Pulvermühlstraße 12 etwa in ostnordöstlicher Richtung zur Baumgärtelstraße verlaufend. Benannt 1939, inoffiziell schon vorher so genannt.",https://www.linz.at/strassennamen/Default.asp?action=strassendetail&ID=1701,,,,,,,,,,,
strasse_3402,3402,Fellingerstiege,Urfahr,Vor dem Objekt Riesenhofstraße 14 etwa in nordwestlicher Richtung zur Riesenwiese verlaufende Stiege. Benannt 2004 nach dem Maler und Keramiker Matthäus Fellinger (1924 - 2002).,https://www.linz.at/strassennamen/Default.asp?action=strassendetail&ID=3402,,,,,,,,,,,
strasse_1702,1702,Ferdinand-Markl-Straße,"Pöstlingberg, Katzbach","Nach dem Objekt Leonfeldner Straße 132 etwa in östlicher Richtung zur Dornacher Straße verlaufend. Benannt 1960 nach Ferdinand Markl (1898-1960), der von 1945 bis 1955 Bürgermeister von Urfahr war.",https://www.linz.at/strassennamen/Default.asp?action=strassendetail&ID=1702,,,Ferdinand Markl,,,,,,,,
strasse_1703,1703,Ferihumerstraße,Urfahr,Vom Hinsenkampplatz etwa in nordöstlicher Richtung zur Linken Brückenstraße verlaufend. Benannt 1903 nach dem Urfahrer Bürgermeister Andreas Ferihumer 1846-1901. - Betraf ursprünglich nur das Teilstück zwischen Hinsenkampplatz und Wildbergstraße. Um 1960 Verlängerung zur Linken Brückenstraße unter Auflassung des Straßenzugs Am Damm.,https://www.linz.at/strassennamen/Default.asp?action=strassendetail&ID=1703,Q106686173,https://www.wikidata.org/wiki/Q106686173,Andreas Ferihumer,,,,,,,,
strasse_1705,1705,Fichtenstraße,"Lustenau, St. Peter",Nach dem Objekt Wiener Straße 155 etwa in ostnordöstlicher Richtung zur Westbahnstraße verlaufend. Benannt 1925 nach dem an der Stelle der jetzigen Bahnanlagen gestandenen kleinen Fichtenwald.,https://www.linz.at/strassennamen/Default.asp?action=strassendetail&ID=1705,,,,,,,,,,,
strasse_1706,1706,Fiedlerstraße,Urfahr,"Von der Hauptstraße etwa in südwestlicher Richtung zum Bernaschekplatz verlaufend. Benannt 1891 nach dem Sektionschef im Ministerium für Kultus und Unterricht, Karl Fiedler (1818-1887), dem Sohn eines Webers aus Urfahr, der sich um die Schaffung des Reichsvolksschulgesetzes von 1869 verdient gemacht hatte.",https://www.linz.at/strassennamen/Default.asp?action=strassendetail&ID=1706,,,Karl Fiedler,,,,,,,,
strasse_1708,1708,Figulystraße,Linz,Von der Gärtnerstraße etwa in südwestlicher Richtung zur Waldeggstraße verlaufend. Benannt 1877 nach dem um die Errichtung der Handelskammer verdienten Landtags- und Reichsratsabgeordneten Ignaz Figuly von Szep (1807-1875).,https://www.linz.at/strassennamen/Default.asp?action=strassendetail&ID=1708,Q106635002,https://www.wikidata.org/wiki/Q106635002,Ignaz Figuly von Szep,Q1657468,,https://www.wikidata.org/wiki/Q1657468,Ignaz Karl Figuly,male,jurist,1807-09-02,1875-07-15
strasse_1709,1709,Finkstraße,Urfahr,Nach dem Objekt Linke Brückenstraße 18 etwa in nordöstlicher Richtung zur Heindlstraße verlaufend. Benannt 1943 nach dem Buchhändler und Bürgermeister Vinzenz Fink (1807-1877).,https://www.linz.at/strassennamen/Default.asp?action=strassendetail&ID=1709,,,Vinzenz Fink,,,,,,,,
strasse_1710,1710,Fischdorfer Straße,Wambach,Nach dem Objekt Kremsmünsterer Straße 175 etwa in südöstlicher Richtung zum Wasserwerk Fischdorf verlaufende Sackgasse. Benannt 1958 nach der gleichnamigen Konskriptionsortschaft.,https://www.linz.at/strassennamen/Default.asp?action=strassendetail&ID=1710,,,,,,,,,,,
strasse_1711,1711,Fischerfeldstraße,Ufer,Von der Uferstraße etwa in östlicher Richtung zur Wiener Straße verlaufend. Benannt 1954 nach einer Flurbezeichnung.,https://www.linz.at/strassennamen/Default.asp?action=strassendetail&ID=1711,,,,,,,,,,,
strasse_1712,1712,Fischergasse,Urfahr,"Von der Flußgasse etwa in westlicher Richtung zur Ottensheimer Straße verlaufend. Benannt 1875 nach den alten Häusern, die zum größten Teil von Donaufischern und -flößern bewohnt waren. - Vorher Untum (Namensbezeichnung nicht geklärt).",https://www.linz.at/strassennamen/Default.asp?action=strassendetail&ID=1712,,,,,,,,,,,
strasse_1713,1713,Flachenauergutstraße,Lustenau,Nach dem Objekt Estermannstraße 4 etwa in südsüdöstlicher Richtung zur Prinz-Eugen-Straße verlaufend. Benannt 1992 nach dem gleichnamigen Bauerngut.,https://www.linz.at/strassennamen/Default.asp?action=strassendetail&ID=1713,,,,,,,,,,,
strasse_1714,1714,Fließerweg,Katzbach,"Nach dem Objekt Altenberger Straße 120 etwa in südöstlicher Richtung verlaufende Sackgasse. Benannt 1981 nach Bischof Joseph Calasanctius Fließer (1896-1960). - Vorher Teil des Koglerweges, dessen Einmündung in die Altenberger Straße wegen des Baues der Mühlkreisautobahn nach Süden verschwenkt wurde.",https://www.linz.at/strassennamen/Default.asp?action=strassendetail&ID=1714,,,Joseph Calasanctius Fließer,Q1708453,,https://www.wikidata.org/wiki/Q1708453,Josephus Calasanz Fließer,male,Catholic priest,1896-07-28,1960-06-12
strasse_1717,1717,Florianer Straße,"Ebelsberg, Mönchgraben","Von der Wiener Straße beim Friedhof Ebelsberg etwa in südsüdöstlicher Richtung zur Stadtgrenze mit St. Florian verlaufend. Benannt 1954 als Richtungsbezeichnung, doch bereits vorher schon so bezeichnet.",https://www.linz.at/strassennamen/Default.asp?action=strassendetail&ID=1717,,,,,,,,,,,
strasse_1718,1718,Floßmannweg,Ebelsberg,"Vom Ziegelhubweg vorerst etwa in nördlicher, dann in westlicher Richtung verlaufende Sackgasse. Im Vollausbau später U-förmig zum Ziegelhubweg zurückführend. Benannt 1991 nach der sozialistischen Abgeordneten zum oberösterreichischen Landtag und zum Nationalrat Ferdinanda Floßmann (1888-1964).",https://www.linz.at/strassennamen/Default.asp?action=strassendetail&ID=1718,,,Ferdinanda Floßmann,Q1406059,,https://www.wikidata.org/wiki/Q1406059,Ferdinanda Flossmann,female,politician,1888-03-12,1964-07-13
strasse_1715,1715,Flötzerweg,Kleinmünchen,"Vor dem Objekt Dauphinestraße 51 vorerst etwa in südwestlicher, dann in westsüdwestlicher Richtung zum Bäckermühlweg verlaufend. Benannt 1934 als Teil des Weges, den die Flötzer (Traunflößer) bei ihrer Rückreise zu Fuß zurücklegten. - 1947 Einbeziehung des Wegstückes An der Lohwiesen, das 1942 nach der südlich davon liegenden Lohwiesen benannt worden war.",https://www.linz.at/strassennamen/Default.asp?action=strassendetail&ID=1715,Q106635003,https://www.wikidata.org/wiki/Q106635003,,,,,,,,,
strasse_1719,1719,Flügelhofgasse,Linz,Beim Objekt Lessingstraße 14 bogenförmig nach Norden zur Römerstraße verlaufend. Altbenannt nach dem um etwa 1485 außerhalb des kaiserlichen Schlosses errichteten Geflügelhof.,https://www.linz.at/strassennamen/Default.asp?action=strassendetail&ID=1719,,,,,,,,,,,
strasse_1720,1720,Flurgasse,Kleinmünchen,Von der Baintwiese etwa in südsüdöstlicher Richtung zum Straßenzug Am Aufeld verlaufend. Benannt 1957.,https://www.linz.at/strassennamen/Default.asp?action=strassendetail&ID=1720,,,,,,,,,,,
strasse_1721,1721,Flußgasse,Urfahr,Von der Oberen Donaustraße etwa in nordwestlicher Richtung zum Bernaschekplatz verlaufend. Benannt 1875. - Ein Teil dieser Straße wurde zwischen 1881 und 1921 als Kronprinzessin-Stephanie-Straße bezeichnet.,https://www.linz.at/strassennamen/Default.asp?action=strassendetail&ID=1721,,,,,,,,,,,
strasse_1723,1723,Forellenweg,Ufer,Vor dem Objekt Neufelderstraße 97 etwa in nördlicher Richtung zum Hochwasserschutzdamm der Traun verlaufend. Benannt 1961 nach der einheimischen Fischart.,https://www.linz.at/strassennamen/Default.asp?action=strassendetail&ID=1723,,,,,,,,,,,
strasse_1724,1724,Franckstraße,"Lustenau, Linz","Von der Goethestraße etwa in ostsüdöstlicher Richtung zur St.-Peter-Straße verlaufend. Benannt 1905 nach dem Industriellen und Ehrenbürger Karl Heinrich Franck (1849-1926), der 1883 die Leitung der vier Jahre vorher in Linz gegründeten Niederlassung der Kaffeemittelfabrik übernahm.",https://www.linz.at/strassennamen/Default.asp?action=strassendetail&ID=1724,Q106635004,https://www.wikidata.org/wiki/Q106635004,Karl Heinrich Franck,,,,,,,,
strasse_3420,3420,Franz-Kain-Weg,Urfahr,"Vom Straßenzug In der Aichwiesen vorerst in südwestlicher Richtung verlaufend, dann in etwa nordöstliche Richtung umbiegend und als Sackgasse endend. Benannt 1999 nach dem Schriftsteller Franz Kain (1922-1997).",https://www.linz.at/strassennamen/Default.asp?action=strassendetail&ID=3420,,,Franz Kain,Q1447656,,https://www.wikidata.org/wiki/Q1447656,Franz Kain,male,journalist,1922-01-10,1997-10-27
strasse_1727,1727,Franz-Kurz-Straße,Kleinmünchen,Als Sackgasse beginnend und mit Unterbrechungen etwa in südsüdöstlicher Richtung zur Dauphinestraße verlaufend. Benannt 1929 nach dem Historiker und Florianer Augustiner-Chorherrn Franz Kurz (1771-1843).,https://www.linz.at/strassennamen/Default.asp?action=strassendetail&ID=1727,,,Franz Kurz,Q56007129,,https://www.wikidata.org/wiki/Q56007129,Franz Kurz,male,artist,1771-07-02,1843-04-12
strasse_1728,1728,Franz-Xaver-Müller-Weg,Kleinmünchen,Nach dem Objekt Wambacher Straße 21 etwa in ostsüdöstlicher Richtung zur Edmund-Aigner-Straße verlaufend. Benannt 1957 nach dem Komponisten und Domkapellmeister Franz Xaver Müller (1870-1948).,https://www.linz.at/strassennamen/Default.asp?action=strassendetail&ID=1728,,,Franz Xaver Müller,,,,,,,,
strasse_1729,1729,Franzosenhausweg,Ebelsberg,Von der Neubauzeile in südlicher Richtung zur Dallingerstraße verlaufend. Benannt 1954 nach dem gleichnamigen Bauernhaus.,https://www.linz.at/strassennamen/Default.asp?action=strassendetail&ID=1729,,,,Q1449689,,https://www.wikidata.org/wiki/Q1449689,Franz Xaver Müller,male,composer,1870-05-10,1948-02-03
strasse_1730,1730,Fraunhoferweg,Kleinmünchen,"Nach dem Objekt Vogelfängerweg 49 etwa in südsüdöstlicher Richtung zum Flötzerweg verlaufend. Benannt 1956 nach dem deutschen Physiker und Astronomen Joseph von Fraunhofer (1787-1826), dem Wegbereiter der Spektralanalyse.",https://www.linz.at/strassennamen/Default.asp?action=strassendetail&ID=1730,,,Joseph von Fraunhofer,Q43948,,https://www.wikidata.org/wiki/Q43948,Joseph von Fraunhofer,male,physicist,1787-03-06,1826-06-07
strasse_1732,1732,Freinbergstraße,Waldegg,Von der Römerstraße etwa in südsüdöstlicher Richtung zur Leondinger Straße verlaufend. Benannt 1913 nach dem Freinberg.,https://www.linz.at/strassennamen/Default.asp?action=strassendetail&ID=1732,,,,,,,,,,,
strasse_1733,1733,Freistädter Straße,"Urfahr, Katzbach","Von der Hauptstraße etwa in nordöstlicher, dann in nördlicher und ostnordöstlicher Richtung zur Stadtgrenze zu Engerwitzdorf verlaufend. Benannt 1901 als Richtungsbezeichnung. - Vorher Äußere Pflasterstraße nach der Konskriptionsortschaft Pflaster.",https://www.linz.at/strassennamen/Default.asp?action=strassendetail&ID=1733,Q106686992,https://www.wikidata.org/wiki/Q106686992,,,,,,,,,
strasse_1735,1735,Freiwillige-Schützen-Straße,Ufer,"Vom Zeillingerweg etwa in östlicher Richtung verlaufende Sackgasse. Benannt 1965 nach den Wiener Freiwilligen Schützen, die im Gefecht von Ebelsberg von 1809 gegen Napoleon eine maßgebliche Rolle spielten.",https://www.linz.at/strassennamen/Default.asp?action=strassendetail&ID=1735,,,,,,,,,,,
strasse_1736,1736,Freytagstraße,Lustenau,Von der Stieglbauernstraße etwa in südöstlicher Richtung zur Ebenhochstraße verlaufend. Benannt 1945 nach dem Linzer Schauspieler und Dichter Anton Freytag (1854-1934). - Ab 1940 Feikestraße.,https://www.linz.at/strassennamen/Default.asp?action=strassendetail&ID=1736,,,Anton Freytag,,,,,,,,
strasse_1737,1737,Fridellistraße,Waldegg,"Gegenüber dem Objekt Kefergutstraße 48 vorerst in nördlicher, dann etwa in westnordwestlicher Richtung zur Hummelhofstraße verlaufend. Benannt 1963 nach dem Linzer Jesuitenpater, Chinamissionar und Kartographen Xaver Ernbert Fridelli (1673-1743).",https://www.linz.at/strassennamen/Default.asp?action=strassendetail&ID=1737,,,Xaver Ernbert Fridelli,Q265470,,https://www.wikidata.org/wiki/Q265470,Xavier Ehrenbert Fridelli,male,cartographer,1673-03-11,1743-06-04
strasse_1738,1738,Friedensplatz,Linz,Im Bereich der Seilerstätte. Benannt 1990 zur Eröffnung des Brunnens der Menschenrechte und zur Untermauerung der Deklaration von Linz als Friedensstadt (1986).,https://www.linz.at/strassennamen/Default.asp?action=strassendetail&ID=1738,,,,,,,,,,,
strasse_1739,1739,Friedhofstraße,Lustenau,"Von der Humboldtstraße etwa in ostsüdöstlicher Richtung zur Hamerlingstraße verlaufend. Benannt 1869, die Bezeichnung war bei der Bevölkerung aber schon seit dem ausgehenden 18. Jahrhundert gebräuchlich. Bis 1869 war auch die spätere Blumauerstraße einbezogen.",https://www.linz.at/strassennamen/Default.asp?action=strassendetail&ID=1739,,,,,,,,,,,
strasse_1743,1743,Friedrichstraße,Urfahr,"Nach dem Objekt Hauptstraße 12 etwa in nordöstlicher Richtung zur Ferihumerstraße verlaufend. Benannt 1990 nach Kaiser Friedrich III. (1415-1493), der von 1489 bis zu seinem Tod in Linz residierte und unter dem die Stadt erstmals als Hauptstadt des Landes ob der Enns bezeichnet wurde. - Ab 1921 Urfahrer Friedhofstraße, vorher Friedhofstraße.",https://www.linz.at/strassennamen/Default.asp?action=strassendetail&ID=1743,,,Kaiser Friedrich III.,Q150966,,https://www.wikidata.org/wiki/Q150966,"Frederick III, Holy Roman Emperor",male,ruler,1415-09-21,1493-08-19
strasse_1745,1745,Fritz-Lach-Weg,"Linz, Waldegg","Als Fortsetzung der Mariahilfgasse etwa in westlicher Richtung, dann in einem S-förmigen Bogen zur Freinbergstraße verlaufend. Benannt 1934 nach dem Linzer Landschaftsmaler Fritz Lach (1868-1933).",https://www.linz.at/strassennamen/Default.asp?action=strassendetail&ID=1745,,,Fritz Lach,Q1467230,,https://www.wikidata.org/wiki/Q1467230,Fritz Lach,male,painter,1868-05-29,1933-10-09
strasse_1746,1746,Fröbelstraße,Lustenau,"Von der Füchselstraße vorerst etwa in südsüdöstlicher, dann in ostnordöstlicher Richtung zur Franckstraße verlaufend. Benannt 1928 nach dem Pädagogen und Schöpfer des modernen Kindergartens Friedrich Fröbel (1782-1852).",https://www.linz.at/strassennamen/Default.asp?action=strassendetail&ID=1746,,,Friedrich Fröbel,Q76679,,https://www.wikidata.org/wiki/Q76679,Friedrich Fröbel,male,pedagogue,1782-04-21,1852-06-21
strasse_1747,1747,Fröhlerweg,Katzbach,"Vom Objekt Pulvermühlstraße 23 vorerst in westsüdwestlicher Richtung verlaufend, dann in nördlicher und östlicher Richtung zu diesem Straßenzug zurückführend. Benannt 1996 nach Ludwig Fröhler (1920-1995), Gründungsrektor der Hochschule für Sozial- und Wirtschaftswissenschaften Linz.",https://www.linz.at/strassennamen/Default.asp?action=strassendetail&ID=1747,,,Ludwig Fröhler,Q1606176,,https://www.wikidata.org/wiki/Q1606176,Ludwig Fröhler,male,judge,1920-04-28,1995-07-05
strasse_1749,1749,Froschberg,"Waldegg, Linz",Von der Bergschlößlgasse etwa in südlicher Richtung zur Göllerichstraße verlaufend. Benannt 1929 nach einem Flurnamen.,https://www.linz.at/strassennamen/Default.asp?action=strassendetail&ID=1749,,,,,,,,,,,
strasse_1755,1755,Füchselstraße,Lustenau,Von der Ing.-Stern-Straße etwa in südwestlicher bzw. westsüdwestlicher Richtung zur Raimundstraße verlaufend. Benannt 1911 nach dem ehemaligen Füchselbauerngut.,https://www.linz.at/strassennamen/Default.asp?action=strassendetail&ID=1755,,,,,,,,,,,
strasse_1752,1752,Fuchsengutstraße,Kleinmünchen,"Nach dem Objekt Schörgenhubstraße 30 vorerst etwa in südwestlicher, dann in südlicher Richtung zum Weidingerbach bzw. zur A7 verlaufend. Benannt 1946 nach dem gleichnamigen Bauerngut.",https://www.linz.at/strassennamen/Default.asp?action=strassendetail&ID=1752,,,,,,,,,,,
strasse_1757,1757,Further Straße,Katzbach,Beginnend als Sackgasse bei der Abfahrt Auhof der A7 und etwa in ostsüdöstlicher Richtung zur Stadtgrenze mit Steyregg verlaufend. Benannt 1976 nach der Konskriptionsortschaft Furth. - Vorher war dieser Straßenzug ein Teil der Pleschinger Straße.,https://www.linz.at/strassennamen/Default.asp?action=strassendetail&ID=1757,,,,,,,,,,,
strasse_3162,3162,Gabelsbergergang,Kleinmünchen,"Nach dem Objekt Gutenbergstraße 31 vorerst etwa in östlicher, dann in nördlicher Richtung verlaufende Sackgasse. Benannt 1940 nach dem Schöpfer der deutschen Kurzschrift Franz Xaver Gabelsberger (1789-1849).",https://www.linz.at/strassennamen/Default.asp?action=strassendetail&ID=3162,,,Franz Xaver Gabelsberger,,,,,,,,
strasse_3163,3163,Gabésstraße,Kleinmünchen,"Von der Auwiesenstraße etwa in südöstlicher Richtung verlaufende Sackgasse. Benannt 1980 nach der Stadt Gabes in Tunesien, die von 1977 bis 2016 Partnerstadt von Linz war.",https://www.linz.at/strassennamen/Default.asp?action=strassendetail&ID=3163,,,,,,,,,,,
strasse_3164,3164,Gablonzerweg,Kleinmünchen,Vom Vogelfängerweg etwa in südsüdöstlicher Richtung zum Flötzerweg verlaufend. Benannt 1956 nach den dort wohnenden Gablonzer Glaserzeugern.,https://www.linz.at/strassennamen/Default.asp?action=strassendetail&ID=3164,,,,,,,,,,,
strasse_3166,3166,Gaisbergerstraße,St. Peter,"Aus dem Werksgelände der voestalpine vorerst in südöstlicher, dann in südwestlicher und wiederum in südöstlicher Richtung zur Lunzerstraße verlaufend. Benannt 1934 nach dem Florianer Augustiner-Chorherrn und Historiker Josef Gaisberger (1792-1871).",https://www.linz.at/strassennamen/Default.asp?action=strassendetail&ID=3166,,,Josef Gaisberger,Q11728318,,https://www.wikidata.org/wiki/Q11728318,Josef Gaisberger,male,historian,1792-01-06,1871-09-05
strasse_3167,3167,Galileistraße,Waldegg,Von der Hertzstraße etwa in nördlicher Richtung zur Edisonstraße verlaufend. Benannt 1956 nach dem Naturforscher Galileo Galilei (1564-1642). - Eine Straße gleichen Namens bestand 1934-1938 im Gelände der voestalpine.,https://www.linz.at/strassennamen/Default.asp?action=strassendetail&ID=3167,,,Galileo Galilei,Q307,,https://www.wikidata.org/wiki/Q307,Galileo Galilei,male,astronomer,1564-02-15,1642-01-08
strasse_3168,3168,Gallanderstraße,Lustenau,Nach dem Objekt Hafenstraße 38 etwa in südlicher Richtung zum Straßenzug Am Fünfundzwanziger Turm verlaufend. Benannt 1929 nach dem im ausgehenden 15. Jahrhundert amtierenden Bürgermeister Siegmund Gallander.,https://www.linz.at/strassennamen/Default.asp?action=strassendetail&ID=3168,Q61454044,https://www.wikidata.org/wiki/Q61454044,Siegmund Gallander,,,,,,,,
strasse_3169,3169,Gallneukirchner Straße,Katzbach,Von der Mauthausener Straße etwa in ostnordöstlicher Richtung zur Stadtgrenze mit Engerwitzdorf verlaufend. Benannt 1954 als Richtungsbezeichnung.,https://www.linz.at/strassennamen/Default.asp?action=strassendetail&ID=3169,,,,,,,,,,,
strasse_3170,3170,Galvanistraße,Katzbach,Von der Pulvermühlstraße in östlicher Richtung parallel zum Haselbach verlaufende Sackgasse. Benannt 1972 nach dem Naturforscher Luigi Galvani (1737-1798).,https://www.linz.at/strassennamen/Default.asp?action=strassendetail&ID=3170,,,Luigi Galvani,Q1589,,https://www.wikidata.org/wiki/Q1589,Luigi Galvani,male,anatomist,1737-09-09,1798-12-04
strasse_3171,3171,Garnisonstraße,"Linz, Lustenau",Vor dem Objekt Derfflingerstraße 2a etwa in südöstlicher bzw. südsüdöstlicher Richtung zur Stieglbauernstraße verlaufend. Benannt 1903 nach dem damaligen Garnisonspital (heute Teil des Allgemeinen Krankenhauses).,https://www.linz.at/strassennamen/Default.asp?action=strassendetail&ID=3171,,,,,,,,,,,
strasse_3165,3165,Gärtnerstraße,Linz,Beim Objekt Volksgartenstraße 26 etwa in westsüdwestlicher Richtung zur Stockhofstraße verlaufend. Benannt 1869 nach den dort ehemals gelegenen Handelsgärtnereien. - Vorher Stockhoffeldgasse.,https://www.linz.at/strassennamen/Default.asp?action=strassendetail&ID=3165,,,,,,,,,,,
strasse_3173,3173,Gatterlechnerweg,Kleinmünchen,Nach dem Objekt Am Steinbühel 9 etwa in südöstlicher Richtung zur A7 verlaufende Sackgasse. Benannt 1944 nach einem Flurnamen.,https://www.linz.at/strassennamen/Default.asp?action=strassendetail&ID=3173,,,,,,,,,,,
strasse_3174,3174,Gattermeyerweg,Katzbach,Vor dem Objekt Linzer Straße 11 etwa in nordnordwestlicher Richtung verlaufende Sackgasse. Benannt 1985 nach dem Mundartdichter und Caritasdirektor Karl Gattermeyer (1891-1975).,https://www.linz.at/strassennamen/Default.asp?action=strassendetail&ID=3174,,,Karl Gattermeyer,Q104791846,,https://www.wikidata.org/wiki/Q104791846,Karl Gattermeyer,male,innkeeper,1891-07-31,1975-01-01
strasse_3175,3175,Gaußweg,Waldegg,"Nach dem Objekt Am Lerchenfeld 39 etwa in westsüdwestlicher Richtung verlaufende Sackgasse. Benannt 1958 nach dem Mathematiker, Physiker und Astronomen Carl Friedrich Gauß (1777-1855).",https://www.linz.at/strassennamen/Default.asp?action=strassendetail&ID=3175,,,Carl Friedrich Gauß,Q6722,,https://www.wikidata.org/wiki/Q6722,Carl Friedrich Gauss,male,mathematician,1777-04-30,1855-02-23
strasse_3180,3180,Gerstnerstraße,Urfahr,Vom Hinsenkampplatz etwa in nordwestlicher Richtung zur Blütenstraße verlaufend. Benannt 1903 nach dem Schöpfer der Pferdeeisenbahn Linz-Budweis Franz Anton Ritter von Gerstner (1796-1840).,https://www.linz.at/strassennamen/Default.asp?action=strassendetail&ID=3180,,,Franz Anton Ritter von Gerstner,Q79120,,https://www.wikidata.org/wiki/Q79120,Franz Anton von Gerstner,male,engineer,1796-04-19,1840-04-12
strasse_3181,3181,Gesellenhausstraße,Linz,Nach dem Objekt Langgasse 13 in südlicher Richtung zur Volksgartenstraße verlaufend. Benannt 1869 nach dem 1852 zum Gesellenvereinsheim umgewandelten Ritter von Laveran´schen Haus.,https://www.linz.at/strassennamen/Default.asp?action=strassendetail&ID=3181,,,,,,,,,,,
strasse_3182,3182,Gewerbepark Urfahr,Urfahr,Nach dem Objekt Peuerbachstraße 27 etwa in nordwestlicher Richtung zum Straßenzug Am Urfahraner Gewerbehof verlaufend. Benannt 1988 nach dem dort situierten Gewerbepark. - Vorher Teil der Straße Am Urfahraner Gewerbehof.,https://www.linz.at/strassennamen/Default.asp?action=strassendetail&ID=3182,,,,,,,,,,,
strasse_3183,3183,Geymanngang,Waldegg,Vom Schallenbergergang etwa in ostsüdöstlicher Richtung verlaufende Sackgasse. Benannt 1945 nach dem oberösterreichischen Adelsgeschlecht der Geymann. - 1942 Nöhmergang nach dem als Nationalsozialist ums Leben gekommenen Matthias Nöhmer (1916-1935).,https://www.linz.at/strassennamen/Default.asp?action=strassendetail&ID=3183,,,,,,,,,,,
strasse_3185,3185,Ghegastraße,Waldegg,Von der Hanriederstraße etwa in südöstlicher bzw. südlicher Richtung zur Kudlichstraße verlaufend. Benannt 1905 nach dem Erbauer der Semmeringbahn Karl Ritter von Ghega (1802-1860).,https://www.linz.at/strassennamen/Default.asp?action=strassendetail&ID=3185,,,Karl Ritter von Ghega,Q699456,,https://www.wikidata.org/wiki/Q699456,Carl Ritter von Ghega,male,engineer,1802-01-10,1860-03-14
strasse_3186,3186,Gierkeweg,Katzbach,Vom Biesenfeldweg wiederum zu diesem verlaufend. Benannt 1979 nach dem Rechtswissenschafter Otto von Gierke (1841-1921).,https://www.linz.at/strassennamen/Default.asp?action=strassendetail&ID=3186,,,Otto von Gierke,Q61652,,https://www.wikidata.org/wiki/Q61652,Otto von Gierke,male,jurist,1841-01-11,1921-10-10
strasse_3187,3187,Gilmstraße,Lustenau,Vom Lonstorferplatz etwa in südöstlicher Richtung zur Füchselstraße verlaufend. Benannt 1914 nach dem Dichter und Statthaltereibeamten Hermann von Gilm (1812-1864).,https://www.linz.at/strassennamen/Default.asp?action=strassendetail&ID=3187,,,Hermann von Gilm,Q114758,,https://www.wikidata.org/wiki/Q114758,Hermann von Gilm zu Rosenegg,male,poet lawyer,1812-11-01,1864-05-31
strasse_3188,3188,Ginzkeystraße,Lustenau,Nach dem Objekt Franckstraße 40 etwa in südwestlicher Richtung verlaufende Sackgasse. Benannt 1958 nach dem Dichter Franz Karl Ginzkey (1871-1963).,https://www.linz.at/strassennamen/Default.asp?action=strassendetail&ID=3188,,,Franz Karl Ginzkey,Q112588,,https://www.wikidata.org/wiki/Q112588,Franz Karl Ginzkey,male,poet,1871-09-08,1963-04-11
strasse_3189,3189,Glaserstraße,Katzbach,Beim Objekt Dornacher Straße 18 etwa in nördlicher Richtung zur Voltastraße verlaufend. Benannt 1969 nach dem Rechtsgelehrten und Justizminister Julius Glaser (1831-1885).,https://www.linz.at/strassennamen/Default.asp?action=strassendetail&ID=3189,,,Julius Glaser,Q94672,,https://www.wikidata.org/wiki/Q94672,Julius Anton Glaser,male,politician,1831-03-19,1885-12-26
strasse_3190,3190,Glaubackerstraße,Katzbach,Nach dem Objekt Klausenbachstraße 44 etwa in ostnordöstlicher Richtung zum Haselgrabenweg verlaufend. Benannt 1977 nach dem Maler Franz Glaubacker (1896-1974).,https://www.linz.at/strassennamen/Default.asp?action=strassendetail&ID=3190,,,Franz Glaubacker,Q1446942,,https://www.wikidata.org/wiki/Q1446942,Franz Glaubacker,male,painter,1896-06-20,1974-10-23
strasse_3192,3192,Glimpfingerstraße,"Kleinmünchen, Waldegg",Nach dem Objekt Wiener Straße 166 etwa in westsüdwestlicher Richtung zur A7 verlaufende Sackgasse. Benannt 1929 nach einem Flurnamen.,https://www.linz.at/strassennamen/Default.asp?action=strassendetail&ID=3192,,,,,,,,,,,
strasse_3194,3194,Glockenheide,Kleinmünchen,Nach dem Objekt Neubauzeile 21 etwa in südsüdöstlicher Richtung verlaufende Sackgasse. Benannt 1958 nach der Glockenblume als Heidepflanze.,https://www.linz.at/strassennamen/Default.asp?action=strassendetail&ID=3194,,,,,,,,,,,
strasse_3195,3195,Glögglweg,Lustenau,"Nach dem Objekt Prinz-Eugen-Straße 16 in südlicher Richtung zur Hittmairstraße verlaufend. Benannt 1928 nach dem letzten Stadtthurnermeister, Theaterdirektor und Mitbegründer des Linzer Musikvereins Franz Xaver Glöggl (1764-1839).",https://www.linz.at/strassennamen/Default.asp?action=strassendetail&ID=3195,,,Franz Xaver Glöggl,Q15926673,,https://www.wikidata.org/wiki/Q15926673,Franz Xaver Gloeggl,male,musician,1764-02-21,1839-07-16
strasse_3450,3450,Glognerweg,Pichling,Die von der Oidener Straße in ost-nordöstlicher Richtung parallel zum Montessoriweg verlaufende Verkehrsfläche wird 2012 nach der ehemaligen Schauspielerin am Linzer Landestheater Silvia Glogner (1940-2011) benannt.,https://www.linz.at/strassennamen/Default.asp?action=strassendetail&ID=3450,,,Silvia Glogner,Q2286708,,https://www.wikidata.org/wiki/Q2286708,Silvia Glogner,female,actor,1940-11-19,2011-09-08
strasse_3196,3196,Gluckstraße,Kleinmünchen,"Nach dem Objekt Hausleitnerweg 15 etwa in südsüdöstlicher Richtung zur Salzburger Straße verlaufend. Benannt 1929 nach Christoph Willibald Ritter von Gluck (1714-1787), dem Begründer der deutschen Oper.",https://www.linz.at/strassennamen/Default.asp?action=strassendetail&ID=3196,,,Christoph Willibald Ritter von Gluck,Q130759,,https://www.wikidata.org/wiki/Q130759,Christoph Willibald von Gluck,male,composer,1714-07-02,1787-11-15
strasse_3197,3197,Gmeinerweg,Ebelsberg,Vom Ziegelhubweg in nordwestlicher Richtung U-förmig wiederum zum Ziegelhubweg verlaufend. Benannt 1992 nach dem Gründer der SOS-Kinderdörfer Hermann Gmeiner (1919-1986).,https://www.linz.at/strassennamen/Default.asp?action=strassendetail&ID=3197,,,Hermann Gmeiner,Q45081,,https://www.wikidata.org/wiki/Q45081,Hermann Gmeiner,male,philanthropist,1919-06-23,1986-04-26
strasse_3201,3201,Goethestraße,"Linz, Lustenau","Nach dem Objekt Landstraße 109 etwa in ostnordöstlicher Richtung zur Liebigstraße bzw. Darrgutstraße verlaufend. Benannt 1869 nach dem Dichter, Staatsmann und Gelehrten Johann Wolfgang von Goethe (1749-1832).",https://www.linz.at/strassennamen/Default.asp?action=strassendetail&ID=3201,,,Johann Wolfgang von Goethe,Q5879,,https://www.wikidata.org/wiki/Q5879,Johann Wolfgang von Goethe,male,theatre manager,1749-08-28,1832-03-22
strasse_3202,3202,Goglerfeldgasse,Katzbach,Vor dem Objekt Leonfeldner Straße 269 (alter Straßenverlauf) in westlicher Richtung zur Neufahrergasse verlaufend. Benannt 1966 nach einer Flurbezeichnung.,https://www.linz.at/strassennamen/Default.asp?action=strassendetail&ID=3202,,,,,,,,,,,
strasse_3198,3198,Göllerichstraße,Waldegg,"Nach dem Objekt Hanriederstraße 14 etwa in westnordwestlicher Richtung zur Johann-Strauß-Straße verlaufend. Benannt 1929 nach dem Linzer Musikdirektor, Pianisten, Schüler und Sekretär Franz Liszts August Göllerich (1859-1923).",https://www.linz.at/strassennamen/Default.asp?action=strassendetail&ID=3198,,,August Göllerich,Q761557,,https://www.wikidata.org/wiki/Q761557,August Göllerich,male,pianist,1859-07-02,1923-03-16
strasse_3437,3437,Gollmannweg,Katzbach,"Vom Buchenweg abzweigend, etwa in nordöstliche Richtung verlaufend und als Sackgasse endend. Benannt 2008 nach der Linzer Schauspielerin Elfriede Gollmann (1914-2007).",https://www.linz.at/strassennamen/Default.asp?action=strassendetail&ID=3437,,,Elfriede Gollmann,Q1328620,,https://www.wikidata.org/wiki/Q1328620,Elfriede Gollmann,female,stage actor,1914-06-08,2007-11-18
strasse_3199,3199,Gölsdorfstraße,Lustenau,Nach dem Objekt Franckstraße 48a etwa in südwestlicher Richtung verlaufende Sackgasse. Benannt 1958 nach dem Lokomotivkonstrukteur Karl Gölsdorf (1861-1916).,https://www.linz.at/strassennamen/Default.asp?action=strassendetail&ID=3199,,,Karl Gölsdorf,Q695391,,https://www.wikidata.org/wiki/Q695391,Karl Gölsdorf,male,engineer,1861-06-08,1916-03-18
strasse_3200,3200,Göteborgweg,Pöstlingberg,"Nach dem Objekt Leonfeldner Straße 239a vorerst etwa in westlicher, dann in nördlicher Richtung verlaufende Sackgasse. Benannt 1956 nach der gleichnamigen schwedischen Stadt zum Dank für die nach der Hochwasserkatastrophe von 1954 gespendeten Siedlungshäuser. - Ab 1955 Hochfeldstraße.",https://www.linz.at/strassennamen/Default.asp?action=strassendetail&ID=3200,,,,,,,,,,,
strasse_3203,3203,Gottschallinger Straße,"Ebelsberg, Wambach",Nach dem Objekt Kremsmünsterer Straße 89 etwa in südlicher bzw. südsüdöstlicher Richtung zur Wambacher Straße verlaufend. Benannt 1954 nach der gleichnamigen Konskriptionsortschaft.,https://www.linz.at/strassennamen/Default.asp?action=strassendetail&ID=3203,,,,,,,,,,,
strasse_3204,3204,Graben,Linz,"Vom Pfarrplatz vorerst etwa in südsüdöstlicher, dann in westsüdwestlicher Richtung zum Taubenmarkt verlaufend. Benannt 1869 nach dem hier ehemals verlaufenden Stadtgraben. - Bis 1869 Unterer Graben.",https://www.linz.at/strassennamen/Default.asp?action=strassendetail&ID=3204,Q106635005,https://www.wikidata.org/wiki/Q106635005,,,,,,,,,
strasse_3205,3205,Grabnerstraße,Waldegg,Von der Waldeggstraße auf Leondinger Stadtgebiet beginnend und etwa in nordwestlicher Richtung zur Reisetbauerstraße verlaufend. Benannt 1928 nach dem seinerzeit an dieser Straße gelegenen Grabnergut.,https://www.linz.at/strassennamen/Default.asp?action=strassendetail&ID=3205,,,,,,,,,,,
strasse_3206,3206,Gräflingerweg,Katzbach,Von der Hayekstraße nach Westen abzweigende Sackgasse. Benannt 1985 nach dem Musikkritiker und Brucknerforscher Franz Gräflinger (1876-1962).,https://www.linz.at/strassennamen/Default.asp?action=strassendetail&ID=3206,,,Franz Gräflinger,Q55674800,,https://www.wikidata.org/wiki/Q55674800,Franz Gräflinger,male,musician,1876-11-26,1962-09-09
strasse_3207,3207,Greilstraße,Linz,Nach dem Objekt Donatusgasse 12 etwa in nordwestlicher Richtung zur Vergeinerstraße verlaufend. Benannt 1913 nach dem Maler Alois Greil (1841-1902).,https://www.linz.at/strassennamen/Default.asp?action=strassendetail&ID=3207,,,Alois Greil,Q25932939,,https://www.wikidata.org/wiki/Q25932939,Alois Greil,male,painter,1841-03-27,1902-10-12
strasse_3208,3208,Greinerhofgasse,Urfahr,Vor dem Objekt Wischerstraße 8 etwa in nordwestlicher Richtung verlaufende Sackgasse. Benannt 1942 nach der ehemaligen Ziegelei Greiner.,https://www.linz.at/strassennamen/Default.asp?action=strassendetail&ID=3208,,,,,,,,,,,
strasse_3209,3209,Grenzweg,Kleinmünchen,Vom Straßenzug Blaichstatt etwa in südsüdöstlicher Richtung zum Straßenzug Am Aufeld verlaufend. Benannt 1957.,https://www.linz.at/strassennamen/Default.asp?action=strassendetail&ID=3209,,,,,,,,,,,
strasse_3448,3448,Grestenbergerstraße,Lustenau,Die von der Lastenstraße in östlicher und südöstlicher Richtung verlaufende und als Sackgasse endende Verkehrsfläche wird 2013 nach der ehemaligen Linzer Stadträtin Anny Grestenberger (1915-2003) benannt.,https://www.linz.at/strassennamen/Default.asp?action=strassendetail&ID=3448,,,Anny Grestenberger,Q109578086,,https://www.wikidata.org/wiki/Q109578086,Anny Grestenberger,female,politician,1915-01-03,2003-02-05
strasse_3211,3211,Griesmayrstraße,Katzbach,"Von der Ferdinand-Markl-Straße vorerst etwa in südöstlicher, dann in östlicher Richtung zur Pulvermühlstraße verlaufend. Benannt 1957 nach dem gleichnamigen Bauernhof. - Seit 1925 Quergasse.",https://www.linz.at/strassennamen/Default.asp?action=strassendetail&ID=3211,,,,,,,,,,,
strasse_3212,3212,Grillenweg,Kleinmünchen,Nach dem Objekt Flötzerweg 10 etwa in westlicher Richtung zum Mühlweg verlaufend. Benannt 1944 nach einem Flurnamen.,https://www.linz.at/strassennamen/Default.asp?action=strassendetail&ID=3212,,,,,,,,,,,
strasse_3213,3213,Grillmayerstraße,Kleinmünchen,"Nach dem Objekt Blümelhuberstraße 24 etwa in südlicher Richtung zur Schnopfhagenstraße verlaufend. Benannt 1929 nach dem Industriellen Johann Grillmayer (1809-1881), dem Gründer mehrerer Baumwollspinnereien in Oberösterreich.",https://www.linz.at/strassennamen/Default.asp?action=strassendetail&ID=3213,,,Johann Grillmayer,,,,,,,,
strasse_3214,3214,Grillparzerstraße,Lustenau,Nach dem Objekt Jungwirthstraße 12 etwa in südöstlicher Richtung mit einer Unterbrechung zur Makartstraße verlaufend. Benannt 1899 nach dem Dichter Franz Grillparzer (1791-1872).,https://www.linz.at/strassennamen/Default.asp?action=strassendetail&ID=3214,Q120645907,https://www.wikidata.org/wiki/Q120645907,Franz Grillparzer,Q154438,,https://www.wikidata.org/wiki/Q154438,Franz Grillparzer,male,writer,1791-01-15,1872-01-21
strasse_3215,3215,Grollweg,"Pöstlingberg, Katzbach","Nach dem Objekt Klausenbachstraße 46 etwa in ostnordöstlicher Richtung zum Haselgrabenweg verlaufend. Benannt 1958 nach dem Kunstmaler Andreas Groll (1850-1907), der das Kuppelfresko und das Deckenfresko in der Pöstlingbergkirche schuf.",https://www.linz.at/strassennamen/Default.asp?action=strassendetail&ID=3215,,,Andreas Groll,Q497600,,https://www.wikidata.org/wiki/Q497600,Andreas Groll,male,painter,1850-09-06,1907-12-23
strasse_3217,3217,Grubauerweg,Katzbach,Von der Dornacher Straße etwa in östlicher Richtung zur Glaserstraße verlaufend. Benannt 1968 nach dem Gemeindevorstand von Katzbach Sebastian Grubauer (1833-1891).,https://www.linz.at/strassennamen/Default.asp?action=strassendetail&ID=3217,,,Sebastian Grubauer,Q112999575,,https://www.wikidata.org/wiki/Q112999575,Sebastian Grubauer,male,politician,1833-01-17,1891-12-01
strasse_3219,3219,Gruberstraße,Linz,"Nach dem Objekt Untere Donaulände 68 etwa in südöstlicher, dann in südlicher Richtung zur Krankenhausstraße verlaufend. Benannt 1945 nach dem Abgeordneten zum Reichsrat, Landeshauptmann-Stellvertreter und Bürgermeister Josef Gruber (1867-1945). - Ab 1903 Ringstraße.",https://www.linz.at/strassennamen/Default.asp?action=strassendetail&ID=3219,Q106715018,https://www.wikidata.org/wiki/Q106715018,Josef Gruber,Q1273726,,https://www.wikidata.org/wiki/Q1273726,Josef Gruber,male,politician,1867-03-12,1945-09-05
strasse_3224,3224,Gruentalerstraße,Waldegg,"Vor dem Objekt Landwiedstraße 61 vorerst etwa in ostnordöstlicher, dann in nördlicher Richtung zur Preglstraße verlaufend. Benannt 1958 nach einem alten Linzer Adelsgeschlecht, das mit Koloman Gruentaler in der 1. Hälfte des 16. Jahrhunderts einen Bürgermeister stellte.",https://www.linz.at/strassennamen/Default.asp?action=strassendetail&ID=3224,,,,,,,,,,,
strasse_3220,3220,Grünauerstraße,Lustenau,Nach dem Objekt Khevenhüllerstraße 27 etwa in nordöstlicher Richtung zur Kinderspitalstraße verlaufend. Benannt 1874 nach dem Grünauerhof in der Lustenau.,https://www.linz.at/strassennamen/Default.asp?action=strassendetail&ID=3220,,,,,,,,,,,
strasse_3225,3225,Grundbachweg,Waldegg,"Von der Hummelhofstraße etwa in südwestlicher Richtung mit einer Unterbrechung zur Landwiedstraße verlaufend. Benannt 1958 nach dem gleichnamigen, in diesem Bereich kanalisierten Bach.",https://www.linz.at/strassennamen/Default.asp?action=strassendetail&ID=3225,,,,,,,,,,,
strasse_3221,3221,Gründbergstraße,Pöstlingberg,"Nach dem Objekt Leonfeldner Straße 133 vorerst etwa in nordwestlicher, dann etwa in nördlicher Richtung entlang des Höllmühlbaches zur Stadtgrenze mit Lichtenberg verlaufend. Benannt 1929 nach der gleichnamigen Konskriptionsortschaft. - Ab 1926 Höllmühlstraße.",https://www.linz.at/strassennamen/Default.asp?action=strassendetail&ID=3221,,,,,,,,,,,
strasse_3226,3226,Gstöttnerhofstraße,Urfahr,Nach dem Objekt Freistädter Straße 16 etwa in südsüdöstlicher Richtung zur Blütenstraße verlaufend. Benannt 1901 nach dem gleichnamigen Bauernhof. - Vorher Bahnweg nach der Trasse der ehemaligen Pferdeeisenbahn Linz-Budweis.,https://www.linz.at/strassennamen/Default.asp?action=strassendetail&ID=3226,,,,,,,,,,,
strasse_3229,3229,Guggenbichlerstraße,Urfahr,Vom Heilhamerweg etwa in nordwestlicher Richtung zur Freistädter Straße verlaufend. Benannt 1943 nach dem Barockbildhauer Meinrad Guggenbichler (1649-1723).,https://www.linz.at/strassennamen/Default.asp?action=strassendetail&ID=3229,,,Meinrad Guggenbichler,Q1291454,,https://www.wikidata.org/wiki/Q1291454,Johann Meinrad Guggenbichler,male,painter,1649-04-17,1723-05-10
strasse_3227,3227,Güntherstraße,Urfahr,"Von der Hoppichlerstraße etwa in nordwestlicher Richtung zur Höchsmannstraßeverlaufend. Benannt 1904 nach dem Schlossermeister Leopold Günther (1820-1902), der eine großzügige Armenpfründe errichtete.",https://www.linz.at/strassennamen/Default.asp?action=strassendetail&ID=3227,,,Leopold Günther,,,,,,,,
strasse_3228,3228,Gürtelstraße,Lustenau,"Vom Bulgariplatz etwa in nordöstlicher Richtung zur Raimundstraße verlaufend. Benannt 1899. Sie sollte Teil einer nach dem Generalregulierungsplan von 1888 geplanten äußeren Ostumfahrung um die Stadt werden, der man den Namen nach dem Wiener Vorbild gab.",https://www.linz.at/strassennamen/Default.asp?action=strassendetail&ID=3228,,,,,,,,,,,
strasse_3233,3233,Gußhausgasse,Urfahr,Nach dem Objekt Rudolfstraße 55 etwa in südöstlicher Richtung zur Zellerstraße verlaufend. Benannt 1875 nach der dort ehemals bestehenden Eisengießerei des Anton Lange.,https://www.linz.at/strassennamen/Default.asp?action=strassendetail&ID=3233,,,,,,,,,,,
strasse_3234,3234,Gutenbergstraße,Kleinmünchen,"Nach dem Objekt Wimmerstraße 9 etwa in südsüdöstlicher Richtung zur Denkstraße verlaufend. Benannt 1940 nach dem Erfinder der Buchdruckerkunst Johann Gutenberg (1400-1468), der eigentlich Johann Gensfleisch zur Laden hieß.",https://www.linz.at/strassennamen/Default.asp?action=strassendetail&ID=3234,,,Johann Gutenberg,Q8958,,https://www.wikidata.org/wiki/Q8958,Johannes Gutenberg,male,inventor,1400-01-01,
strasse_1896,1896,Haager Straße,Waldegg,Vor dem Objekt Thürheimerstraße 31 mit einer Unterbrechung etwa in südsüdöstlicher Richtung zur Meggauerstraße verlaufend. Benannt 1953 nach der auf Leondinger Stadtgebiet jenseits der Pyhrnbahn liegenden Ortschaft Haag.,https://www.linz.at/strassennamen/Default.asp?action=strassendetail&ID=1896,,,,,,,,,,,
strasse_1899,1899,Habichtweg,Pichling,Nach dem Objekt Rathfeldstraße 66 etwa in südwestlicher Richtung verlaufende Sackgasse. Benannt 1981 nach der einheimischen Vogelart.,https://www.linz.at/strassennamen/Default.asp?action=strassendetail&ID=1899,,,,,,,,,,,
strasse_1900,1900,Hackhlstraße,Waldegg,"Nach dem Objekt Landwiedstraße 66 etwa in westsüdwestlicher Richtung zur Hohenfurterstraße verlaufend. Benannt 1959 nach Christoph Hackhl von Lustenfelden (gest. um 1577), dem Besitzer des Freisitzes Lustenfelden.",https://www.linz.at/strassennamen/Default.asp?action=strassendetail&ID=1900,,,Christoph Hackhl von Lustenfelden,,,,,,,,
strasse_1903,1903,Haerdtlstraße,Urfahr,Vom Heilhamerweg etwa in nordwestlicher Richtung zur Prager Straße verlaufend. Benannt 1904 nach dem Landtagsabgeordneten und Gemeindeausschußmitglied von Urfahr Landesgerichtsrat Camillo Haerdtl (1854-1896).,https://www.linz.at/strassennamen/Default.asp?action=strassendetail&ID=1903,,,Camillo Haerdtl,,,,,,,,
strasse_1904,1904,Hafenstraße,Lustenau,"Als Fortsetzung der Unteren Donaulände von der Straßerau vorerst etwa in nordöstlicher, dann in ostnordöstlicher Richtung zur Industriezeile verlaufend. Benannt 1903 nach dem ehemaligen Winterhafen, dem heutigen Schutzhafen Linz.",https://www.linz.at/strassennamen/Default.asp?action=strassendetail&ID=1904,Q61453924,https://www.wikidata.org/wiki/Q61453924,,,,,,,,,
strasse_1905,1905,Hafferlstraße,Linz,"Nach dem Objekt Landstraße 60 etwa in westsüdwestlicher Richtung zur Seilerstätte verlaufend. Benannt um 1810 nach dem Kaufmann und Tuchfabrikanten Karl Anton Hafferl (gest. 1821), der an diesem Straßenzug eine Tuchfabrik besaß.",https://www.linz.at/strassennamen/Default.asp?action=strassendetail&ID=1905,,,Karl Anton Hafferl,,,,,,,,
strasse_1907,1907,Hafnerstraße,Linz,"Nach dem Objekt Baumbachstraße 5 etwa in südlicher Richtung zur Wurmstraße verlaufend. Altbenannt nach dem Hafnergewerbe in dieser Straße. - 1730 Zwergfeldgasse (zwerg, zwerch = quer) für den Teil bis zur Stifterstraße. 1781 Hafnergasse für den Teil zwischen Stifter- und Wurmstraße.",https://www.linz.at/strassennamen/Default.asp?action=strassendetail&ID=1907,,,,,,,,,,,
strasse_1910,1910,Hagenstraße,"Urfahr, Pöstlingberg","Nach dem Objekt Rudolfstraße 50 etwa in westnordwestlicher Richtung zum Schablederweg verlaufend. Benannt 1875 nach dem Schloß Hagen (1963 abgebrochen), das bereits Anfang des 15. Jahrhunderts als Gut ""Im Haken"" erwähnt ist.",https://www.linz.at/strassennamen/Default.asp?action=strassendetail&ID=1910,,,,,,,,,,,
strasse_1912,1912,Hahnengasse,Linz,Nach dem Objekt Hofgasse 9 im Bogen in südlicher bzw. westlicher Richtung zum Straßenzug Altstadt verlaufend. Altbenannt. Herkunft des Namens ungeklärt. - 1710 Hannegäßl. 1730 Hannengaßen. 1800 Hannagaßl. 1825 Hahnengasse.,https://www.linz.at/strassennamen/Default.asp?action=strassendetail&ID=1912,,,,,,,,,,,
strasse_1914,1914,Haiderstraße,Kleinmünchen,"Nach dem Objekt Dauphinestraße 151 etwa in südlicher Richtung zum Flötzerweg verlaufend. Benannt 1945 nach dem sozialdemokratischen Eisenbahnbediensteten Ludwig Haider (geb. 1885), der 1945 im Konzentrationslager Mauthausen ermordet wurde. - Ab 1943 Borsigstraße nach dem Maschinenbauer August Borsig (1804-1854).",https://www.linz.at/strassennamen/Default.asp?action=strassendetail&ID=1914,,,Ludwig Haider,,,,,,,,
strasse_1916,1916,Hainbuchenweg,Kleinmünchen,Nach dem Objekt Siemensstraße 60 etwa in westlicher Richtung verlaufend. Benannt 1958 nach der einheimischen Baumart.,https://www.linz.at/strassennamen/Default.asp?action=strassendetail&ID=1916,,,,,,,,,,,
strasse_1919,1919,Hallestraße,Kleinmünchen,Von der Auwiesenstraße etwa in südlicher Richtung verlaufende Sackgasse. Benannt 1980 nach der Partnerstadt Halle an der Saale in Deutschland.,https://www.linz.at/strassennamen/Default.asp?action=strassendetail&ID=1919,,,,,,,,,,,
strasse_1920,1920,Hamerlingstraße,Lustenau,Nach dem Objekt Wiener Straße 33 etwa in ostnordöstlicher bzw. östlicher Richtung zur Lastenstraße verlaufend. Benannt 1897 nach dem Dichter Robert Hamerling (1830-1889).,https://www.linz.at/strassennamen/Default.asp?action=strassendetail&ID=1920,,,Robert Hamerling,Q79088,,https://www.wikidata.org/wiki/Q79088,Robert Hamerling,male,poet,1830-03-24,1889-07-13
strasse_1921,1921,Hamoderstraße,Waldegg,Nach dem Objekt Feilstraße 5 etwa in südsüdöstlicher Richtung zur Eichendorffstraße verlaufend. Benannt 1965 nach dem ehemals in der Nähe gelegenen gleichnamigen Bauernhof.,https://www.linz.at/strassennamen/Default.asp?action=strassendetail&ID=1921,,,,,,,,,,,
strasse_1922,1922,Handel-Mazzetti-Straße,Linz,Nach dem Objekt Waldeggstraße 17 etwa in südöstlicher Richtung zur Weingartshofstraße verlaufend. Benannt 1930 nach der Dichterin und Ehrenbürgerin Enrica von Handel-Mazzetti (1871-1955).,https://www.linz.at/strassennamen/Default.asp?action=strassendetail&ID=1922,,,Enrica von Handel-Mazzetti,Q112388,,https://www.wikidata.org/wiki/Q112388,Enrica von Handel-Mazzetti,female,writer,1871-01-10,1955-04-08
strasse_1902,1902,Händelstraße,Waldegg,Nach dem Objekt Roseggerstraße 75 etwa in östlicher Richtung zum Minnesängerplatz verlaufend. Benannt 1940 nach dem Komponisten Georg Friedrich Händel (1685-1759).,https://www.linz.at/strassennamen/Default.asp?action=strassendetail&ID=1902,,,Georg Friedrich Händel,Q7302,,https://www.wikidata.org/wiki/Q7302,George Frideric Handel,male,composer,1685-02-23,1759-04-14
strasse_1924,1924,Hanriederstraße,Waldegg,"Nach dem Objekt Sophiengutstraße 17 vorerst etwa in südlicher, dann in südwestlicher Richtung zur Kudlichstraße verlaufend. Benannt 1914 nach dem oberösterreichischen Mundartdichter und Pfarrer zu Putzleinsdorf Norbert Hanrieder (1842-1913).",https://www.linz.at/strassennamen/Default.asp?action=strassendetail&ID=1924,,,Norbert Hanrieder,Q1996827,,https://www.wikidata.org/wiki/Q1996827,Norbert Hanrieder,male,writer,1842-06-02,1913-10-14
strasse_1925,1925,Hanuschstraße,Waldegg,"Gegenüber dem Objekt Unionstraße 68 etwa in südlicher Richtung zur Hatschekstraße verlaufend. Bis 1962 auf der Trasse der A7 bis zur Salzburger Straße führend. Benannt 1964 nach dem Schöpfer der modernen österreichischen Sozialgesetzgebung, dem Staatssekretär im Staatsamt für Soziale Verwaltung Ferdinand Hanusch (1866-1923). Von 1945 bis 1964 nach dem Hafner Ferdinand Hanusch (geb. 1905) benannt, der 1945 im Konzentrationslager Mauthausen ermordet wurde. - 1941 Dr.-Todt-Straße nach dem deutschen Reichsminister für Bewaffnung und Munition Fritz Todt (1891-1942). - Das Straßenstück zwischen Unionstraße und dem 1944 zerbombten Zehetnerhof (in der Nähe des Hummelhofwaldes) war bis 1954 Teil der 1913 benannten Niedernharter Straße.",https://www.linz.at/strassennamen/Default.asp?action=strassendetail&ID=1925,,,Ferdinand Hanusch,Q688666,,https://www.wikidata.org/wiki/Q688666,Ferdinand Hanusch,male,politician,1866-11-09,1923-09-28
strasse_3462,3462,Harald-Renner-Platz,Linz,Der Platz vor dem Kulturzentrum KAPU (Kapuzinerstraße 36) wird 2018 nach dem Musiker und Mitbegründer des Kulturzentrums Harald Renner (1966-2018) benannt.,https://www.linz.at/strassennamen/Default.asp?action=strassendetail&ID=3462,,,Harald Renner,,,,,,,,
strasse_1926,1926,Harbacher Straße,"Urfahr, Pöstlingberg",Nach dem Objekt Leonfeldner Straße 75a etwa in westlicher Richtung zum Bachlbergweg verlaufend. Benannt 1926 nach der Ortschaft Harbach.,https://www.linz.at/strassennamen/Default.asp?action=strassendetail&ID=1926,,,,,,,,,,,
strasse_1799,1799,Harrachstraße,Linz,"Nach dem Objekt Landstraße 31 etwa in östlicher Richtung zur Eisenhandstraße verlaufend. Benannt 1869 nach dem Adelsgeschlecht der Harrach, dessen Mitglied Franz Anton Graf von Harrach, Erzbischof von Salzburg, eine Deutschordenskommende in Linz gründete und dazu das in dieser Straße stehende heutige Priesterseminarhaus samt Kirche errichten ließ. - 1612 Gasse vom Kreuz gegen das Puechfeld. 1730 Carmelitergasse. 1800 In der Harrach. 1815 Neue Spitzfeldgasse für den östlichen Teil.",https://www.linz.at/strassennamen/Default.asp?action=strassendetail&ID=1799,Q106635007,https://www.wikidata.org/wiki/Q106635007,Franz Anton Graf von Harrach,Q106203587,,https://www.wikidata.org/wiki/Q106203587,Franz Anton Nikolaus Karl Graf von Harrach,male,large estate owner,1720-01-13,1768-09-15
strasse_1930,1930,Harrerweg,Kleinmünchen,Von der Kreiskystraße etwa in südwestlicher Richtung zur Auwiesenstraße (Nebenfahrbahn) verlaufend. Benannt 1992 nach der sozialdemokratischen Landtagsabgeordneten und Gewerkschaftsfunktionärin Elfriede Harrer (1953-1986).,https://www.linz.at/strassennamen/Default.asp?action=strassendetail&ID=1930,,,Elfriede Harrer,Q43688948,,https://www.wikidata.org/wiki/Q43688948,Elfriede Harrer-Friesenbichler,female,politician,1953-12-26,1986-12-09
strasse_1931,1931,Harruckerstraße,Urfahr,"Nach dem Objekt Leonfeldner Straße 24c vorerst in östlicher, dann in nordöstlicher Richtung zur Linken Brückenstraße verlaufend. Benannt 1945 nach dem Mühlviertler Bauernsohn und Mitstreiter Prinz Eugens Johann Georg Freiherr von Harrucker (1674-1742). - Ab 1942 Möldersstraße nach dem Jagdflieger des 2. Weltkrieges Oberst Werner Mölders.",https://www.linz.at/strassennamen/Default.asp?action=strassendetail&ID=1931,,,Johann Georg Freiherr von Harrucker,,,,,,,,
strasse_1932,1932,Hartheimerstraße,Ebelsberg,"Von der Wambacher Straße etwa in westlicher Richtung zur Florianer Straße verlaufend. Benannt 1958 nach einem Adelsgeschlecht, das in Ebelsberg begütert war. 1985 Änderung der Bezeichnung von Hartheimerweg in Hartheimerstraße.",https://www.linz.at/strassennamen/Default.asp?action=strassendetail&ID=1932,,,,,,,,,,,
strasse_1933,1933,Hasbergersteig,Katzbach,Vor dem Objekt Magdalenastraße 45 etwa in nördlicher bzw. nordnordwestlicher Richtung zum Ödmühlweg verlaufend. Benannt 1958 nach einem Bauerngut.,https://www.linz.at/strassennamen/Default.asp?action=strassendetail&ID=1933,,,,,,,,,,,
strasse_1934,1934,Haselbachstraße,Katzbach,Nach dem Objekt Leonfeldner Straße 204 etwa in östlicher Richtung zur Klausenbachstraße verlaufend. Benannt 1939 nach dem gleichnamigen Bach.,https://www.linz.at/strassennamen/Default.asp?action=strassendetail&ID=1934,,,,,,,,,,,
strasse_1800,1800,Haselgrabenweg,"Katzbach, Pöstlingberg",Vor dem Objekt Ferdinand-Markl-Straße 33 etwa in nordnordwestlicher Richtung zur Leonfeldner Straße verlaufend. Benannt 1939 nach der gleichnamigen Konskriptionsortschaft.,https://www.linz.at/strassennamen/Default.asp?action=strassendetail&ID=1800,,,,,,,,,,,
strasse_1801,1801,Hasnerstraße,Waldegg,"Nach dem Objekt Wiener Straße 48 etwa in westsüdwestlicher, dann in westnordwestlicher Richtung zur Unionstraße verlaufend. Benannt 1899 nach dem liberalen Unterrichtsminister Leopold Ritter von Hasner-Artha (1818-1891), dem Schöpfer des Reichsvolksschulgesetzes von 1869.",https://www.linz.at/strassennamen/Default.asp?action=strassendetail&ID=1801,,,Leopold Ritter von Hasner-Artha,Q78824,,https://www.wikidata.org/wiki/Q78824,Leopold Hasner von Artha,male,pedagogue,1818-03-15,1891-06-05
strasse_1802,1802,Hatschekstraße,Waldegg,"Von der Hanuschstraße in westlicher Richtung zur Ramsauerstraße verlaufend. Benannt 1945 nach dem Erfinder des Eternits und Ehrenbürger der Stadt Linz Ludwig Hatschek (1856-1914), dem Schöpfer der Bauernberganlagen. - 1941 Kruppstraße nach der in Deutschland ansässigen Industriellenfamilie.",https://www.linz.at/strassennamen/Default.asp?action=strassendetail&ID=1802,,,Ludwig Hatschek,Q1874503,,https://www.wikidata.org/wiki/Q1874503,Ludwig Hatschek,male,industrialist,1856-10-09,1914-07-15
strasse_1803,1803,Hauchlhamer Weg,Katzbach,"Nach dem Objekt Freistädter Straße 226 b etwa in südöstlicher, dann in ostnordöstlicher Richtung zum Haselbach verlaufende Sackgasse. Benannt 1954 nach der ursprünglichen Bezeichnung für Heilham.",https://www.linz.at/strassennamen/Default.asp?action=strassendetail&ID=1803,,,,,,,,,,,
strasse_1804,1804,Hauderweg,Ebelsberg,Von der Kremsmünsterer Straße etwa in südöstlicher Richtung zur Postlstraße verlaufend. Benannt 1969 nach dem Ebelsberger Bürgermeister Johann Hauder (1893-1964).,https://www.linz.at/strassennamen/Default.asp?action=strassendetail&ID=1804,,,Johann Hauder,,,,,,,,
strasse_1805,1805,Haunspergerstraße,Waldegg,"Nach dem Objekt Kefergutstraße 35 etwa in nördlicher Richtung zur Hummelhofstraße verlaufend. Benannt 1964 nach dem Adelsgeschlecht der Haunsperger, von denen Linz zu Beginn des 13. Jahrhunderts an die Babenberger kam.",https://www.linz.at/strassennamen/Default.asp?action=strassendetail&ID=1805,,,,,,,,,,,
strasse_1806,1806,Hauptplatz,Linz,"Stadtmittelpunkt, im 13. Jahrhundert entstanden. Benannt 1945. - 1338 An dem Markt. Die nördliche, ursprünglich zur Donau abfallende Seite hieß 1439 Heubühel. Im 15. Jahrhundert Am Platz. Später Großer Platz. Seit etwa 1800 Hauptplatz. 1873 Franz-Josephs-Platz nach Kaiser Franz Joseph I. 1921 Platz des 12. November nach dem Datum der Ausrufung der Republik am 12. November 1918. 1934 wiederum Franz-Joseph-Platz. 1938 Adolf-Hitler-Platz nach Adolf Hitler (1889-1945).",https://www.linz.at/strassennamen/Default.asp?action=strassendetail&ID=1806,Q1589564,https://www.wikidata.org/wiki/Q1589564,,,,,,,,,
strasse_1807,1807,Hauptstraße,Urfahr,Von der Nibelungenbrücke etwa in nordnordwestlicher Richtung zur Freistädter Straße verlaufend. Benannt 1875. - Vorher (schon seit 1586) Urfahrgasse.,https://www.linz.at/strassennamen/Default.asp?action=strassendetail&ID=1807,,,,,,,,,,,
strasse_1808,1808,Hauschildweg,Kleinmünchen,Nach dem Objekt Neubauzeile 79 etwa in südsüdöstlicher Richtung verlaufende Sackgasse. Benannt 1954 nach dem Gründer des ersten Schrebervereines (1866) Ernst Innozenz Hauschild (1808-1866).,https://www.linz.at/strassennamen/Default.asp?action=strassendetail&ID=1808,,,Ernst Innozenz Hauschild,Q1358811,,https://www.wikidata.org/wiki/Q1358811,Ernst Innozenz Hauschild,male,pedagogue,1808-11-01,1866-08-05
strasse_1809,1809,Hausengutweg,Katzbach,Nach dem Objekt Linzer Straße 27 etwa in westlicher Richtung verlaufende Sackgasse. Benannt 1957 nach einem Bauerngut.,https://www.linz.at/strassennamen/Default.asp?action=strassendetail&ID=1809,,,,,,,,,,,
strasse_1810,1810,Hauserstraße,Urfahr,"Von der Harbacher Straße vorerst etwa in südlicher, dann in westlicher Richtung verlaufende Sackgasse. Benannt 1945 nach Landeshauptmann Johann Nepomuk Hauser 1866-1927. - Ab 1942 Moosbauerstraße nach dem Passauer NS-Oberbürgermeister Max Moosbauer.",https://www.linz.at/strassennamen/Default.asp?action=strassendetail&ID=1810,,,Johann Nepomuk Hauser,Q89817,,https://www.wikidata.org/wiki/Q89817,Johann Nepomuk Hauser,male,politician,1866-03-24,1927-02-08
strasse_3417,3417,Haushoferstraße,Waldegg,Vom Bulgariplatz etwa in südwestlicher Richtung zur Reuchlinstraße verlaufend. Benannt 2001 nach der Schriftstellerin Marlen Haushofer (1920-1970).,https://www.linz.at/strassennamen/Default.asp?action=strassendetail&ID=3417,,,Marlen Haushofer,Q112929,,https://www.wikidata.org/wiki/Q112929,Marlen Haushofer,female,writer,1920-04-11,1970-03-21
strasse_1811,1811,Hausleitnerweg,"Kleinmünchen, Waldegg","Nach dem Objekt Glimpfingerstraße 5 etwa in südwestlicher Richtung bis zur A7 verlaufende Sackgasse. Benannt 1929 nach dem Bauernführer Hans Hausleitner, der am 26. März 1627 auf dem Hauptplatz enthauptet wurde.",https://www.linz.at/strassennamen/Default.asp?action=strassendetail&ID=1811,,,Hans Hausleitner,,,,,,,,
strasse_1812,1812,Haydnstraße,Kleinmünchen,Nach dem Objekt Spaunstraße 63 etwa in südsüdöstlicher Richtung zur Salzburger Straße verlaufend. Benannt 1929 nachdem Komponisten Joseph Haydn (1732-1809).,https://www.linz.at/strassennamen/Default.asp?action=strassendetail&ID=1812,Q107404824,https://www.wikidata.org/wiki/Q107404824,Joseph Haydn,Q7349,,https://www.wikidata.org/wiki/Q7349,Joseph Haydn,male,composer,1732-03-31,1809-05-31
strasse_1813,1813,Hayekstraße,Katzbach,Nach dem Objekt Freistädter Straße 436 etwa in südlicher Richtung zur Further Straße verlaufend. Benannt 1993 nach dem Wirtschaftswissenschafter und Nobelpreisträger Friedrich August von Hayek (1899-1992).,https://www.linz.at/strassennamen/Default.asp?action=strassendetail&ID=1813,,,Friedrich August von Hayek,Q1325,,https://www.wikidata.org/wiki/Q1325,Friedrich Hayek,male,economist,1899-05-14,1992-03-23
strasse_1814,1814,Hazodstraße,Katzbach,Nach dem Objekt Leonfeldner Straße 220 etwa in östlicher Richtung zum Haselgrabenweg verlaufend. Benannt 1992 nach dem Maler Johann Hazod (1897-1981).,https://www.linz.at/strassennamen/Default.asp?action=strassendetail&ID=1814,,,Johann Hazod,Q21672554,,https://www.wikidata.org/wiki/Q21672554,Johann Hazod,male,painter,1897-03-30,1981-07-30
strasse_1815,1815,Hebenstreitstraße,Waldegg,"Von der Kuefsteinerstraße vorerst etwa in südlicher, dann in westlicher Richtung verlaufende S-förmige Sackgasse. Benannt 1963 nach der im 17. Jahrhundert bedeutenden Familie Hebenstreit, die mit Ludwig Hebenstreit 1622 und 1635-1637 den Bürgermeister sowie weitere Ratsmitglieder stellte.",https://www.linz.at/strassennamen/Default.asp?action=strassendetail&ID=1815,,,,,,,,,,,
strasse_1816,1816,Hechtweg,Posch,"Der Weg beginnt vor dem Objekt Traundorfer Straße 147, verläuft zunächst in nördlicher Richtung, teilt sich dann in einen östlichen und einen westlichen Ast. Beide Straßenteile enden als Sackgasse . Benannt 1958 nach der einheimischen Fischart.",https://www.linz.at/strassennamen/Default.asp?action=strassendetail&ID=1816,,,,,,,,,,,
strasse_3445,3445,Heideckerweg,Pichling,Vom Henriette-Haill-Weg ausgehende und u-förmig wieder zu diesem zurückführende Verkehrsfläche. Benannt 2011 nach der Linzer Architektin Gabriele Heidecker (1961-2008).,https://www.linz.at/strassennamen/Default.asp?action=strassendetail&ID=3445,,,Gabriele Heidecker,Q107405819,,https://www.wikidata.org/wiki/Q107405819,Gabriele Heidecker,female,architect,1961-01-01,2008-04-14
strasse_1817,1817,Heiderosenweg,Kleinmünchen,Vom Spindelbaumweg etwa in ostnordöstlicher Richtung zum Angererhofweg verlaufend. Benannt 1958 nach der einheimischen Pflanzenart.,https://www.linz.at/strassennamen/Default.asp?action=strassendetail&ID=1817,,,,,,,,,,,
strasse_1819,1819,Heilhamer Straße,Urfahr,Nach dem Objekt Linke Brückenstraße 4 etwa in nordöstlicher Richtung zur Guggenbichlerstraße verlaufend. Benannt 1943 nach der gleichnamigen Konskriptionsortschaft.,https://www.linz.at/strassennamen/Default.asp?action=strassendetail&ID=1819,,,,,,,,,,,
strasse_1820,1820,Heilhamer Weg,Urfahr,Vor dem Objekt Linke Brückenstraße 2 etwa in nordöstlicher Richtung zur Guggenbichlerstraße verlaufend. Benannt 1905 nach der gleichnamigen Konskriptionsortschaft.,https://www.linz.at/strassennamen/Default.asp?action=strassendetail&ID=1820,,,,,,,,,,,
strasse_1821,1821,Heimlhofstraße,Lustenau,"Nach dem Objekt Petzoldstraße 39 etwa in ostnordöstlicher Richtung verlaufende Sackgasse, durch die Trasse der A7 unterbrochen. Ursprünglich von der Holzstraße ausgehend. Benannt 1946 nach dem Heimlhof, der nach seinem Neubau um 1750 als Posthof bezeichnet wurde.",https://www.linz.at/strassennamen/Default.asp?action=strassendetail&ID=1821,,,,,,,,,,,
strasse_1822,1822,Heindlstraße,Urfahr,Von der Heilhamer Straße etwa in nordwestlicher Richtung zur Freistädter Straße verlaufend. Benannt 1943 nach dem oberösterreichischen Barockmaler Wolfgang Andreas Heindl (1693-1757).,https://www.linz.at/strassennamen/Default.asp?action=strassendetail&ID=1822,,,Wolfgang Andreas Heindl,Q115075,,https://www.wikidata.org/wiki/Q115075,Wolfgang Andreas Heindl,male,painter,1693-01-01,1757-07-28
strasse_1823,1823,Heinrich-Gleißner-Promenade,Urfahr,Zwischen Nibelungenbrücke und Eisenbahnbrücke etwa in nordöstlicher Richtung entlang des Urfahrer Jahrmarktgeländes verlaufender Donauufer-Begleitweg. Benannt 1992 nach dem Staatssekretär und Landeshauptmann Heinrich Gleißner (1893-1984).,https://www.linz.at/strassennamen/Default.asp?action=strassendetail&ID=1823,,,Heinrich Gleißner,Q1597358,,https://www.wikidata.org/wiki/Q1597358,Heinrich Gleißner,male,politician,1893-01-26,1984-01-18
strasse_1824,1824,Heinrich-Kandl-Weg,Ebelsberg,Von der Hartheimerstraße etwa in südsüdöstlicher Richtung verlaufende Sackgasse. Benannt 1985 nach dem Arbeiterkammerpräsidenten Heinrich Kandl (1875-1968).,https://www.linz.at/strassennamen/Default.asp?action=strassendetail&ID=1824,,,Heinrich Kandl,Q1420087,,https://www.wikidata.org/wiki/Q1420087,Heinrich Kandl,male,politician,1875-07-15,1968-12-30
strasse_1826,1826,Heizhausstraße,Lustenau,Nach dem Objekt Raimundstraße 48 etwa in südsüdöstlicher Richtung zur Oberfeldstraße verlaufend. Benannt 1921 nach den an diesem Straßenzug situierten Heizhäusern der Bundesbahn.,https://www.linz.at/strassennamen/Default.asp?action=strassendetail&ID=1826,,,,,,,,,,,
strasse_3407,3407,Heliosallee,"Ufer, Posch","Von der Kreuzung Mossfelderstraße-Traundorfer Straße vorerst in nordöstlicher, beim Lunaplatz in östlicher und dann in südöstlicher Richtung zur Bremenstraße verlaufend. Benannt 2002 nach dem griechischen Sonnengott Helios.",https://www.linz.at/strassennamen/Default.asp?action=strassendetail&ID=3407,,,,,,,,,,,
strasse_1827,1827,Helletzgruberstraße,Lustenau,Nach dem Objekt Ebenhochstraße 21 etwa in ostnordöstlicher Richtung zur Ing.-Stern-Straße verlaufend. Benannt 1934 nach dem Landtagsabgeordneten und Vizebürgermeister Josef Helletzgruber (1856-1915). - Ab 1931 Johann-Neander-Straße nach dem Mitbegründer der Sozialdemokratischen Partei Oberösterreichs Johann Neander.,https://www.linz.at/strassennamen/Default.asp?action=strassendetail&ID=1827,,,Josef Helletzgruber,,,,,,,,
strasse_2955,2955,Helmut-Köglberger-Platz,Waldegg,"Südöstlich der Roseggerstraße gelegener Vorplatz vor der Raiffeisen Arena, benannt 2023 nach dem Fußballspieler Helmut Köglberger (1946-2018).",https://www.linz.at/strassennamen/Default.asp?action=strassendetail&ID=2955,,,Helmut Köglberger,Q672203,,https://www.wikidata.org/wiki/Q672203,Helmut Köglberger,male,association football player,1946-01-12,2018-09-23
strasse_1828,1828,Helmholtzstraße,Kleinmünchen,"Von der Hörzingerstraße vorerst etwa in westsüdwestlicher, dann in nordnordwestlicher Richtung zur Schererstraße verlaufend. Benannt 1958 nach dem Physiker Hermann Helmholtz (1821-1894).",https://www.linz.at/strassennamen/Default.asp?action=strassendetail&ID=1828,,,Hermann Helmholtz,Q60024,,https://www.wikidata.org/wiki/Q60024,Hermann von Helmholtz,male,physicist,1821-08-31,1894-09-08
strasse_3444,3444,Henriette-Haill-Weg,Pichling,Von der Oidener Straße in östlicher Richtung verlaufende ca. 300 Meter lange Verkehrsfläche. Benannt 2011 nach der Linzer Schriftstellerin Henriette Haill (1904-1996).,https://www.linz.at/strassennamen/Default.asp?action=strassendetail&ID=3444,,,Henriette Haill,Q1606168,,https://www.wikidata.org/wiki/Q1606168,Henriette Haill,female,writer,1904-06-27,1996-02-22
strasse_3432,3432,Herbert-Bayer-Platz,Linz,"Durch das Haus des Architekturforums Oberösterreich, das Objekt Prunerstraße 3a, das Bundesamt für Eich- und Vermessungswesen sowie durch die Lederergasse gebildeter Platz. Benannt 2008 nach dem Künstler Herbert Bayer (1900-1985).",https://www.linz.at/strassennamen/Default.asp?action=strassendetail&ID=3432,,,Herbert Bayer,Q213637,,https://www.wikidata.org/wiki/Q213637,Herbert Bayer,male,type designer,1900-04-05,1985-09-30
strasse_1831,1831,Herrenstraße,Linz,Nach dem Objekt Promenade 17 etwa in südsüdöstlicher bzw. südlicher Richtung zur Stockhofstraße bzw. Volksgartenstraße verlaufend. Altbennant nach den ehemaligen landtäflichen Besitzen in dieser Gasse. - 1595 Saugasse. 1612 Rosen- oder Saugasse. 1644 Welsergassen. 1710 Herrengassen. 1781 Innere und Äußere Herrengasse (Grenze Bischofstraße).,https://www.linz.at/strassennamen/Default.asp?action=strassendetail&ID=1831,Q101246331,https://www.wikidata.org/wiki/Q101246331,,,,,,,,,
strasse_1832,1832,Herstorferstraße,Waldegg,"Nach dem Objekt Niederreithstraße 32 etwa in westlicher Richtung zur Hanriederstraße verlaufend. Benannt 1914 nach dem Linzer Bürger Anton Herstorfer (1815-1879), der sein Vermögen für Lehrlingsstipendien stiftete.",https://www.linz.at/strassennamen/Default.asp?action=strassendetail&ID=1832,,,Anton Herstorfer,,,,,,,,
strasse_1833,1833,Hertzstraße,Waldegg,Von der Boltzmannstraße im Bogen parallel zur Muldenstraße und zur Kopernikusstraße verlaufend. Benannt 1956 nach dem Physiker Heinrich Hertz (1857-1894).,https://www.linz.at/strassennamen/Default.asp?action=strassendetail&ID=1833,,,Heinrich Hertz,Q41257,,https://www.wikidata.org/wiki/Q41257,Heinrich Rudolf Hertz,male,physicist,1857-02-22,1894-01-01
strasse_1835,1835,Hessenplatz,Linz,"Zwischen Johann-Konrad-Vogel-Straße, Bismarckstraße, Volksfeststraße und Lustenauer Straße. Benannt 1934 nach dem 1733 aufgestellten Linzer Hausregiment Infanterie-Regiment Nr. 14 Großherzog Ludwig von Hessen und bei Rhein. - 1864 Marktplatz nach den dort seit 1857 abgehaltenen Linzer Märkten. 1914 Kaiser-Wilhelm-Platz nach dem deutschen Kaiser Wilhelm. 1921 Pestalozziplatz nach dem Pädagogen Johann Heinrich Pestalozzi (1746-1827).",https://www.linz.at/strassennamen/Default.asp?action=strassendetail&ID=1835,Q51789268,https://www.wikidata.org/wiki/Q51789268,,,,,,,,,
strasse_1837,1837,Hillerstraße,Ufer,Nach dem Objekt Traundorfer Straße 16 etwa in ostnordöstlicher Richtung verlaufende Sackgasse. Benannt 1964 nach dem Verteidiger des Traunüberganges in Ebelsberg im Jahre 1809 Feldmarschall-Leutnant Johann Freiherr von Hiller (1754-1819).,https://www.linz.at/strassennamen/Default.asp?action=strassendetail&ID=1837,,,Johann Freiherr von Hiller,Q78773,,https://www.wikidata.org/wiki/Q78773,Johann von Hiller,male,,1754-10-13,1819-06-05
strasse_1838,1838,Himmelbergerstraße,Kleinmünchen,"Nach dem Objekt Hochwangerstraße 20 etwa in westsüdwestlicher Richtung verlaufende Sackgasse. Benannt 1942 nach dem Steyrer Stadtkämmerer Hans Himmelberger, der als Beteiligter am Aufstand Stephan Fadingers am 23. April 1627 in Linz hingerichtet wurde.",https://www.linz.at/strassennamen/Default.asp?action=strassendetail&ID=1838,,,Hans Himmelberger,,,,,,,,
strasse_1839,1839,Hinsenkampplatz,Urfahr,"Zwischen Haupt- und Gerstnerstraße. Benannt 1921 nach dem Rechtsanwalt, Landtagsabgeordneten und letzten Urfahrer Bürgermeister Heinrich Hinsenkamp (1862-1934). - Vor 1889 Pferdeeisenbahnplatz. 1889 Schulplatz. 1910 Kaiserplatz.",https://www.linz.at/strassennamen/Default.asp?action=strassendetail&ID=1839,Q106635009,https://www.wikidata.org/wiki/Q106635009,Heinrich Hinsenkamp,Q30231807,,https://www.wikidata.org/wiki/Q30231807,Heinrich Hinsenkamp,male,politician,1862-08-28,1934-09-17
strasse_1841,1841,Hirschgasse,Linz,"Vor dem Objekt Kapuzinerstraße 4 vorerst etwa in nordwestlicher, dann in westsüdwestlicher bzw. westlicher Richtung zum Straßenzug Im Dörfl verlaufend. Altbenannt nach dem dort gelegenen Gasthaus ""Zum Goldenen Hirschen"". - 1771 Hirschenwirtsgasse. 1815 und 1825 Hagergasse für das Stück zwischen Klammstraße und Schlossergasse. Bis 1869 Hirschenwirtsgasse und Weyerhofgasse.",https://www.linz.at/strassennamen/Default.asp?action=strassendetail&ID=1841,,,,,,,,,,,
strasse_1842,1842,Hirtstraße,Kleinmünchen,Vor dem Objekt Schörgenhubstraße 8 etwa in westlicher Richtung verlaufende Sackgasse. Benannt 1972 nach dem Turnlehrer und Pionier des Frauen- und Kinderturnens Max Hirt (1869-1942).,https://www.linz.at/strassennamen/Default.asp?action=strassendetail&ID=1842,,,Max Hirt,Q60623868,,https://www.wikidata.org/wiki/Q60623868,Max Hirt,male,pedagogue,1869-04-19,1942-10-05
strasse_1843,1843,Hittmairstraße,Lustenau,"Nach dem Objekt Franckstraße 19 etwa in nordöstlicher bzw. ostnordöstlicher Richtung zur Ing.-Stern-Straße verlaufend. Benannt 1945 nach dem Linzer Bischof Rudolf Hittmair (1859-1915), der durch die Pflege Flecktyphuskranker im Serbenlager Mauthausen starb. - 1940 Planettastraße nach dem Heeresangehörigen Otto Planetta (1899-1934), der am nationalsozialistischen Juliputsch 1934 hauptbeteiligt war.",https://www.linz.at/strassennamen/Default.asp?action=strassendetail&ID=1843,,,Rudolf Hittmair,Q1507535,,https://www.wikidata.org/wiki/Q1507535,Rudolph Hittmair,male,university teacher,1859-07-24,1915-03-05
strasse_1845,1845,Hochholdweg,Pöstlingberg,Gegenüber dem Objekt Dießenleitenweg 100 etwa in südlicher Richtung zum Bauerngut Hochhold verlaufend. Benannt 1958 nach dem gleichnamigen Bauerngut.,https://www.linz.at/strassennamen/Default.asp?action=strassendetail&ID=1845,,,,,,,,,,,
strasse_1847,1847,Höchsmannstraße,Urfahr,"Nach dem Objekt Aubergstraße 25 etwa in südwestlicher Richtung zur Landgutstraße verlaufend. Benannt 1904 nach dem Rechtsanwalt und Gemeindeausschußmitglied von Urfahr Florian Höchsmann (1825-1899), einem der Initiatoren der Mühlkreisbahn.",https://www.linz.at/strassennamen/Default.asp?action=strassendetail&ID=1847,,,Florian Höchsmann,,,,,,,,
strasse_1846,1846,Hochwangerstraße,Kleinmünchen,"Von der Zeppelinstraße etwa in südlicher Richtung zur Dauphinestraße verlaufend. Benannt 1942 nach dem Bauern Christoph Hochwanger, der als einer der Führer des Aufstandes Stephan Fadingers am 23. April 1627 in Linz hingerichtet wurde.",https://www.linz.at/strassennamen/Default.asp?action=strassendetail&ID=1846,,,Christoph Hochwanger,,,,,,,,
strasse_1856,1856,Hofbauerstiege,Katzbach,Von der Wolfauerstraße zur Pferdebahnpromenade verlaufende Stiege. Benannt 1993 nach dem Bürgermeister von St. Magdalena und Stadtrat von Urfahr Peter Hofbauer (1886-1962).,https://www.linz.at/strassennamen/Default.asp?action=strassendetail&ID=1856,,,Peter Hofbauer,Q2075744,,https://www.wikidata.org/wiki/Q2075744,Peter Hofbauer,male,farmer,1886-05-14,1962-12-21
strasse_1857,1857,Hofbauerweg,Katzbach,"Vom Schatzweg vorerst etwa in nordöstlicher, dann in nordwestlicher Richtung zum Grubergut verlaufend. Benannt 1958 nach dem Kunstmaler Louis Hofbauer (1889-1932), der in Oberösterreich bedeutende Werke schuf.",https://www.linz.at/strassennamen/Default.asp?action=strassendetail&ID=1857,,,Louis Hofbauer,Q1871730,,https://www.wikidata.org/wiki/Q1871730,Louis Hofbauer,male,painter,1889-10-26,1932-06-01
strasse_1858,1858,Hofberg,Linz,"Nach dem Objekt Obere Donaulände 9 etwa in südsüdöstlicher Richtung zur Hofgasse verlaufend. Altbenannt nach dem Hof, der Burg. - Der von der Kreuzung Hofberg - Hofgasse gebildete Platz hieß 1644 Haar- oder Leinwandmarkt. Die Gasse wurde 1710 Kruchboden, 1730 Pruedtboden, 1771 Bruckboden bezeichnet. Das Gaßl gegenüber dem Roten Krebsen hieß 1800 Wassertorgasse, beim Roten Krebsen selbst 1800 Obere Wassertorgasse, 1808 Salzamtsgasse, 1813 Brückenbodengaßl, 1835 Am Salzwinkel.",https://www.linz.at/strassennamen/Default.asp?action=strassendetail&ID=1858,Q106635010,https://www.wikidata.org/wiki/Q106635010,,,,,,,,,
strasse_1862,1862,Hofgasse,Linz,"Nach dem Objekt Hauptplatz 11 etwa in westlicher Richtung zum Schloß verlaufend. Altbenannt nach dem Hof, der Burg. Bis 1869 trug nur der Teil zwischen Hauptplatz und dem Straßenzug der Altstadt diese Bezeichnung. - Das steile Straßenstück hieß 1391 Am Perig (Berg), 1644 Am Schloßberg, 1710 Hofberg, 1800 Schloßgasse und 1825 Schloßberggasse.",https://www.linz.at/strassennamen/Default.asp?action=strassendetail&ID=1862,Q106635011,https://www.wikidata.org/wiki/Q106635011,,,,,,,,,
strasse_1863,1863,Hofmannsthalweg,Ebelsberg,"Von der Ennsfeldstraße gegenüber dem Ebner-Eschenbach-Weg abzweigend, vorerst etwa in ostsüdöstlicher, dann in nordnordöstlicher Richtung verlaufend und in die Schiltenbergstraße mündend. Benannt 1995 nach dem Dichter Hugo von Hofmannsthal (1874-1929).",https://www.linz.at/strassennamen/Default.asp?action=strassendetail&ID=1863,,,Hugo von Hofmannsthal,Q51513,,https://www.wikidata.org/wiki/Q51513,Hugo von Hofmannsthal,male,novelist,1874-02-01,1929-07-15
strasse_1864,1864,Hofmannstraße,Katzbach,"Nach dem Objekt Feldweg 25 etwa in nordnordwestlicher Richtung verlaufende Sackgasse. Benannt 1973 nach dem Industriellen, Kunstmaler und Dichter Egon Hofmann (1884-1972).",https://www.linz.at/strassennamen/Default.asp?action=strassendetail&ID=1864,,,Egon Hofmann,Q1298644,,https://www.wikidata.org/wiki/Q1298644,Egon Hofmann,male,painter,1884-09-13,1972-11-30
strasse_1865,1865,Hofmeindlweg,Waldegg,Vor dem Objekt Kudlichstraße 27 etwa in südlicher Richtung verlaufende Sackgasse. Benannt 1956 nach dem gleichnamigen Bauernhof.,https://www.linz.at/strassennamen/Default.asp?action=strassendetail&ID=1865,,,,,,,,,,,
strasse_1868,1868,Hohe Straße,Pöstlingberg,Im Anschluß an die Hagenstraße auf und hinter den Pöstlingberg bis zur Stadtgrenze mit Gramastetten verlaufend. Benannt 1926.,https://www.linz.at/strassennamen/Default.asp?action=strassendetail&ID=1868,,,,,,,,,,,
strasse_1866,1866,Hoheneckerstraße,Waldegg,Von der Stadtgrenze zu Leonding etwa in südsüdöstlicher Richtung verlaufende Sackgasse. Benannt 1955 nach dem oberösterreichischen Adelsgeschlecht derer von Hoheneck.,https://www.linz.at/strassennamen/Default.asp?action=strassendetail&ID=1866,,,,,,,,,,,
strasse_1867,1867,Hohenfurterstraße,Waldegg,"Vor dem Objekt Meggauerstraße 7 etwa in südsüdöstlicher Richtung zur Hackhlstraße verlaufend. Benannt 1959 nach Bernhard Hohenfurter (gest. 1531), dem Besitzer des ehemaligen Freisitzes Lustenfelden.",https://www.linz.at/strassennamen/Default.asp?action=strassendetail&ID=1867,,,Bernhard Hohenfurter,,,,,,,,
strasse_1848,1848,Hölderlinstraße,Urfahr,"Nach dem Objekt Leonfeldner Straße 29 vorerst etwa in westnordwestlicher, dann in westlicher Richtung zum Dießenleitenweg verlaufend. Benannt 1940 nach dem Dichter Friedrich Hölderlin (1770-1843).",https://www.linz.at/strassennamen/Default.asp?action=strassendetail&ID=1848,,,Friedrich Hölderlin,Q75889,,https://www.wikidata.org/wiki/Q75889,Friedrich Hölderlin,male,poet,1770-03-20,1843-06-07
strasse_1869,1869,Hollabererstraße,Lustenau,"Nach dem Objekt Nebingerstraße 5 vorerst in nördlicher, dann in nordöstlicher Richtung verlaufende Sackgasse. Benannt 1980 nach dem ehemaligen Hollaberergraben.",https://www.linz.at/strassennamen/Default.asp?action=strassendetail&ID=1869,,,,,,,,,,,
strasse_1870,1870,Hollandstraße,Kleinmünchen,"Von der Sterneggstraße etwa in nordnordwestlicher Richtung zur Kolpingstraße verlaufend. Benannt 1956 zum Gedenken an die wertvolle Hilfe, die die Niederlande bei der Ansiedlung von Heimatvertriebenen und bei Kinderaktionen leisteten.",https://www.linz.at/strassennamen/Default.asp?action=strassendetail&ID=1870,,,,,,,,,,,
strasse_1849,1849,Höllmühlbachstraße,Katzbach,Gegenüber dem Objekt Linzer Straße 16a in westlicher Richtung verlaufende Sackgasse. Benannt 1939 nach dem gleichnamigen Bach.,https://www.linz.at/strassennamen/Default.asp?action=strassendetail&ID=1849,,,,,,,,,,,
strasse_1850,1850,Höllmühlstraße,Pöstlingberg,Nach dem Objekt Gründbergstraße 14 teilweise mäandrierend etwa in nördlicher Richtung zur Stadtgrenze mit Lichtenberg verlaufend. Benannt 1929 nach der früheren Höllmühle.,https://www.linz.at/strassennamen/Default.asp?action=strassendetail&ID=1850,,,,,,,,,,,
strasse_1871,1871,Holzheimer Straße,Waldegg,Nach dem Objekt Leondinger Straße 20 etwa in nordwestlicher Richtung an der Stadtgrenze zu Leonding verlaufend. Benannt 1905 nach dem Edelmannsitz Holzheim bzw. nach der gleichnamigen Ortschaft.,https://www.linz.at/strassennamen/Default.asp?action=strassendetail&ID=1871,,,,,,,,,,,
strasse_1872,1872,Holzingerstraße,Kleinmünchen,Nach dem Objekt Dauphinestraße 172 gegen Norden bogenförmig zur A7 verlaufende Sackgasse. Benannt 1944 nach dem im Stift St. Florian wirkenden Bildhauer Franz Josef Holzinger (1691-1775).,https://www.linz.at/strassennamen/Default.asp?action=strassendetail&ID=1872,,,Franz Josef Holzinger,Q1447499,,https://www.wikidata.org/wiki/Q1447499,Franz Joseph Ignaz Holzinger,male,sculptor,1691-01-01,1775-08-14
strasse_1873,1873,Holzknechtstraße,Waldegg,"Zwischen Breitwiesergutstraße und Reuchlinstraße verlaufende doppelseitige Sackgasse. Benannt 1932 nach Guido Holzknecht (1872-1931), dem Röntgenpionier und Gründer des Österreichischen Zentralröntgeninstituts.",https://www.linz.at/strassennamen/Default.asp?action=strassendetail&ID=1873,,,Guido Holzknecht,Q84932,,https://www.wikidata.org/wiki/Q84932,Guido Holzknecht,male,physician,1872-12-03,1931-10-30
strasse_1874,1874,Holzmüllerstraße,Kleinmünchen,"Von der Wahringerstraße etwa in südsüdöstlicher Richtung verlaufende Sackgasse. Benannt 1958 nach dem Advokaten Lazarus Holzmüller aus Steyr, einem Berater Stephan Fadingers, der im Jahre 1627 im Gefängnis zu Linz starb.",https://www.linz.at/strassennamen/Default.asp?action=strassendetail&ID=1874,,,Lazarus Holzmüller,,,,,,,,
strasse_1875,1875,Holzörtlweg,"Urfahr, Pöstlingberg","Nach dem Objekt Im Neubruch 23 vorerst etwa in westlicher, dann in südsüdwestlicher Richtung zum Schiefersederweg verlaufend. Benannt 1958 nach einem Flurnamen.",https://www.linz.at/strassennamen/Default.asp?action=strassendetail&ID=1875,,,,,,,,,,,
strasse_1877,1877,Holzstraße,Linz,"Gegenüber dem Objekt Untere Donaulände 21-25 etwa in ostsüdöstlicher bzw. in südöstlicher Richtung zur Kaplanhofstraße verlaufend. Benannt 1864 nach den großen Holzlagerplätzen, die sich dort befunden hatten. - Vorher Holzplatzstraße oder Ludlstraße.",https://www.linz.at/strassennamen/Default.asp?action=strassendetail&ID=1877,,,,,,,,,,,
strasse_1878,1878,Holzwurmweg,Urfahr,"Vor dem Objekt Teistlergutstraße 25 in nördlicher Richtung zur Weigunystraße verlaufend. Benannt 1945 nach dem ständischen Ingenieur Abraham Holzwurm, dessen Linzer Ansicht 1629 in Kupfer gestochen wurde. - Ab 1940 Brumbauerweg nach dem am nationalsozialistischen Juliputsch 1934 mitbeteiligten SA-Mann Franz Brumbauer.",https://www.linz.at/strassennamen/Default.asp?action=strassendetail&ID=1878,,,Abraham Holzwurm,,,,,,,,
strasse_1879,1879,Honauerstraße,Linz,"Nach dem Objekt Untere Donaulände 40 etwa in südöstlicher bzw. südsüdöstlicher Richtung zur Museumstraße verlaufend. Benannt 1874 nach dem Fabriksbesitzer Franz Honauer (1806-1871), der, selbst erblindet, den größten Teil seines Vermögens Blindenstiftungen hinterließ. - 1903-1945 hieß der Teil zwischen Unterer Donaulände und Ludlgasse Ringstraße.",https://www.linz.at/strassennamen/Default.asp?action=strassendetail&ID=1879,,,Franz Honauer,Q55886764,,https://www.wikidata.org/wiki/Q55886764,Franz Honauer,male,politician,1806-01-01,1871-01-01
strasse_1852,1852,Höniggasse,Kleinmünchen,Vor dem Objekt Pestalozzistraße 14 etwa in südwestlicher Richtung zur Schörgenhubstraße verlaufend. Benannt 1958 nach dem Mundartdichter Franz Hönig (1867-1937).,https://www.linz.at/strassennamen/Default.asp?action=strassendetail&ID=1852,,,Franz Hönig,Q25628705,,https://www.wikidata.org/wiki/Q25628705,Franz Hönig,male,dialect writer,1867-10-24,1937-10-29
strasse_1880,1880,Hopfengasse,Linz,Von der Baumbachstraße etwa in südsüdöstlicher Richtung zur Wurmstraße verlaufend. Benannt 1869 nach den dort bis 1871 vorhandenen Hopfengärten. - 1800 Kapuzinerfeld. 1825 Kapuzinerfeld für das Teilstück bis zur Guglauffahrt und Siecherbauernleiten für jenes bis zur Wurmgasse. Später Äußeres Kapuzinerfeld.,https://www.linz.at/strassennamen/Default.asp?action=strassendetail&ID=1880,,,,,,,,,,,
strasse_1881,1881,Hoppichlerstraße,Urfahr,Von der Güntherstraße etwa in ostnordöstlicher Richtung verlaufende Sackgasse. Benannt 1904 nach dem Urfahrer Ehrenbürger Hermann Hoppichler (1830-1903).,https://www.linz.at/strassennamen/Default.asp?action=strassendetail&ID=1881,,,Hermann Hoppichler,,,,,,,,
strasse_1853,1853,Hörmannstraße,Waldegg,Vor dem Objekt Niederreithstraße 21 etwa in ostsüdöstlicher Richtung verlaufende Sackgasse. Benannt 1928 nach dem Mundartdichter Leopold Hörmann (1857-1927).,https://www.linz.at/strassennamen/Default.asp?action=strassendetail&ID=1853,,,Leopold Hörmann,Q60623887,,https://www.wikidata.org/wiki/Q60623887,Leopold Hörmann,male,dialect writer,1857-10-26,1927-06-19
strasse_1882,1882,Hornikweg,Waldegg,"Nach dem Objekt Glimpfingerstraße 45 etwa in südöstlicher Richtung verlaufende Sackgasse. Benannt 1969 nach dem Stadtschulinspektor und Gemeinderat Johann Hornik (1864-1944), der sich um das Linzer Pflichtschulwesen verdient gemacht hat.",https://www.linz.at/strassennamen/Default.asp?action=strassendetail&ID=1882,,,Johann Hornik,Q101574113,,https://www.wikidata.org/wiki/Q101574113,Johann Hornik,male,teacher,1864-09-27,1944-09-22
strasse_1883,1883,Horningerstraße,Kleinmünchen,"Von der Walchgasse etwa in westsüdwestlicher Richtung zur Langbauerngasse verlaufend. Benannt 1945 nach dem Hauptschuldirektor Heinrich Horninger (1865-1945), einem Vorkämpfer des Wohn- und Siedlungsbaues in Linz.",https://www.linz.at/strassennamen/Default.asp?action=strassendetail&ID=1883,,,Heinrich Horninger,,,,,,,,
strasse_1854,1854,Hörschingergutstraße,Urfahr,Nach dem Objekt Knabenseminarstraße 24 etwa in nördlicher bzw. nordwestlicher Richtung zur Teistlergutstraße verlaufend. Benannt 1926 nach dem Hörschingergut.,https://www.linz.at/strassennamen/Default.asp?action=strassendetail&ID=1854,,,,,,,,,,,
strasse_1884,1884,Horváthweg,Ebelsberg,Von der Ennsfeldstraße gegenüber der Einmündung des Traklweges etwa nach Osten verlaufend und als Sackgasse endend. Benannt 1997 nach dem Schriftsteller Ödön von Horváth (1901-1938).,https://www.linz.at/strassennamen/Default.asp?action=strassendetail&ID=1884,,,Ödön von Horváth,Q84455,,https://www.wikidata.org/wiki/Q84455,Ödön von Horváth,male,playwright,1901-12-09,1938-06-01
strasse_1855,1855,Hörzingerstraße,Kleinmünchen,"Als Sackgasse beginnend, vorerst in südlicher bzw. südwestlicher und schließlich in südöstlicher Richtung in die Landwiedstraße einmündend. Benannt 1968 nach dem Hörzingergut.",https://www.linz.at/strassennamen/Default.asp?action=strassendetail&ID=1855,,,,,,,,,,,
strasse_1886,1886,Hueberstraße,Linz,Von der Sattlerstraße etwa in ostnordöstlicher Richtung zur Holzstraße verlaufend. Benannt 1940 nach dem oberösterreichischen Miniaturmaler Hans Hueber (1813-1889).,https://www.linz.at/strassennamen/Default.asp?action=strassendetail&ID=1886,,,Hans Hueber,Q15819439,,https://www.wikidata.org/wiki/Q15819439,Hans Hueber,male,painter,1813-12-10,1889-11-15
strasse_1889,1889,Huemerstraße,Linz,"Nach dem Objekt Museumstraße 36 etwa in südlicher Richtung zur Eisenhandstraße verlaufend. Benannt 1869 nach dem Druckereibesitzer und Magistratsrat Johann Huemer (1796-1845), der 1835 das Haus Nr. 2 als erstes an dieser Straße erbaute.",https://www.linz.at/strassennamen/Default.asp?action=strassendetail&ID=1889,,,Johann Huemer,,,,,,,,
strasse_1890,1890,Hugo-Wolf-Straße,Waldegg,"Vor dem Objekt Brahmsstraße 9 bogenförmig vorerst etwa in südlicher, dann in westlicher Richtung zur Kudlichstraße verlaufend. Benannt 1940 nach dem Tondichter Hugo Wolf (1860-1903).",https://www.linz.at/strassennamen/Default.asp?action=strassendetail&ID=1890,,,Hugo Wolf,Q215747,,https://www.wikidata.org/wiki/Q215747,Hugo Wolf,male,composer,1860-03-13,1903-02-22
strasse_1891,1891,Humboldtstraße,Linz,Vom Hessenplatz etwa in südsüdöstlicher Richtung zur Blumauerstraße verlaufend. Benannt 1869 nach dem deutschen Naturforscher und Weltreisenden Alexander Freiherrn von Humboldt (1769-1859).,https://www.linz.at/strassennamen/Default.asp?action=strassendetail&ID=1891,,,Alexander von Humboldt,Q6694,,https://www.wikidata.org/wiki/Q6694,Alexander von Humboldt,male,geologist,1769-09-14,1859-05-06
strasse_1894,1894,Hummelhofstraße,Waldegg,"Vom Grundbachweg etwa in ostsüdöstlicher Richtung mit einer Unterbrechung zum Hummelhof führende Sackgasse. Benannt 1964 nach dem gleichnamigen, bereits 1321 erstmals erwähnten Gut.",https://www.linz.at/strassennamen/Default.asp?action=strassendetail&ID=1894,,,,,,,,,,,
strasse_1895,1895,Hyrtlstraße,Linz,Vor dem Objekt Körnerstraße 42 etwa in südöstlicher Richtung zur Weißenwolffstraße verlaufend. Benannt 1903 nach dem Anatomen Josef Hyrtl (1810-1894).,https://www.linz.at/strassennamen/Default.asp?action=strassendetail&ID=1895,,,Josef Hyrtl,Q78684,,https://www.wikidata.org/wiki/Q78684,Josef Hyrtl,male,biologist,1810-12-07,1894-07-17
strasse_1935,1935,Igelweg,Posch,Nach dem Objekt Ziererfeldstraße 47 in westlicher Richtung verlaufende Sackgasse. Benannt 1965 nach der einheimischen Tierart.,https://www.linz.at/strassennamen/Default.asp?action=strassendetail&ID=1935,,,,,,,,,,,
strasse_1936,1936,Ignaz-Mayer-Straße,Lustenau,"Von der Pummererstraße etwa in nordnordwestlicher, dann in ostnordöstlicher Richtung zur Saxingerstraße verlaufend. Benannt 1967 nach dem Landtagsabgeordneten und Handelskammerpräsidenten Ignaz Mayer (1810-1876), dem Gründer der Linzer Schiffswerft.",https://www.linz.at/strassennamen/Default.asp?action=strassendetail&ID=1936,,,Ignaz Mayer,Q1657479,,https://www.wikidata.org/wiki/Q1657479,Ignaz Mayer,male,entrepreneur,1810-10-19,1876-08-31
strasse_1937,1937,Im Bachlfeld,Urfahr,Von der Harbacher Straße etwa in nordöstlicher Richtung verlaufende Sackgasse. Benannt 1943 nach einem Flurnamen.,https://www.linz.at/strassennamen/Default.asp?action=strassendetail&ID=1937,,,,,,,,,,,
strasse_1938,1938,Im Bäckerwinkel,Kleinmünchen,Nach dem Objekt Am Steinbühel 15 etwa in südöstlicher Richtung zur Holzingerstraße verlaufend. Benannt 1944 nach einem Flurnamen.,https://www.linz.at/strassennamen/Default.asp?action=strassendetail&ID=1938,,,,,,,,,,,
strasse_1940,1940,Im Breitland,Kleinmünchen,Nach dem Objekt Neubauzeile 88 etwa in westnordwestlicher Richtung zum Bäckermühlweg verlaufend. Benannt 1962 nach einer Flurbezeichnung.,https://www.linz.at/strassennamen/Default.asp?action=strassendetail&ID=1940,,,,,,,,,,,
strasse_1941,1941,Im Brunnlandl,Kleinmünchen,Nach dem Objekt Kleinwört 17 etwa in südwestlicher Richtung zum Wohnstättenweg verlaufend. Benannt 1951 nach einem Flurnamen.,https://www.linz.at/strassennamen/Default.asp?action=strassendetail&ID=1941,,,,,,,,,,,
strasse_1942,1942,Im Dörfl,Linz,Nach dem Objekt Donatusgasse 11a S-förmig etwa in südlicher Richtung wiederum in die Donatusgasse einmündend. Benannt 1954 nach einem Flurnamen.,https://www.linz.at/strassennamen/Default.asp?action=strassendetail&ID=1942,,,,,,,,,,,
strasse_1943,1943,Im Haidgattern,Kleinmünchen,Nach dem Objekt Dauphinestraße 175 etwa in südlicher Richtung zum Flötzerweg verlaufend. Benannt 1943 nach einem Flurnamen.,https://www.linz.at/strassennamen/Default.asp?action=strassendetail&ID=1943,,,,,,,,,,,
strasse_1944,1944,Im Haidland,Kleinmünchen,Nach dem Objekt Salzburger Straße 195 etwa in ostsüdöstlicher Richtung zur A7 verlaufende Sackgasse. Benannt 1966 nach einem Flurnamen.,https://www.linz.at/strassennamen/Default.asp?action=strassendetail&ID=1944,,,,,,,,,,,
strasse_1945,1945,Im Holzgrund,Pöstlingberg,Gegenüber dem Objekt Schablederweg 62 etwa in nordwestlicher Richtung zur Hohen Straße verlaufend. Benannt 1954 nach einem Flurnamen.,https://www.linz.at/strassennamen/Default.asp?action=strassendetail&ID=1945,,,,,,,,,,,
strasse_1946,1946,Im Hühnersteig,Lustenau,Von der Verbindungsbahn etwa in ostnordöstlicher Richtung zur Petzoldstraße verlaufend. Benannt 1913 nach einer Flurbezeichnung. - Ab 1903 Hühnersteigstraße.,https://www.linz.at/strassennamen/Default.asp?action=strassendetail&ID=1946,,,,,,,,,,,
strasse_1947,1947,Im Hütterland,Kleinmünchen,Nach dem Objekt Salzburger Straße 217 etwa in südsüdöstlicher Richtung zur Dauphinestraße verlaufend. Benannt 1944 nach einem Flurnamen.,https://www.linz.at/strassennamen/Default.asp?action=strassendetail&ID=1947,,,,,,,,,,,
strasse_1949,1949,Im Kreuzlandl,Waldegg,Nach dem Objekt Am Bindermichl 32 in westlicher Richtung zur Ramsauerstraße verlaufend. Benannt 1947 nach einem Flurnamen.,https://www.linz.at/strassennamen/Default.asp?action=strassendetail&ID=1949,,,,,,,,,,,
strasse_1950,1950,Im Neubruch,Urfahr,Vom Schiefersederweg etwa in nordnordöstlicher Richtung zur Keplerstraße verlaufend. Benannt 1943 nach einem Flurnamen.,https://www.linz.at/strassennamen/Default.asp?action=strassendetail&ID=1950,,,,,,,,,,,
strasse_1951,1951,Im Neugereith,Ufer,Nach dem Objekt Neufelderstraße 53 etwa in nordnordwestlicher Richtung zum Hochwasserdamm der Traun verlaufende Sackgasse. Benannt 1955 nach einem Flurnamen.,https://www.linz.at/strassennamen/Default.asp?action=strassendetail&ID=1951,,,,,,,,,,,
strasse_1952,1952,Im Schlantenfeld,Katzbach,Vor dem Objekt Pulvermühlstraße 22 etwa in ostnordöstlicher Richtung zum Haselbach verlaufende Sackgasse. Benannt 1955 nach einem Flurnamen.,https://www.linz.at/strassennamen/Default.asp?action=strassendetail&ID=1952,,,,,,,,,,,
strasse_3401,3401,Im Südpark,"Pichling, Posch","Von der Wiener Straße vor dem Pichlingersee etwa in nördlicher, dann in ostnordöstlicher, nordöstlicher und westnordwestlicher Richtung verlaufende Sackgasse. Benannt 1994. - Ab 1990 Im Industriepark.",https://www.linz.at/strassennamen/Default.asp?action=strassendetail&ID=3401,,,,,,,,,,,
strasse_1953,1953,Im Tal,Urfahr,Gegenüber dem Objekt Ottensheimer Straße 49 etwa in nordwestlicher Richtung zur Rudolfstraße verlaufend. Benannt 1875. - Vorher ein Teil des sogenannten Nagelgrabens.,https://www.linz.at/strassennamen/Default.asp?action=strassendetail&ID=1953,,,,,,,,,,,
strasse_1954,1954,Im Weingarten,Linz,Nach dem Objekt Kapuzinerstraße 48 etwa in westlicher Richtung zum Straßenzug Im Weizenfeld verlaufend. Benannt 1963 nach den dort früher bestehenden Weingärten.,https://www.linz.at/strassennamen/Default.asp?action=strassendetail&ID=1954,,,,,,,,,,,
strasse_1955,1955,Im Weizenfeld,Linz,Vom Straßenzug Im Weingarten etwa in ostnordöstlicher Richtung verlaufende Sackgasse. Benannt 1951 nach einem Flurnamen.,https://www.linz.at/strassennamen/Default.asp?action=strassendetail&ID=1955,,,,,,,,,,,
strasse_1958,1958,In der Aichwiesen,Urfahr,Vom Schiefersederweg etwa in nordöstlicher bzw. nordnordöstlicher und dann in südöstlicher Richtung zum Straßenzug Im Bachlfeld verlaufend. Benannt 1943 nach einem Flurnamen.,https://www.linz.at/strassennamen/Default.asp?action=strassendetail&ID=1958,,,,,,,,,,,
strasse_1960,1960,In der Auerpeint,Kleinmünchen,Vom Reintalerweg etwa in westsüdwestlicher Richtung zur Siemensstraße verlaufend. Benannt 1943 nach einem Flurnamen.,https://www.linz.at/strassennamen/Default.asp?action=strassendetail&ID=1960,,,,,,,,,,,
strasse_1961,1961,In der Fischerwiesen,Kleinmünchen,Nach dem Objekt Wohnstättenweg 5 etwa in westsüdwestlicher Richtung verlaufende Sackgasse. Benannt 1951 nach einem Flurnamen.,https://www.linz.at/strassennamen/Default.asp?action=strassendetail&ID=1961,,,,,,,,,,,
strasse_1963,1963,In der Lackerwiesen,Pöstlingberg,Vom Straßenzug Am Anger etwa in nordöstlicher Richtung verlaufende Sackgasse. Benannt 1961 nach einem Flurnamen.,https://www.linz.at/strassennamen/Default.asp?action=strassendetail&ID=1963,,,,,,,,,,,
strasse_1964,1964,In der Neuen Welt,St. Peter,"Nach dem Objekt Wiener Straße 225 in südlicher Richtung verlaufende Sackgasse. Benannt 1924 nach dem dort befindlichen Gasthaus ""Zur Neuen Welt"".",https://www.linz.at/strassennamen/Default.asp?action=strassendetail&ID=1964,,,,,,,,,,,
strasse_1965,1965,In der Neupeint,Kleinmünchen,Nach dem Objekt Haiderstraße 18 etwa in westlicher Richtung zur Siemensstraße verlaufend. Benannt 1943 nach einem Flurnamen.,https://www.linz.at/strassennamen/Default.asp?action=strassendetail&ID=1965,,,,,,,,,,,
strasse_1967,1967,In der Scheibenwiesen,Pöstlingberg,Vom Straßenzug Am Anger etwa in nordöstlicher Richtung verlaufende Sackgasse. Benannt 1943 nach einem Flurnamen.,https://www.linz.at/strassennamen/Default.asp?action=strassendetail&ID=1967,,,,,,,,,,,
strasse_1968,1968,In der Stockwiesen,Pöstlingberg,Vom Straßenzug Am Anger etwa in nordöstlicher Richtung verlaufende Sackgasse. Benannt 1943 nach einem Flurnamen.,https://www.linz.at/strassennamen/Default.asp?action=strassendetail&ID=1968,,,,,,,,,,,
strasse_1970,1970,Industriezeile,Lustenau,Nach dem Objekt Hafenstraße 68 etwa in südsüdöstlicher Richtung zur Nebingerstraße verlaufend. Benannt 1954.,https://www.linz.at/strassennamen/Default.asp?action=strassendetail&ID=1970,Q106686174,https://www.wikidata.org/wiki/Q106686174,,,,,,,,,
strasse_1971,1971,Ing.-Etzel-Straße,Waldegg,Als Sackgasse bei der Westbrücke beginnend und parallel zur Westbahn etwa in südwestlicher Richtung zur Stadtgrenze mit Leonding verlaufend. Benannt 1957 nach dem Erbauer der Brennerbahn Ing. Karl Etzel (1812-1865).,https://www.linz.at/strassennamen/Default.asp?action=strassendetail&ID=1971,,,Karl Etzel,Q25035,,https://www.wikidata.org/wiki/Q25035,Karl Etzel,male,architect,1812-01-06,1865-05-02
strasse_1972,1972,Ing.-Stern-Straße,Lustenau,Als Sackgasse vor der Hittmairstraße beginnend und etwa in südsüdöstlicher Richtung zur Füchselstraße verlaufend. Benannt 1910 nach dem Pionier der oberösterreichischen Elektrizitätswirtschaft Oberbaurat Ingenieur Josef Stern (1848-1924).,https://www.linz.at/strassennamen/Default.asp?action=strassendetail&ID=1972,,,Josef Stern,Q1705838,,https://www.wikidata.org/wiki/Q1705838,Josef Stern,male,entrepreneur,1849-03-18,1924-03-22
strasse_1758,1758,Jägermayrstiege,Linz,Nach dem Objekt Im Dörfl 4 etwa in westlicher Richtung zur Römerstraße verlaufend. Benannt 1954 nach dem gleichnamigen ehemaligen Ausflugsgasthaus.,https://www.linz.at/strassennamen/Default.asp?action=strassendetail&ID=1758,Q106635012,https://www.wikidata.org/wiki/Q106635012,,,,,,,,,
strasse_1759,1759,Jägerstätterstraße,Katzbach,"Von der Magdalenastraße etwa in nordnordwestlicher Richtung verlaufend und als Sackgasse endend. Benannt 1988 nach Franz Jägerstätter (geb. 1907), der wegen seiner beharrlichen Wehrdienstverweigerung 1943 in Berlin hingerichtet wurde. - 2007 wurde der an der Kreuzung Ferdinand-Markl-Straße/Dornacher Straße beginnende und ursprünglich als Jägerstätterstraße geführte Teil in Magdalenastraße umbenannt.",https://www.linz.at/strassennamen/Default.asp?action=strassendetail&ID=1759,,,Franz Jägerstätter,Q45243,,https://www.wikidata.org/wiki/Q45243,Franz Jägerstätter,male,farmer,1907-05-20,1943-08-09
strasse_1760,1760,Jägerstraße,Urfahr,"Nach dem Objekt Hauptstraße 37 etwa in westsüdwestlicher, dann in nordwestlicher Richtung zur Landgutstraße verlaufend. Benannt 1875 nach einem Jägerhaus der einstigen Herrschaft Auberg.",https://www.linz.at/strassennamen/Default.asp?action=strassendetail&ID=1760,,,,,,,,,,,
strasse_1761,1761,Jahnstraße,Urfahr,Vom Hinsenkampplatz etwa in nordnordwestlicher Richtung zur Reindlstraße verlaufend. Benannt 1902 nach dem Vorkämpfer der deutschen Turnbewegung Friedrich Ludwig Jahn (1778-1852). - Seit 1892 Turnerstraße.,https://www.linz.at/strassennamen/Default.asp?action=strassendetail&ID=1761,,,Friedrich Ludwig Jahn,Q77098,,https://www.wikidata.org/wiki/Q77098,Friedrich Ludwig Jahn,male,pedagogue,1778-08-11,1852-10-15
strasse_1762,1762,Jaxstraße,Lustenau,"Vor dem Objekt Gürtelstraße 42 etwa in südöstlicher bzw. östlicher Richtung zur Heizhausstraße verlaufend. Benannt 1959 nach dem Nähmaschinenfabrikanten und Gemeinderat Johann Jax (1842-1937), der sich durch seine karitative Tätigkeit große Verdienste erwarb.",https://www.linz.at/strassennamen/Default.asp?action=strassendetail&ID=1762,,,Johann Jax,Q60815095,,https://www.wikidata.org/wiki/Q60815095,Johann Jax,male,entrepreneur,1842-11-26,1937-07-01
strasse_1763,1763,Jeggstraße,Kleinmünchen,Als Sackgasse bei der A7 beginnend und etwa in westsüdwestlicher Richtung zum Gatterlechnerweg verlaufend. Benannt 1944 nach dem St. Florianer Kunsttischler Stephan Jegg (1673-1749).,https://www.linz.at/strassennamen/Default.asp?action=strassendetail&ID=1763,,,Stephan Jegg,Q60843146,,https://www.wikidata.org/wiki/Q60843146,Stephan Jegg,male,joiner,1673-01-01,1749-01-14
strasse_1767,1767,Johann-Baptist-Reiter-Straße,Urfahr,Nach dem Objekt Harbacher Straße 13 etwa in südlicher Richtung verlaufende Sackgasse. Benannt 1957 nach dem in Urfahr geborenen Porträt- und Genremaler Johann Baptist Reiter (1813-1884).,https://www.linz.at/strassennamen/Default.asp?action=strassendetail&ID=1767,,,Johann Baptist Reiter,Q1692583,,https://www.wikidata.org/wiki/Q1692583,Johann Baptist Reiter,male,painter,1813-07-04,1890-01-10
strasse_1768,1768,Johann-Konrad-Vogel-Straße,Linz,"Nach dem Objekt Landstraße 41 etwa in ostnordöstlicher Richtung zum Hessenplatz verlaufend. Benannt 1876 nach dem Zuckerbäcker, Ehrenbürger und Presbyter der evangelischen Kirchengemeinde Johann Konrad Vogel (1796-1883), der sich besonders um das Armenwesen verdient machte.",https://www.linz.at/strassennamen/Default.asp?action=strassendetail&ID=1768,,,Johann Konrad Vogel,Q1695192,,https://www.wikidata.org/wiki/Q1695192,Johann Konrad Vogel,male,confectioner,1796-08-09,1883-10-06
strasse_1770,1770,Johann-Metz-Straße,Linz,"Nach dem Objekt Pummererstraße 16 etwa in südsüdöstlicher Richtung zur Prinz-Eugen-Straße verlaufend. Benannt 1967 nach dem Baumeister, Gemeinderat und Mitbegründer der Handelskammer Johann Metz (1809-1887).",https://www.linz.at/strassennamen/Default.asp?action=strassendetail&ID=1770,,,Johann Metz,Q55088858,,https://www.wikidata.org/wiki/Q55088858,Johann Metz,male,master builder,1809-01-04,1887-07-29
strasse_1771,1771,Johann-Sebastian-Bach-Straße,Lustenau,Vor dem Objekt Ziegeleistraße 81 etwa in südlicher Richtung zur Regerstraße verlaufend. Benannt 1940 nach dem Komponisten Johann Sebastian Bach (1685-1750).,https://www.linz.at/strassennamen/Default.asp?action=strassendetail&ID=1771,,,Johann Sebastian Bach,Q1339,,https://www.wikidata.org/wiki/Q1339,Johann Sebastian Bach,male,composer,1685-03-21,1750-07-28
strasse_1772,1772,Johann-Strauß-Straße,Waldegg,"Nach dem Objekt Ziegeleistraße 37 vorerst etwa in südsüdöstlicher, dann in südsüdwestlicher und westlicher Richtung zur Kudlichstraße verlaufend. Benannt 1940 nach den Komponisten Johann Strauß Vater (1804-1849) und Sohn (1825-1899).",https://www.linz.at/strassennamen/Default.asp?action=strassendetail&ID=1772,,,"Johann Strauß Vater, Johann Strauß Sohn",Q184178,Q83309,https://www.wikidata.org/wiki/Q184178,Johann Strauss I,male,composer,1804-03-14,1849-09-25
strasse_1773,1773,Johann-Wilhelm-Klein-Straße,Waldegg,Nach dem Objekt Freistädter Straße 287 etwa in nördlicher Richtung zur Wolfauerstraße verlaufend. Benannt 1954 nach dem Begründer der ersten Blindenanstalt in Österreich Johann Wilhelm Klein (1765-1848).,https://www.linz.at/strassennamen/Default.asp?action=strassendetail&ID=1773,,,Johann Wilhelm Klein,Q87077,,https://www.wikidata.org/wiki/Q87077,Johann Wilhelm Klein,male,pedagogue,1765-04-11,1848-01-01
strasse_1766,1766,Johannesgasse,Katzbach,"Nach dem Objekt Tiefer Graben 17 vorerst etwa in südsüdöstlicher, dann in westsüdwestlicher Richtung zur Lessingstraße verlaufend. Altbenannt nach einer dort einst gestandenen Johanneskapelle. - 1815 Alte Landgerichtsgasse.",https://www.linz.at/strassennamen/Default.asp?action=strassendetail&ID=1766,,,,,,,,,,,
strasse_1765,1765,Jörgerstraße,Waldegg,"Nach dem Objekt Wallseerstraße 10 vorerst etwa in südöstlicher, dann in westsüdwestlicher Richtung zur Landwiedstraße verlaufend. Benannt 1945 nach einem alteingesessenen oberösterreichischen Adelsgeschlecht. - 1940 Leebstraße nach dem Polizeioberwachmann Franz Leeb (1902-1934), mitbeteiligt am nationalsozialistischen Juliputsch 1934.",https://www.linz.at/strassennamen/Default.asp?action=strassendetail&ID=1765,,,,,,,,,,,
strasse_1775,1775,Josef-Scheu-Weg,Waldegg,"Nach dem Objekt Maderspergerstraße 19 etwa in westlicher, dann in südlicher und wiederum in westlicher Richtung zur Preglstraße verlaufend. Benannt 1958 nach dem Komponisten des ""Liedes der Arbeit"" Josef Scheu (1841-1904).",https://www.linz.at/strassennamen/Default.asp?action=strassendetail&ID=1775,,,Josef Scheu,Q1704602,,https://www.wikidata.org/wiki/Q1704602,Josef Scheu,male,composer,1841-09-15,1904-10-12
strasse_3451,3451,Josef-Schlegel-Straße,Lustenau,Von der Poschacherstraße in nördlicher Richtung verlaufende Sackgasse. Benannt 2012 nach dem ehemaligen Landeshauptmann von Oberösterreich Dr. Josef Schlegel (1869-1955).,https://www.linz.at/strassennamen/Default.asp?action=strassendetail&ID=3451,,,Josef Schlegel,Q1705645,,https://www.wikidata.org/wiki/Q1705645,Josef Schlegel,male,politician,1869-12-29,1955-04-27
strasse_1776,1776,Julius-Raab-Straße,Katzbach,"Nach dem Objekt Freistädter Straße 317 etwa in nordnordöstlicher, dann in westnordwestlicher und wiederum in nordnordöstlicher Richtung verlaufende Sackgasse. Benannt 1977 nach Bundeskanzler Julius Raab (1891-1964), der maßgeblich am Zustandekommen des österreichischen Staatsvertrages im Jahre 1955 beteiligt war.",https://www.linz.at/strassennamen/Default.asp?action=strassendetail&ID=1776,,,Julius Raab,Q78539,,https://www.wikidata.org/wiki/Q78539,Julius Raab,male,politician,1891-11-29,1964-01-08
strasse_1778,1778,Jungmairstraße,"Waldegg, Linz","Nach dem Objekt Roseggerstraße 34 vorerst etwa in nordwestlicher, dann in ostnordöstlicher Richtung zur Kapuzinerstraße verlaufend. Benannt 1977 nach dem Mundartdichter und Stifterforscher Otto Jungmair (1889-1974).",https://www.linz.at/strassennamen/Default.asp?action=strassendetail&ID=1778,,,Otto Jungmair,Q2039416,,https://www.wikidata.org/wiki/Q2039416,Otto Jungmair,male,writer,1889-04-06,1974-10-04
strasse_1779,1779,Jungwirthstraße,Lustenau,Von der Wiener Straße parallel zur Westbahn und zur Friedhofstraße verlaufend. Benannt 1897 nach dem oberösterreichischen Mundartdichter Hans Jungwirth (1828-1893).,https://www.linz.at/strassennamen/Default.asp?action=strassendetail&ID=1779,,,Hans Jungwirth,Q104836841,,https://www.wikidata.org/wiki/Q104836841,Hans Jungwirth,male,dialect writer,1828-11-08,1893-01-01
strasse_1973,1973,Kaarstraße,Urfahr,Nach dem Objekt Hauptstraße 43 etwa in westsüdwestlicher Richtung zur Landgutstraße verlaufend. Benannt 1888 nach dem Bürgermeister von Urfahr Josef Kaar (1830-1894). - 1875 Bahnstraße. Vorher Gemeindedienergaßl.,https://www.linz.at/strassennamen/Default.asp?action=strassendetail&ID=1973,Q106686175,https://www.wikidata.org/wiki/Q106686175,Josef Kaar,,,,,,,,
strasse_1975,1975,Kafkaweg,Ebelsberg,Nach dem Objekt Erich-Fried-Weg 22 etwa in östlicher Richtung zur Ennsfeldstraße verlaufend. Benannt 1992 nach dem Schriftsteller Franz Kafka (1883-1924).,https://www.linz.at/strassennamen/Default.asp?action=strassendetail&ID=1975,,,Franz Kafka,Q905,,https://www.wikidata.org/wiki/Q905,Franz Kafka,male,novelist,1883-07-03,1924-06-03
strasse_1976,1976,Kaindlweg,Pöstlingberg,Nach dem Objekt Hohe Straße 83 etwa in südlicher Richtung verlaufende Sackgasse. Benannt 1958 nach einem Flurnamen.,https://www.linz.at/strassennamen/Default.asp?action=strassendetail&ID=1976,,,,,,,,,,,
strasse_3421,3421,Kainzweg,Linz,"Nach dem Objekt Holzstraße 25 vorerst etwa in ostnordöstlicher Richtung verlaufend, dann etwa in nordnordöstliche Richtung umbiegend und als Sackgasse endend. Benannt 1997 nach Adolf Kainz, der bei den Olympischen Sommerspielen 1936 in Berlin im Kajak-Zweier die Goldmedaille im 1000 Meter-Bewerb errang.",https://www.linz.at/strassennamen/Default.asp?action=strassendetail&ID=3421,,,Adolf Kainz,Q362884,,https://www.wikidata.org/wiki/Q362884,Adolf Kainz,male,canoeist,1903-06-05,1948-07-12
strasse_1977,1977,Kaisergasse,Linz,"Nach dem Objekt Fabrikstraße 16 vorerst etwa in südsüdöstlicher, dann in ostnordöstlicher Richtung zur Honauerstraße verlaufend. Altbenannt (nach Chroniknachrichten 1667 eröffnet) nach dem Ratsbürger Matthias Kaiser, dem einstigen Besitzer des nicht mehr bestehenden Hauses Nr. 21. - Das eine Gäßchen zum Haus Nr. 9 hieß 1771 Kleines Färbergäßchen, später Paradiesgäßchen. Die kurze Sackgasse zum alten Hafnerhaus, der späteren Tonofenfabrik Schadler, hieß 1771 Hafnerwinkl, die Verbreiterung bei der Abzweigung der Fabrikstraße wurde 1771 als Platzl bezeichnet. Der ehemals zur Ludlgasse verlaufende Ast der Kaisergasse führte 1771 die Bezeichnung Rendlhofgasse nach dem am Beginn der Ludlgasse gelegenen ehemaligen Rendlhof. 1973 wurde dieser zur Honauerstraße verlaufende Teil Langothstraße nach dem Landeshauptmann-Stellvertreter und letzten nationalsozialistischen Oberbürgermeister Franz Langoth (1877-1953) benannt. 1986 Rückbenennung in Kaisergasse.",https://www.linz.at/strassennamen/Default.asp?action=strassendetail&ID=1977,,,Matthias Kaiser,,,,,,,,
strasse_1983,1983,Kalkgruberweg,Katzbach,"Von der Freistädter Straße nahe der Stadtgrenze mäandrierend vorerst etwa in nördlicher, dann in westlicher Richtung zur Altenberger Straße an der Stadtgrenze zu Altenberg verlaufend. Benannt 1958 nach dem gleichnamigen Bauerngut.",https://www.linz.at/strassennamen/Default.asp?action=strassendetail&ID=1983,,,,,,,,,,,
strasse_1984,1984,Kaltenbrunnergang,Kleinmünchen,Nach dem Objekt Gutenbergstraße 32 etwa in westlicher Richtung zur Rintstraße verlaufend. Benannt 1940 nach dem oberösterreichischen Mundartdichter Karl Adam Kaltenbrunner (1804-1867).,https://www.linz.at/strassennamen/Default.asp?action=strassendetail&ID=1984,,,Karl Adam Kaltenbrunner,Q90187,,https://www.wikidata.org/wiki/Q90187,Carl Adam Kaltenbrunner,male,poet,1804-12-30,1867-01-06
strasse_1985,1985,Kaltenhauserstraße,Urfahr,Nach dem Objekt Linke Brückenstraße 32 etwa in nordöstlicher Richtung zur Altomontestraße verlaufend. Benannt 1955 nach der oberösterreichischen Schriftstellerin Fanny Kaltenhauser (1863-1941).,https://www.linz.at/strassennamen/Default.asp?action=strassendetail&ID=1985,,,Fanny Kaltenhauser,Q61197818,,https://www.wikidata.org/wiki/Q61197818,Franziska Kaltenhauser,female,writer,1863-12-12,1941-05-30
strasse_1987,1987,Kampmüllerweg,Pöstlingberg,Nach dem Objekt Gründbergstraße 6b bogenförmig etwa in nördlicher Richtung verlaufende Sackgasse. Benannt 1958 nach einem ehemaligen Mühlviertler Adelsgeschlecht mit dem Sitz in Langhalsen.,https://www.linz.at/strassennamen/Default.asp?action=strassendetail&ID=1987,,,,,,,,,,,
strasse_1988,1988,Kandlerweg,Pöstlingberg,Nach dem Objekt Gründbergstraße 40 etwa in südöstlicher Richtung verlaufende Sackgasse. Benannt 1958 nach dem Linzer Barockstukkateur des 17. Jahrhunderts Jakob Kandler.,https://www.linz.at/strassennamen/Default.asp?action=strassendetail&ID=1988,,,Jakob Kandler,,,,,,,,
strasse_1990,1990,Kantstraße,Linz,Nach dem Objekt Lustenauer Straße 34 etwa in südsüdöstlicher Richtung zur Schillerstraße verlaufend. Benannt 1941 nach dem deutschen Philosophen Immanuel Kant (1724-1804).,https://www.linz.at/strassennamen/Default.asp?action=strassendetail&ID=1990,,,Immanuel Kant,Q9312,,https://www.wikidata.org/wiki/Q9312,Immanuel Kant,male,philosopher,1724-04-22,1804-02-12
strasse_1991,1991,Kapellenstraße,Urfahr,"Nach dem Objekt Rudolfstraße 36 etwa in nordwestlicher Richtung zur Kaarstraße verlaufend. Benannt 1875 nach der Riesenederkapelle in dieser Straße. - Vorher Zolneygaßl nach dem Baumeister Alexander Zolney, der den Ausbau der Straße 1862 begonnen hatte.",https://www.linz.at/strassennamen/Default.asp?action=strassendetail&ID=1991,,,,,,,,,,,
strasse_1992,1992,Kaplanhofstraße,Linz,"Nach dem Objekt Honauerstraße 43 in Verlängerung der Museumstraße vorerst etwa in östlicher, dann in ostnordöstlicher Richtung zur Holzstraße verlaufend. Altbenannt (schon 1815) nach dem Kaplanhof, dem früheren Freisitz Lustenfelden, den im 16. Jahrhundert das Mühlviertler Kleinadelsgeschlecht der Kaplan innehatte.",https://www.linz.at/strassennamen/Default.asp?action=strassendetail&ID=1992,,,,,,,,,,,
strasse_1993,1993,Kaplitzstraße,Kleinmünchen,Von der Landwiedstraße unterhalb des abgebrochenen Hörzingergutes in westlicher Richtung verlaufend. Benannt 1998 nach der Stadt Kaplitz.,https://www.linz.at/strassennamen/Default.asp?action=strassendetail&ID=1993,,,,,,,,,,,
strasse_1997,1997,Kapuzinerstraße,Linz,"Nach dem Objekt Klammstraße 7 vorerst etwa in südlicher, dann in westlicher bzw. südsüdwestlicher Richtung zur Roseggerstraße verlaufend. Altbenannt nach dem an dieser Straße liegenden Kapuzinerkloster. - Der Teil zwischen Klammstraße und Hopfengasse hieß bis 1869 Weingarten, nach den dort einstmals gelegenen Weingärten. Der äußere Teil wurde 1771 als Kapuzinerwirtsgasse, 1825 als Äußere Kapuzinergasse bezeichnet. Die Gegend des heutigen Taubstummeninstituts hieß In der Popperleiten.",https://www.linz.at/strassennamen/Default.asp?action=strassendetail&ID=1997,Q106635013,https://www.wikidata.org/wiki/Q106635013,,,,,,,,,
strasse_1998,1998,Karajanweg,Posch,Vom Zeisigweg etwa in westnordwestlicher Richtung zum Klettfischerweg verlaufend. Benannt 1998 nach dem Dirigenten Herbert von Karajan (1908-1989).,https://www.linz.at/strassennamen/Default.asp?action=strassendetail&ID=1998,,,Herbert von Karajan,Q154895,,https://www.wikidata.org/wiki/Q154895,Herbert von Karajan,male,conductor,1908-04-05,1989-07-16
strasse_2000,2000,Karl-Kautsky-Weg,Urfahr,Von der Commendastraße etwa in östlicher Richtung zur Glaserstraße verlaufend. Benannt 1978 nach dem Theoretiker der Sozialdemokratie Karl Kautsky (1854-1938).,https://www.linz.at/strassennamen/Default.asp?action=strassendetail&ID=2000,,,Karl Kautsky,Q76586,,https://www.wikidata.org/wiki/Q76586,Karl Kautsky,male,politician,1854-10-16,1938-10-17
strasse_2002,2002,Karl-Renner-Straße,Katzbach,Von der Leopold-Figl-Straße etwa in nordnordöstlicher Richtung verlaufende Sackgasse. Benannt 1972 nach dem ersten Bundespräsidenten der 2. Republik Karl Renner (1870-1950).,https://www.linz.at/strassennamen/Default.asp?action=strassendetail&ID=2002,,,Karl Renner,Q11726,,https://www.wikidata.org/wiki/Q11726,Karl Renner,male,politician,1870-12-14,1950-12-31
strasse_2003,2003,Karl-Steiger-Straße,Katzbach,Gegenüber dem Objekt Dauphinestraße 62 etwa in südwestlicher Richtung verlaufende Sackgasse. Benannt 1967 nach dem letzten Bürgermeister von Kleinmünchen und Stadtrat von Linz Karl Steiger (1873-1937).,https://www.linz.at/strassennamen/Default.asp?action=strassendetail&ID=2003,Q106635014,https://www.wikidata.org/wiki/Q106635014,Karl Steiger,,,,,,,,
strasse_2004,2004,Karl-Wiser-Straße,Kleinmünchen,"Nach dem Objekt Volksgartenstraße 14 etwa in westsüdwestlicher Richtung zur Sandgasse verlaufend. Benannt 1893 nach dem Advokaten, Reichsrats- und Landtagsabgeordneten sowie Bürgermeister Karl Wiser (1800-1889). - Früher Zum Kroatendörfl.",https://www.linz.at/strassennamen/Default.asp?action=strassendetail&ID=2004,,,Karl Wiser,Q1733461,,https://www.wikidata.org/wiki/Q1733461,Karl Wiser,male,lawyer,1800-03-06,1889-06-18
strasse_1999,1999,Karlhofstraße,Linz,Nach dem Objekt Schwarzstraße 4a etwa in nördlicher Richtung zur Hölderlinstraße verlaufend. Benannt 1929 nach dem einstigen Karlhof.,https://www.linz.at/strassennamen/Default.asp?action=strassendetail&ID=1999,,,,,,,,,,,
strasse_1974,1974,Kärntnerstraße,Linz,Von der Volksgartenstraße etwa in südwestlicher Richtung zur Waldeggstraße verlaufend. Benannt 1970 zum 50-Jahr-Jubiläum der Kärntner Volksabstimmung (10. Oktober 1920). - Vorher Bahnhofstraße.,https://www.linz.at/strassennamen/Default.asp?action=strassendetail&ID=1974,,,,,,,,,,,
strasse_2005,2005,Kartouschweg,Katzbach,Von der Pleschinger Straße in östlicher Richtung verlaufend. Benannt 1995 nach der Operettensängerin Luise Kartousch (1886-1964).,https://www.linz.at/strassennamen/Default.asp?action=strassendetail&ID=2005,,,Luise Kartousch,Q1872167,,https://www.wikidata.org/wiki/Q1872167,Louise Kartousch,female,opera singer,1886-08-17,1964-02-13
strasse_2007,2007,Kaserngasse,Linz,Nach dem Objekt Untere Donaulände 28 etwa in südsüdöstlicher Richtung zur Fabrikstraße verlaufend. Benannt 1869 nach der ehemaligen Wasserkaserne. - Vorher An der Wasserkaserne.,https://www.linz.at/strassennamen/Default.asp?action=strassendetail&ID=2007,,,,,,,,,,,
strasse_2012,2012,Kastweg,"Ebelsberg, Mönchgraben","Von der Florianer Straße vorerst etwa in westlicher, dann in südsüdwestlicher und schließlich in einem Haken in östlicher Richtung und weiter unregelmäßig zur Stadtgrenze mit St. Florian verlaufend. Benannt 1958 nach Michael Freiherrn von Kast (1859-1932), Landeshauptmann von Oberösterreich und Ackerbauminister, einem eifrigen Förderer der Marktgemeinde Ebelsberg.",https://www.linz.at/strassennamen/Default.asp?action=strassendetail&ID=2012,,,Michael Freiherrn von Kast,,,,,,,,
strasse_3431,3431,Katharina-Pieslinger-Weg,Kleinmünchen,"Der Katharina-Pieslinger-Weg verläuft parallel zum Theresia-Brandl-Weg und endet als Sackgasse. Benannt 2007 nach Katharina Pieslinger (1885-1990). Sie und Theresia Brandl waren die ersten und einzigen Frauen, die von 1919 bis 1923 dem Kleinmünchner Gemeindeausschuss angehörten.",https://www.linz.at/strassennamen/Default.asp?action=strassendetail&ID=3431,,,Katharina Pieslinger,Q109578280,,https://www.wikidata.org/wiki/Q109578280,Katharina Pieslinger,female,local politician,1885-11-25,1990-12-29
strasse_3473,3473,Käthe-Recheis-Weg,Kleinmünchen,Zwischen Weißdornweg und Flötzerweg verlaufend. Benannt 2022 nach der Autorin Käthe Recheis (1928–2015).,https://www.linz.at/strassennamen/Default.asp?action=strassendetail&ID=3473,,,Käthe Recheis,Q1795543,,https://www.wikidata.org/wiki/Q1795543,Käthe Recheis,female,translator,1928-03-11,2015-05-29
strasse_2008,2008,Katzbachweg,Katzbach,Nach dem Objekt Freistädter Straße 407 etwa in nordnordwestlicher Richtung wiederum zu diesem Straßenzug zurückführend. Benannt 1954 nach der gleichnamigen Katastralgemeinde.,https://www.linz.at/strassennamen/Default.asp?action=strassendetail&ID=2008,,,,,,,,,,,
strasse_2010,2010,Keferfeldstraße,Waldegg,Nach dem Objekt Wallseerstraße 14 etwa in südöstlicher Richtung verlaufende Sackgasse. Benannt 1940 nach dem Flurnamen Keferfeld.,https://www.linz.at/strassennamen/Default.asp?action=strassendetail&ID=2010,,,,,,,,,,,
strasse_2011,2011,Kefergutstraße,Waldegg,"Gegenüber dem Objekt Unionstraße 104 etwa in östlicher, dann in südlicher Richtung verlaufende Sackgasse. Benannt 1940 nach dem Bauerngut Kefer in Landwied.",https://www.linz.at/strassennamen/Default.asp?action=strassendetail&ID=2011,,,,,,,,,,,
strasse_2013,2013,Keimlgutgasse,"Urfahr, Pöstlingberg",Vom Mitterbergerweg etwa in westlicher bis westsüdwestlicher und dann in nördlicher Richtung verlaufende Sackgasse. Benannt 1953 nach dem gleichnamigen Bauerngut.,https://www.linz.at/strassennamen/Default.asp?action=strassendetail&ID=2013,,,,,,,,,,,
strasse_2014,2014,Keimstraße,Waldegg,Nach dem Objekt Niederreithstraße 20 etwa in nordwestlicher Richtung zur Hanriederstraße verlaufend. Benannt 1914 nach dem Dichter Franz Keim (1840-1918).,https://www.linz.at/strassennamen/Default.asp?action=strassendetail&ID=2014,,,Franz Keim,Q1447761,,https://www.wikidata.org/wiki/Q1447761,Franz Keim,male,writer,1840-12-28,1918-06-27
strasse_2015,2015,Keißlerplatz,Lustenau,"Innerhalb des Bundesbahnwohnblocks Reihenhäuser Füchselstraße. Benannt 1958 nach dem Oberingenieur Karl Keißler (1808-1879), der die technischen Vorarbeiten zum Bau der Westbahnstrecke durchführte und später den Bahnbau selbst leitete. - Vorher Füchselgut-Reihenhäuser.",https://www.linz.at/strassennamen/Default.asp?action=strassendetail&ID=2015,,,Karl Keißler,Q5958333,,https://www.wikidata.org/wiki/Q5958333,Karl von Keissler,male,botanist,1872-04-13,1967-01-09
strasse_2016,2016,Kellergasse,Linz,Nach dem Objekt Karl-Wiser-Straße 33 etwa in südsüdöstlicher Richtung zur Stockhofstraße verlaufend. Benannt 1869 nach den dort befindlichen Sandkellern. - Vorher Guglhofgstettn nach dem ehemaligen Bauerngut Guglhof.,https://www.linz.at/strassennamen/Default.asp?action=strassendetail&ID=2016,,,,,,,,,,,
strasse_2017,2017,Kelsenstraße,Katzbach,"Gegenüber dem Objekt Marienberg 93 vorerst in nördlicher, dann in ostsüdöstlicher Richtung verlaufende Sackgasse. Benannt 1973 nach dem Rechtsphilosophen und Staatsrechtslehrer Hans Kelsen (1881-1973), dem Schöpfer der österreichischen Bundesverfassung.",https://www.linz.at/strassennamen/Default.asp?action=strassendetail&ID=2017,,,Hans Kelsen,Q84165,,https://www.wikidata.org/wiki/Q84165,Hans Kelsen,male,lawyer,1881-10-11,1973-04-19
strasse_2018,2018,Kennerweg,Waldegg,"Nach dem Objekt Glimpfingerstraße 93 etwa in südöstlicher Richtung zur Scheibenpogenstraße verlaufend. Benannt 1958 nach dem Linzer Numismatiker, Altertumsforscher und Direktor des Wiener Münzkabinetts Friedrich Kenner (1834-1922). - 1940 Arnethweg nach dem oberösterreichischen Geschichtsschreiber Josef Arneth (1791-1863).",https://www.linz.at/strassennamen/Default.asp?action=strassendetail&ID=2018,,,Friedrich Kenner,Q88521,,https://www.wikidata.org/wiki/Q88521,Friedrich von Kenner,male,art historian,1834-07-15,1922-11-28
strasse_2019,2019,Keplerstraße,Urfahr,"Von der Harbacher Straße etwa in nordnordwestlicher Richtung verlaufende Sackgasse. Benannt 1943 nach dem Astronomen Johannes Kepler (1571-1630), der von 1612 bis 1626 an der Linzer Landschaftsschule wirkte.",https://www.linz.at/strassennamen/Default.asp?action=strassendetail&ID=2019,,,Johannes Kepler,Q8963,,https://www.wikidata.org/wiki/Q8963,Johannes Kepler,male,naturalist,1571-12-27,1630-11-15
strasse_2022,2022,Kernweg,Posch,Vom Zeisigweg in westnordwestlicher Richtung zum Klettfischerweg verlaufend. Benannt 1995 nach der Komponistin Frida Kern (1891-1988).,https://www.linz.at/strassennamen/Default.asp?action=strassendetail&ID=2022,,,Frida Kern,Q1317807,,https://www.wikidata.org/wiki/Q1317807,Frida Kern,female,composer,1891-03-09,1988-12-23
strasse_2024,2024,Khevenhüllerstraße,"Lustenau, Linz","Von der Krankenhausstraße etwa in südsüdöstlicher Richtung zur Goethestraße verlaufend. Benannt 1876 nach Feldmarschall Ludwig Andreas Graf von Khevenhüller (1683-1744), der im österreichischen Erbfolgekrieg am 24. Jänner 1742 Linz eroberte.",https://www.linz.at/strassennamen/Default.asp?action=strassendetail&ID=2024,,,Ludwig Andreas Graf von Khevenhüller,Q111986,,https://www.wikidata.org/wiki/Q111986,Ludwig Andreas von Khevenhüller,male,military personnel,1683-11-30,1744-01-26
strasse_2026,2026,Kiefernweg,Kleinmünchen,Nach dem Objekt Salzburger Straße 263 etwa in südsüdöstlicher Richtung zum Seidelbastweg verlaufend. Benannt 1958 nach den kleinen Kiefernbeständen.,https://www.linz.at/strassennamen/Default.asp?action=strassendetail&ID=2026,,,,,,,,,,,
strasse_2027,2027,Kienzlweg,Kleinmünchen,Vor dem Objekt Pestalozzistraße 46 etwa in westsüdwestlicher Richtung zur Lißfeldstraße verlaufend. Benannt 1933 nach dem oberösterreichischen Komponisten Wilhelm Kienzl.,https://www.linz.at/strassennamen/Default.asp?action=strassendetail&ID=2027,Q106635015,https://www.wikidata.org/wiki/Q106635015,Wilhelm Kienzl,Q637353,,https://www.wikidata.org/wiki/Q637353,Wilhelm Kienzl,male,composer,1857-01-17,1941-10-03
strasse_2028,2028,Kinderspitalstraße,Lustenau,Nach dem Objekt Wüstenrotstraße 16 etwa in südöstlicher Richtung zur Grünauerstraße verlaufend. Benannt 1913 nach dem ehemaligen Isabellen-Kinderspital.,https://www.linz.at/strassennamen/Default.asp?action=strassendetail&ID=2028,,,,,,,,,,,
strasse_2031,2031,Kirchengasse,Urfahr,"Von der Schulstraße etwa in westsüdwestlicher Richtung verlaufende Sackgasse. Benannt 1875. - Ursprünglich Weg zu den Felbern (= Weidenbäumen), dann Untere Ortsgasse. Seit Ende des 17. Jahrhunderts Gasse zu den Kapuzinern nach dem ehemaligen Kapuzinerkloster.",https://www.linz.at/strassennamen/Default.asp?action=strassendetail&ID=2031,,,,,,,,,,,
strasse_2032,2032,Kirchmühlstraße,Katzbach,Nach dem Objekt Klausenbachstraße 20 etwa in östlicher Richtung zur Jägerstätterstraße verlaufend. Benannt 1939 nach der alten Kirchmühle.,https://www.linz.at/strassennamen/Default.asp?action=strassendetail&ID=2032,,,,,,,,,,,
strasse_2033,2033,Kislingerweg,Katzbach,"Von der Commendastraße über die Wolfauerstraße zur Pferdebahnpromenade etwa in nordwestlicher Richtung verlaufend. Benannt 1994 nach dem Maler, Grafiker und Keramiker Max Kislinger (1895-1983).",https://www.linz.at/strassennamen/Default.asp?action=strassendetail&ID=2033,,,Max Kislinger,Q1912837,,https://www.wikidata.org/wiki/Q1912837,Max Kislinger,male,painter,1895-04-04,1983-10-11
strasse_2034,2034,Klammstraße,Linz,Beim Objekt Promenade 27 etwa in westsüdwestlicher Richtung zur Kapuzinerstraße verlaufend. Benannt 1771 nach dem in dieser Straße stehenden Freihaus des Adelsgeschlechts von Clam. - Früher war diese Straße Teil des Straßenzugs Weingarten.,https://www.linz.at/strassennamen/Default.asp?action=strassendetail&ID=2034,,,,,,,,,,,
strasse_3463,3463,Klauberweg,Ufer,"Südlich des Objekts Moosfelderstraße 42 in nordöstlicher Richtung zum Baernreitherweg verlaufend. (Bisher Teil des Brachsenweges). Benannt 2019 nach Leontine Klauber (1877-1942), die bis zum ""Anschluss"" 1938 im Vorstand des jüdischen Frauenvereins in Linz war und nach der Zwangsdeportation Opfer der Shoah wurde.",https://www.linz.at/strassennamen/Default.asp?action=strassendetail&ID=3463,,,Leontine Klauber,Q109578277,,https://www.wikidata.org/wiki/Q109578277,Leontine Klauber,female,functionary,1877-09-03,1942-04-09
strasse_2035,2035,Klausenbachstraße,"Katzbach, Pöstlingberg",Vom Straßenzug Auf der Wies etwa in nordnordwestlicher bzw. nördlicher Richtung zur Leonfeldner Straße verlaufend. Benannt 1939 nach dem gleichnamigen Bach.,https://www.linz.at/strassennamen/Default.asp?action=strassendetail&ID=2035,Q106635016,https://www.wikidata.org/wiki/Q106635016,,,,,,,,,
strasse_2036,2036,Klausenweg,Pöstlingberg,"Nach dem Objekt Leonfeldner Straße 243 vorerst etwa in westlicher, dann in nordwestlicher Richtung über die ""Klause"" zum Koglergut und dann in südwestlicher Richtung zur Höllmühlstraße verlaufend. Benannt 1958 nach einem Lokalnamen.",https://www.linz.at/strassennamen/Default.asp?action=strassendetail&ID=2036,,,,,,,,,,,
strasse_2039,2039,Kleinwört,Kleinmünchen,Von einem südlichen Nebengerinne des Jaukerbaches etwa in westsüdwestlicher Richtung wiederum zu diesem Gerinne verlaufend. Benannt 1951 nach einem Flurnamen.,https://www.linz.at/strassennamen/Default.asp?action=strassendetail&ID=2039,,,,,,,,,,,
strasse_2040,2040,Klettfischerweg,"Posch, Pichling",Bei der Kreuzung Oidener Straße - Schwaigaustraße beginnend und etwa in nordnordöstlicher Richtung mit einer Unterbrechung zum Klettfischergut verlaufend. Benannt 1958 nach diesem Gut.,https://www.linz.at/strassennamen/Default.asp?action=strassendetail&ID=2040,,,,,,,,,,,
strasse_2041,2041,Klimtweg,Kleinmünchen,Parallel zu einem Ast der Adalbert-Schöpf-Straße von Nordosten nach Südwesten verlaufend und beiderseits als Sackgasse endend. Benannt 1998 nach dem Maler und Zeichner Gustav Klimt (1862-1918).,https://www.linz.at/strassennamen/Default.asp?action=strassendetail&ID=2041,,,Gustav Klimt,Q34661,,https://www.wikidata.org/wiki/Q34661,Gustav Klimt,male,painter,1862-07-14,1918-02-06
strasse_2042,2042,Klosterstraße,Linz,Nach dem Objekt Hauptplatz 22 etwa in westsüdwestlicher Richtung zum Straßenzug Altstadt verlaufend. Die Bezeichnung nach dem Minoritenkloster bereits 1491 erwähnt. - Vorher Brüdergasse nach den minderen Brüdern (Minoriten).,https://www.linz.at/strassennamen/Default.asp?action=strassendetail&ID=2042,Q107404825,https://www.wikidata.org/wiki/Q107404825,,,,,,,,,
strasse_2043,2043,Knabenseminarstraße,Urfahr,"Beim Objekt Freistädter Straße 1 etwa in nordnordwestlicher und nordwestlicher Richtung zur Teistlergutstraße verlaufend. Benannt 1896 nach dem bischöflichen Knabenseminar ""Collegium Petrinum"".",https://www.linz.at/strassennamen/Default.asp?action=strassendetail&ID=2043,,,,,,,,,,,
strasse_2044,2044,Knappenederweg,Pöstlingberg,Vom Bachlbergweg etwa in nordwestlicher Richtung zum Knappenedergut verlaufend. Benannt 1958 nach dem gleichnamigen Gut.,https://www.linz.at/strassennamen/Default.asp?action=strassendetail&ID=2044,,,,,,,,,,,
strasse_2045,2045,Knollgutstraße,Posch,Gegenüber dem Objekt Klettfischerweg 52 etwa in westlicher Richtung verlaufende Sackgasse. Benannt 1955 nach dem gleichnamigen Bauerngut.,https://www.linz.at/strassennamen/Default.asp?action=strassendetail&ID=2045,,,,,,,,,,,
strasse_2051,2051,Koglerweg,Katzbach,"Zwischen den Objekten Altenberger Straße 74 und 118 vorerst etwa in östlicher, dann in südöstlicher Richtung verlaufende Sackgasse. Benannt 1958 nach dem gleichnamigen Bauerngut.",https://www.linz.at/strassennamen/Default.asp?action=strassendetail&ID=2051,,,,,,,,,,,
strasse_2047,2047,Köglstraße,Lustenau,"Vor dem Objekt Lederergasse 78 etwa in südöstlicher Richtung zur Derfflingerstraße verlaufend. Benannt 1965 nach dem Musiker Ferdinand Kögl (1890-1956). 2016 wird jener Teil der Köglstraße, der von der Derfflingerstraße zum Straßenzug Im Hühnersteig verläuft, in Robert-Bosch-Straße umbenannt. (siehe Robert-Bosch-Straße)",https://www.linz.at/strassennamen/Default.asp?action=strassendetail&ID=2047,,,Ferdinand Kögl,Q1167412,,https://www.wikidata.org/wiki/Q1167412,Ferdinand Kögl,male,writer,1890-05-17,1956-02-21
strasse_2052,2052,Kokoschkastraße,Waldegg,Von der Europastraße etwa in südöstlicher Richtung zur Albert-Schöpf-Straße verlaufend. Benannt 1983 nach dem Maler Oskar Kokoschka (1886-1980).,https://www.linz.at/strassennamen/Default.asp?action=strassendetail&ID=2052,,,Oskar Kokoschka,Q154260,,https://www.wikidata.org/wiki/Q154260,Oskar Kokoschka,male,painter,1886-03-01,1980-02-22
strasse_2053,2053,Kokoweg,Pöstlingberg,Nach dem Objekt Bachlbergweg 49 etwa in westnordwestlicher Richtung verlaufende Sackgasse. Benannt 1958 nach dem Kunstmaler und Zeichner Demeter Koko (1891-1929).,https://www.linz.at/strassennamen/Default.asp?action=strassendetail&ID=2053,,,Demeter Koko,Q1185401,,https://www.wikidata.org/wiki/Q1185401,Demeter Koko,male,painter,1891-06-13,1929-10-27
strasse_2054,2054,Kollegiumgasse,Linz,"Vom Pfarrplatz etwa in südsüdöstlicher Richtung zum Graben verlaufend. Benannt 1869 nach dem Jesuitenkolleg, in dem heute die Post- und Telegraphendirektion für Oberösterreich und Salzburg untergebracht ist. - Vorher Kaserngasse nach der in diesem Gebäude zwischen 1786 und 1869 untergebrachten Kaserne. Im Volksmund wurde der Straßenzug scherzhaft auch als Flohgaßl (wegen des täglichen Ausklopfens von Uniformstücken und Schlafdecken) bezeichnet.",https://www.linz.at/strassennamen/Default.asp?action=strassendetail&ID=2054,,,,,,,,,,,
strasse_3472,3472,Kolpingplatz,Linz,Fläche an der Langgasse / Ecke Seilerstätte. Benannt 2021 nach der Kolpingsfamilie Linz.,https://www.linz.at/strassennamen/Default.asp?action=strassendetail&ID=3472,,,,,,,,,,,
strasse_2055,2055,Kolpingstraße,Kleinmünchen,"Nach dem Objekt Wegscheider Straße 70 etwa in östlicher Richtung zur Schwabengasse verlaufend. Benannt 1956 nach dem Begründer des Katholischen Gesellenvereines, dem Kölner Domvikar Adolf Kolping (1813-1865).",https://www.linz.at/strassennamen/Default.asp?action=strassendetail&ID=2055,,,Adolf Kolping,Q60619,,https://www.wikidata.org/wiki/Q60619,Adolph Kolping,male,Catholic priest,1813-12-08,1865-12-04
strasse_2056,2056,Kommunalstraße,St. Peter,Nach dem Objekt Fichtenstraße 4 etwa in südsüdöstlicher Richtung zur Rosenbauerstraße verlaufend. Benannt 1930 nach der Kommune (= Gemeinde).,https://www.linz.at/strassennamen/Default.asp?action=strassendetail&ID=2056,,,,,,,,,,,
strasse_2048,2048,Königsweg,Linz,"Nach dem Objekt Römerstraße 90 etwa in westnordwestlicher Richtung zur Oberen Donaulände verlaufend. Benannt 1925, doch bereits auf einem Plan von 1731 als solcher bezeichnet. Die Herkunft der Straßenbezeichnung ist nicht geklärt.",https://www.linz.at/strassennamen/Default.asp?action=strassendetail&ID=2048,,,,,,,,,,,
strasse_2057,2057,Kopernikusstraße,Waldegg,Nach dem Objekt Muldenstraße 58 einen Doppelbogen beschreibende Sackgasse. Benannt 1962 nach dem Astronomen Nikolaus Kopernikus (1473-1543).,https://www.linz.at/strassennamen/Default.asp?action=strassendetail&ID=2057,,,Nikolaus Kopernikus,Q619,,https://www.wikidata.org/wiki/Q619,Nicolaus Copernicus,male,astronomer,1473-02-19,1543-05-24
strasse_2049,2049,Körnerstraße,Linz,Nach dem Objekt Eisenhandstraße 23 etwa in östlicher bzw. ostnordöstlicher Richtung zur Nietzschestraße verlaufend. Benannt 1903 nach dem Kaufmann und ersten frei gewählten (1848) Bürgermeister Reinhold Körner (1803-1873).,https://www.linz.at/strassennamen/Default.asp?action=strassendetail&ID=2049,,,Reinhold Körner,Q22977982,,https://www.wikidata.org/wiki/Q22977982,Reinhold Körner,male,businessperson,1803-03-11,1873-02-11
strasse_2059,2059,Kotzinastraße,Kleinmünchen,Vor dem Objekt Mayrhoferstraße 17 vorerst etwa in ostnordöstlicher Richtung zur Dallingerstraße verlaufend. Benannt 1997 nach dem Bautenminister Vinzenz Kotzina (1908-1988).,https://www.linz.at/strassennamen/Default.asp?action=strassendetail&ID=2059,,,Vinzenz Kotzina,Q2527279,,https://www.wikidata.org/wiki/Q2527279,Vinzenz Kotzina,male,politician,1908-03-30,1988-04-13
strasse_2061,2061,Krackowizerstraße,Waldegg,"Nach dem Objekt Göllerichstraße 9 etwa in südwestlicher Richtung verlaufende Sackgasse. Benannt 1934 nach dem Heimatforscher, Schriftsteller und Landesarchivdirektor Ferdinand Krackowizer (1844-1933). - 1932 Wilhelm-Weitling-Straße nach dem sozialistischen Schriftsteller Wilhelm Weitling (1808-1871).",https://www.linz.at/strassennamen/Default.asp?action=strassendetail&ID=2061,,,Ferdinand Krackowizer,Q1405513,,https://www.wikidata.org/wiki/Q1405513,Ferdinand Krackowizer,male,archivist,1844-05-27,1933-10-20
strasse_2062,2062,Krähenweg,Pichling,Von der Rathfeldstraße etwa in westsüdwestlicher Richtung zum Dachsweg verlaufend. Benannt 1969 nach der einheimischen Vogelart.,https://www.linz.at/strassennamen/Default.asp?action=strassendetail&ID=2062,,,,,,,,,,,
strasse_2063,2063,Krankenhausstraße,"Linz, Lustenau","Nach dem Objekt Eisenhandstraße 51 etwa in östlicher Richtung zur Darrgutstraße verlaufend. Benannt 1869 nach dem ehemaligen Allgemeinen Krankenhaus der Stadt Linz, das seit 31.12.2015 als Med Campus III Teil des Kepler Universitätsklinikums ist.",https://www.linz.at/strassennamen/Default.asp?action=strassendetail&ID=2063,,,,,,,,,,,
strasse_2064,2064,Kraußstraße,Lustenau,Vor dem Objekt Makartstraße 9 etwa in östlicher Richtung zur Gürtelstraße verlaufend. Benannt 1899 nach der dort ehemals ansässigen Lokomotivfabrik Krauß.,https://www.linz.at/strassennamen/Default.asp?action=strassendetail&ID=2064,,,,,,,,,,,
strasse_2065,2065,Kreiskystraße,Kleinmünchen,Von der Auwiesenstraße (Nebenfahrbahn) U-förmig in südöstlicher Richtung wiederum zur Auwiesenstraße verlaufend. Benannt 1992 nach dem Außenminister und Bundeskanzler sowie Linzer Ehrenbürger Bruno Kreisky (1911-1990).,https://www.linz.at/strassennamen/Default.asp?action=strassendetail&ID=2065,,,Bruno Kreisky,Q44517,,https://www.wikidata.org/wiki/Q44517,Bruno Kreisky,male,politician,1911-01-22,1990-07-29
strasse_2066,2066,Kremplstraße,Kleinmünchen,Vor dem Objekt Glimpfingerstraße 1 etwa in südsüdöstlicher Richtung zur Salzburger Straße verlaufend. Benannt 1932 nach dem oberösterreichischen Mundartdichter Josef Krempl (1862-1914).,https://www.linz.at/strassennamen/Default.asp?action=strassendetail&ID=2066,,,Josef Krempl,Q1268361,,https://www.wikidata.org/wiki/Q1268361,Josef Krempl,male,writer,1862-02-11,1914-04-04
strasse_2067,2067,Kremsmünsterer Straße,"Ebelsberg, Wambach","Nach dem Objekt Wiener Straße 492 vorerst etwa in südsüdwestlicher, dann in westsüdwestlicher Richtung zur Stadtgrenze mit Ansfelden verlaufend. Offiziell benannt 1954, von der Ebelsberger Bevölkerung aber schon vorher der Name als Richtungsbezeichnung verwendet.",https://www.linz.at/strassennamen/Default.asp?action=strassendetail&ID=2067,,,,,,,,,,,
strasse_2068,2068,Kremstorferweg,Wambach,"Nach dem Objekt Wambacher Straße 233 etwa in ostsüdöstlicher Richtung verlaufende Sackgasse. Benannt 1958 nach einem ausgestorbenen, ehemals in Ebelsberg ansässigen Adelsgeschlecht.",https://www.linz.at/strassennamen/Default.asp?action=strassendetail&ID=2068,,,,,,,,,,,
strasse_2069,2069,Kreßweg,Waldegg,Nach dem Objekt Hatschekstraße 21 in südlicher Richtung zur Uhlandgasse verlaufend. Benannt 1941 nach dem Pionier des österreichischen Flugwesens Wilhelm Kreß (1836-1913).,https://www.linz.at/strassennamen/Default.asp?action=strassendetail&ID=2069,,,Wilhelm Kreß,Q112241,,https://www.wikidata.org/wiki/Q112241,Wilhelm Kress,male,engineer,1836-07-29,1913-02-24
strasse_2071,2071,Kreuzstraße,Urfahr,Nach dem Objekt Ottensheimer Straße 36 etwa in nordnordwestlicher Richtung zur Rudolfstraße verlaufend. Benannt 1875. - Vorher nach einem alten Gasthof Kreuzwirtgasse genannt.,https://www.linz.at/strassennamen/Default.asp?action=strassendetail&ID=2071,,,,,,,,,,,
strasse_2073,2073,Kreuzweg,"Urfahr, Pöstlingberg","Nach dem Objekt Petrinumstraße 12 vorerst etwa in westlicher, dann in nordwestlicher Richtung zum Straßenzug An der Mayrwiesen verlaufend. Offiziell benannt 1954, als Pilgerweg zur Wallfahrtskirche auf dem Pöstlingberg wurde er von der Bevölkerung schon lange so bezeichnet.",https://www.linz.at/strassennamen/Default.asp?action=strassendetail&ID=2073,,,,,,,,,,,
strasse_2074,2074,Krinnerstraße,Lustenau,Von der Stieglbauernstraße etwa in südsüdöstlicher Richtung zur Helletzgruberstraße verlaufend. Benannt 1931 nach dem Linzer Stadtbaumeister Johann Matthias Krinner (1700-1784).,https://www.linz.at/strassennamen/Default.asp?action=strassendetail&ID=2074,,,Johann Matthias Krinner,Q81929682,,https://www.wikidata.org/wiki/Q81929682,Johann Matthias Krinner,male,watercolorist,1700-01-01,1784-11-22
strasse_2076,2076,Kroatengasse,Linz,"Nach dem Objekt Wurmstraße 21 etwa in südsüdöstlicher Richtung zur Tegetthoffstraße verlaufend. Benannt 1869 nach dem Lagerplatz der Kroaten bei der Belagerung von Linz im Österreichischen Erbfolgekrieg (1741/42). - Vorher Sandgstettngasse und ein Teil des Kroatendörfls (schon 1771 so bezeichnet). 1913 wurde der andere Teil des Kroatendörfls in die Straße einbezogen, der 1869 Kreuzgasse benannt worden war.",https://www.linz.at/strassennamen/Default.asp?action=strassendetail&ID=2076,,,,,,,,,,,
strasse_2077,2077,Kronbergerstraße,Lustenau,Von der Stieglbauernstraße in südsüdöstlicher Richtung zur Helletzgruberstraße verlaufend. Benannt 1931 nach dem Maler Karl Kronberger (1841-1921).,https://www.linz.at/strassennamen/Default.asp?action=strassendetail&ID=2077,,,Karl Kronberger,Q4994282,,https://www.wikidata.org/wiki/Q4994282,Carl Kronberger,male,painter,1841-03-07,1921-10-27
strasse_2081,2081,Kubinweg,Urfahr,"Gegenüber dem Objekt Hölderlinstraße 9 etwa in nördlicher Richtung zur Hauserstraße verlaufend. Benannt 1958 nach dem Zeichner, Schriftsteller und Ehrenbürger Alfred Kubin (1877-1959). - 1940 Regnerweg nach dem beim nationalsozialistischen Putsch am 25. Juli 1934 ums Leben gekommenen SA-Mann Engelbert Regner. 1945 Vischerweg nach dem oberösterreichischen Topographen Georg Matthäus Vischer (1628-1696).",https://www.linz.at/strassennamen/Default.asp?action=strassendetail&ID=2081,,,Alfred Kubin,Q558054,,https://www.wikidata.org/wiki/Q558054,Alfred Kubin,male,writer,1877-04-10,1959-08-20
strasse_2082,2082,Kudlichstraße,Waldegg,"Nach dem Objekt Waldeggstraße 76 vorerst etwa in westlicher, dann in westnordwestlicher Richtung zur Johann-Sebastian-Bach-Straße verlaufend. Benannt 1905 nach dem schlesischen Abgeordneten des Reichstags von 1848 Hans Kudlich (1823-1917), der die Befreiung der Bauern vom Grundobrigkeitsverband durchsetzte.",https://www.linz.at/strassennamen/Default.asp?action=strassendetail&ID=2082,,,Hans Kudlich,Q113277,,https://www.wikidata.org/wiki/Q113277,Hans Kudlich,male,physician,1823-10-23,1917-11-11
strasse_2089,2089,Kuefsteinerstraße,Waldegg,"Nach dem Objekt Kefergutstraße 26 vorerst etwa in südlicher bzw. südsüdwestlicher, dann in ostsüdöstlicher Richtung zur Ramsauerstraße verlaufend. Benannt 1945 nach dem alten oberösterreichischen Adelsgeschlecht der Kuefsteiner. - 1942 Köstlingerstraße nach dem Fleischergehilfen Franz Köstlinger (1910-1934), der als Nationalsozialist bei einer politischen Auseinandersetzung ums Leben kam.",https://www.linz.at/strassennamen/Default.asp?action=strassendetail&ID=2089,,,,,,,,,,,
strasse_2083,2083,Küffelstraße,Ebelsberg,"Gegenüber dem Objekt Lenkstraße 33 etwa in nordnordwestlicher Richtung zur Kremsmünsterer Straße verlaufend. Benannt 1940 nach Oberstleutnant Küffel, Kommandant des IV. Bataillons der Wiener Freiwilligen bei den Kämpfen um Ebelsberg gegen Napoleon am 3. Mai 1809.",https://www.linz.at/strassennamen/Default.asp?action=strassendetail&ID=2083,,,Oberstleutnant Küffel,,,,,,,,
strasse_3468,3468,Kühnestraße,Katzbach,"Von der Donaufeldstraße südlich des Objekts Nr. 3 in ostsüdöstlicher Richtung abzweigend und als Sackgasse endend. Benannt 2020 nach dem Architekten und Stadtbaudirektor Curt Kühne (1882-1963), der unter anderem die Diesterwegschule, das Parkbad, die Volksküche und zahlreiche Wohnbauten plante.",https://www.linz.at/strassennamen/Default.asp?action=strassendetail&ID=3468,,,Curt Kühne,Q14544913,,https://www.wikidata.org/wiki/Q14544913,Curt Kühne,male,architect,1883-08-08,1963-08-25
strasse_2084,2084,Kühreiterweg,Pöstlingberg,"Nach dem Objekt Pachmayrstraße 88 vorerst etwa in nördlicher, dann in ostnordöstlicher Richtung zum Kühreitergut verlaufend. Benannt 1958 nach dem gleichnamigen Bauerngut.",https://www.linz.at/strassennamen/Default.asp?action=strassendetail&ID=2084,,,,,,,,,,,
strasse_2087,2087,Kulmweg,Katzbach,Nach dem Objekt Kalkgruberweg 18 etwa nach Osten bogenförmig wieder in diesen Weg einmündend. Benannt 1958 nach einer Flurbezeichnung.,https://www.linz.at/strassennamen/Default.asp?action=strassendetail&ID=2087,,,,,,,,,,,
strasse_2086,2086,Kürnbergerweg,Waldegg,Nach dem Objekt Freinbergstraße 18 etwa in westsüdwestlicher Richtung zur Stadtgrenze mit Leonding verlaufend. Benannt 1913 nach dem Kürnbergerwald.,https://www.linz.at/strassennamen/Default.asp?action=strassendetail&ID=2086,,,,,,,,,,,
strasse_2254,2254,Lachstattstraße,Katzbach,"Von der Mauthausener Straße nach dem Esterbach vorerst etwa in östlicher, dann in ostsüdöstlcher Richtung an der Stadtgrenze zu Steyregg verlaufend. Benannt 1974 nach der gleichnamigen Katastralgemeinde auf Steyregger Gebiet.",https://www.linz.at/strassennamen/Default.asp?action=strassendetail&ID=2254,,,,,,,,,,,
strasse_3436,3436,Lackingerweg,Posch,Gegenüber dem Objekt Falterweg 26 in nördlicher Richtung zum Igelweg verlaufend. Benannt 2008 nach der langjährigen Linzer Gemeinderätin Marianne Lackinger (1892-1974).,https://www.linz.at/strassennamen/Default.asp?action=strassendetail&ID=3436,,,Marianne Lackinger,Q109578278,,https://www.wikidata.org/wiki/Q109578278,Marianne Lackinger,female,local politician,1892-01-27,1974-04-28
strasse_2264,2264,Lamprechtgang,Waldegg,"Nach dem Objekt Glimpfingerstraße 59 etwa in südöstlicher, dann in südwestlicher und in nordwestlicher Richtung wiederum zur Glimpfingerstraße zurückführend. Benannt 1940 nach dem oberösterreichischen Kartographen und Geschichtsforscher Johann Lamprecht (1816-1895).",https://www.linz.at/strassennamen/Default.asp?action=strassendetail&ID=2264,,,Johann Lamprecht,Q1693397,,https://www.wikidata.org/wiki/Q1693397,Johann Ev. Lamprecht,male,historian,1816-12-28,1895-08-18
strasse_2266,2266,Landgutstraße,Urfahr,"Nach dem Objekt Rudolfstraße 46 vorerst etwa in nordwestlicher, dann in nördlicher und nordnordwestlicher Richtung zur Nißlstraße verlaufend. Benannt 1875 nach dem ehemaligen landtäflichen Gut Hagen.",https://www.linz.at/strassennamen/Default.asp?action=strassendetail&ID=2266,,,,,,,,,,,
strasse_3438,3438,Landhausplatz,Linz,"Umfasst die vom Landhaus, den Straßenzügen Theatergasse und Altstadt, den Häusern Klosterstraße 18 und 20 sowie der Minoritenkirche gebildete Verkehrsfläche. Benannt 2009.",https://www.linz.at/strassennamen/Default.asp?action=strassendetail&ID=3438,Q106686176,https://www.wikidata.org/wiki/Q106686176,,,,,,,,,
strasse_2269,2269,Landstraße,Linz,"Vom Taubenmarkt etwa in südsüdöstlicher Richtung zur Blumauerstraße (bis 2011 zur Unterführung der Westbahn) verlaufend. Altbenannt. - Nennungen im 13. Jahrhundert (via contra Lintzam, in Lintze aput stratam, aput stratam Lintze) dürften sich auf die Gegend um Straßfelden beziehen, die im 16. und 17. Jahrhundert diese Bezeichnung nach dem gleichnamigen Hof (heute Kaufmännisches Vereinshaus) führte, der 1579 zu einem Edelmannssitz erhoben wurde. 1730 wird die Landstraße als Innere Vorstadt (bis Bethlehemstraße), Mittlere Vorstadt (bis Bischofstraße) und Äußere Vorstadt (bis Langgasse) sowie Neuhäusl (ab Langgasse) bezeichnet. 1825 innere und äußere Landstraße (Grenze Karmeliten).",https://www.linz.at/strassennamen/Default.asp?action=strassendetail&ID=2269,Q1803934,https://www.wikidata.org/wiki/Q1803934,,,,,,,,,
strasse_2271,2271,Landwehrstraße,Waldegg,Nach dem Objekt Wiener Straße 70 etwa in westsüdwestlicher Richtung zur Wankmüllerhofstraße verlaufend. Benannt 1957 nach dem ehemaligen Linzer Landwehrinfanterie-Regiment Nr. 2.,https://www.linz.at/strassennamen/Default.asp?action=strassendetail&ID=2271,,,,,,,,,,,
strasse_2272,2272,Landwiedstraße,"Waldegg, Kleinmünchen","Nach dem Objekt Unionstraße 139 vorerst etwa in südsüdöstlicher, dann in südlicher, westsüdwestlicher und wiederum südlicher Richtung zur Salzburger Straße verlaufend. Benannt 1940 nach einem Flur- bzw. Hofnamen.",https://www.linz.at/strassennamen/Default.asp?action=strassendetail&ID=2272,,,,,,,,,,,
strasse_2273,2273,Langbauerngasse,Kleinmünchen,Nach dem Objekt Fuchsengutstraße 10 etwa in nordnordwestlicher Richtung zur Horningerstraße verlaufend. Benannt 1946 nach dem gleichnamigen Bauernhaus.,https://www.linz.at/strassennamen/Default.asp?action=strassendetail&ID=2273,,,,,,,,,,,
strasse_2277,2277,Langgasse,Linz,Nach dem Objekt Landstraße 70 etwa in westlicher Richtung zur Herrenstraße verlaufend. Benannt vor 1869. - Vorher Lange Lamplwirtsfeldgasse nach dem ehemaligen Gasthof Zum Weißen Lamm an der Herrenstraße.,https://www.linz.at/strassennamen/Default.asp?action=strassendetail&ID=2277,,,,,,,,,,,
strasse_2279,2279,Lannergasse,Waldegg,Vor dem Objekt Grabnerstraße 61 etwa in südsüdwestlicher Richtung zur Ziehrerstraße verlaufend. Benannt 1953 nach dem Komponisten Josef Lanner (1801-1843).,https://www.linz.at/strassennamen/Default.asp?action=strassendetail&ID=2279,,,Josef Lanner,Q44927,,https://www.wikidata.org/wiki/Q44927,Joseph Lanner,male,conductor,1801-04-12,1843-04-14
strasse_2256,2256,Lärchenauerstraße,Linz,Im Anschluß an die auf Leondinger Stadtgebiet bestehende Lärchenauerstraße etwa in nordnordöstlicher Richtung verlaufende Sackgasse. Benannt 1984.,https://www.linz.at/strassennamen/Default.asp?action=strassendetail&ID=2256,,,,,,,,,,,
strasse_2280,2280,Lasingergasse,Linz,"Nach dem Objekt Hirschgasse 19 etwa in ostsüdöstlicher Richtung verlaufende Sackgasse. Schon 1808 nach dem Schuhmacher Franz Lasinger bezeichnet, der zu Ende des 18. Jahrhunderts das erste Haus in dieser Gegend erbaute.",https://www.linz.at/strassennamen/Default.asp?action=strassendetail&ID=2280,,,Franz Lasinger,,,,,,,,
strasse_2281,2281,Laskahofstraße,Kleinmünchen,"Nach dem Objekt Salzburger Straße 235 vorerst etwa in ostsüdöstlicher, dann in südlicher Richtung zur Dauphinestraße verlaufend. Benannt 1954 nach dem ehemaligen Laskahof.",https://www.linz.at/strassennamen/Default.asp?action=strassendetail&ID=2281,,,,,,,,,,,
strasse_2283,2283,Lastenstraße,Linz,"Nach dem Objekt Franckstraße 8 vorerst etwa in südsüdwestlicher, dann in südlicher Richtung zur Gürtelstraße verlaufend. Benannt 1921 nach dem an dieser Straße gelegenen Frachtenbahnhof, der damals Lastenbahnhof hieß.",https://www.linz.at/strassennamen/Default.asp?action=strassendetail&ID=2283,,,,,,,,,,,
strasse_3469,3469,Leblweg,Pichling,"Von der Seiderstraße zunächst in nordöstlicher, dann ostnordöstlicher Richtung zur Traundorfer Straße verlaufend. Benannt 2020 nach der ersten Frau im Ebelsberger Gemeindeausschuss, Josefa Lebl (1881-1945).",https://www.linz.at/strassennamen/Default.asp?action=strassendetail&ID=3469,,,Josefa Lebl,Q109578279,,https://www.wikidata.org/wiki/Q109578279,Josefa Lebl,female,local politician,1881-01-20,1945-09-14
strasse_2285,2285,Lederergasse,"Linz, Lustenau","Vom Pfarrplatz vorerst etwa in östlicher, dann in ostnordöstlicher Richtung bis zur A7 verlaufende Sackgasse. Benannt 1943 nach den am einstigen Ludlarm seit dem Spätmittelalter ansässigen Handwerksbetrieben der Lederer. - Bis 1869 Lederergasse und Lazarettgasse nach dem um die Mitte des 17. Jahrhunderts an dieser Straße (Haus Nr. 33) eingerichteten Pestlazarett. 1869-1943 Keplerstraße nach dem Astronomen Johannes Kepler (1571-1630).",https://www.linz.at/strassennamen/Default.asp?action=strassendetail&ID=2285,Q52177990,https://www.wikidata.org/wiki/Q52177990,,,,,,,,,
strasse_2287,2287,Lehárstraße,Waldegg,"Gegenüber dem Objekt Grabnerstraße 69 vorerst etwa in nordöstlicher, dann in ostsüdöstlicher Richtung zur Robert-Stolz-Straße verlaufend. Benannt 1971 nach dem Komponisten Franz Lehár (1870-1948).",https://www.linz.at/strassennamen/Default.asp?action=strassendetail&ID=2287,,,Franz Lehár,Q191917,,https://www.wikidata.org/wiki/Q191917,Franz Lehár,male,composer,1870-04-30,1948-10-24
strasse_2288,2288,Leibnizstraße,Linz,Nach dem Objekt Lederergasse 50 etwa in südsüdöstlicher Richtung zur Kaplanhofstraße verlaufend. Benannt 1940 nach dem Philosophen Gottfried Wilhelm Leibniz (1646-1716).,https://www.linz.at/strassennamen/Default.asp?action=strassendetail&ID=2288,,,Gottfried Wilhelm Leibniz,Q9047,,https://www.wikidata.org/wiki/Q9047,Gottfried Wilhelm Leibniz,male,mathematician,1646-07-01,1716-11-14
strasse_2291,2291,Leisenhofstraße,Urfahr,"Nach dem Objekt Wischerstraße 36 etwa in nordnordöstlicher Richtung zur Petrinumstraße verlaufend. Benannt 1902 nach dem ehemaligen Leisenhof, dem Wirtschaftshof des Petrinums.",https://www.linz.at/strassennamen/Default.asp?action=strassendetail&ID=2291,,,,,,,,,,,
strasse_2292,2292,Leitenbauerstraße,Katzbach,"Nach dem Objekt Magdalenastraße 55 vorerst etwa in nördlicher, dann in nordnordwestlicher Richtung verlaufende Sackgasse. Benannt 1957 nach dem Pfarrer, Ehrenbürger und Erbauer der Ortswasserleitung von St. Magdalena, Leopold Leitenbauer (1889-1953).",https://www.linz.at/strassennamen/Default.asp?action=strassendetail&ID=2292,,,Leopold Leitenbauer,,,,,,,,
strasse_2293,2293,Leithenfeldweg,Urfahr,Nach dem Objekt Jägerstraße 10 etwa in nordnordwestlicher Richtung zur Hoppichlerstraße verlaufend. Benannt 1952 nach einem Flurnamen.,https://www.linz.at/strassennamen/Default.asp?action=strassendetail&ID=2293,,,,,,,,,,,
strasse_2294,2294,Lenaustraße,Lustenau,"Beim Objekt Friedhofstraße 12 etwa in südöstlicher Richtung zur Raimundstraße verlaufend. Benannt 1897 nach dem Lyriker Nikolaus Lenau (1802-1850), dem Pseudonym für Franz Niembsch von Strehlenau.",https://www.linz.at/strassennamen/Default.asp?action=strassendetail&ID=2294,,,Nikolaus Lenau,Q84280,,https://www.wikidata.org/wiki/Q84280,Nikolaus Lenau,male,poet,1802-08-13,1850-08-22
strasse_2295,2295,Lenkstraße,Ebelsberg,"Von der Kremsmünsterer Straße vorerst etwa in südsüdöstlicher, dann in westsüdwestlicher und wiederum in südsüdöstlicher Richtung verlaufende Sackgasse. Benannt 1940 nach dem Kanonier Karl Lenk, der sich bei der Schlacht um Ebelsberg am 3. Mai 1809 besonders auszeichnete.",https://www.linz.at/strassennamen/Default.asp?action=strassendetail&ID=2295,,,Karl Lenk,,,,,,,,
strasse_2297,2297,Leondinger Straße,Waldegg,"Nach dem Objekt Roseggerstraße 59a vorerst etwa in westlicher, dann in südwestlicher und wiederum in westlicher Richtung zur Stadtgrenze mit Leonding verlaufend. Benannt 1930 als Richtungsbezeichnung.",https://www.linz.at/strassennamen/Default.asp?action=strassendetail&ID=2297,,,,,,,,,,,
strasse_2298,2298,Leonfeldner Straße,"Urfahr, Pöstlingberg, Katzbach","Nach dem Objekt Freistädter Straße 29 vorerst etwa in nördlicher, dann in nordnordöstlicher und wiederum in nördlicher Richtung zur Stadtgrenze mit Altenberg verlaufend. Benannt 1901 als Richtungsbezeichnung. - Vorher ""Landstraße nach Böhmen"".",https://www.linz.at/strassennamen/Default.asp?action=strassendetail&ID=2298,Q106635017,https://www.wikidata.org/wiki/Q106635017,,,,,,,,,
strasse_2222,2222,Leopold-Figl-Straße,Katzbach,"Vor dem Objekt Altenberger Straße 6 etwa in ostsüdöstlicher Richtung verlaufende Sackgasse. Benannt 1984 nach dem Bundeskanzler und Außenminister Leopold Figl (1902-1965), der an den Verhandlungen zum österreichischen Staatsvertrag entscheidend beteiligt war.",https://www.linz.at/strassennamen/Default.asp?action=strassendetail&ID=2222,,,Leopold Figl,Q11715,,https://www.wikidata.org/wiki/Q11715,Leopold Figl,male,politician,1902-10-02,1965-05-09
strasse_2223,2223,Lerchengasse,Urfahr,Nach dem Objekt Rosenstraße 10 etwa in ostnordöstlicher Richtung zur Kreuzstraße verlaufend. Benannt 1875 nach dem einstigen Gasthaus Zu den drei Lerchen.,https://www.linz.at/strassennamen/Default.asp?action=strassendetail&ID=2223,,,,,,,,,,,
strasse_2224,2224,Lessingstraße,Linz,"Nach dem Objekt Promenade 38 vorerst etwa in westsüdwestlicher, dann in westlicher und nordwestlicher Richtung zur Römerstraße verlaufend. Benannt 1881 nach dem Dichter Gotthold Ephraim Lessing (1729-1781). - 1808 Pumpenmachergasse oder Sesselmachergasse. 1815 Hangergasse (nach dem Henkerhaus), früher Henkersteig. 1825 Pumpenmachergasse. 1869 Kürenberggasse.",https://www.linz.at/strassennamen/Default.asp?action=strassendetail&ID=2224,Q106635018,https://www.wikidata.org/wiki/Q106635018,Gotthold Ephraim Lessing,Q34628,,https://www.wikidata.org/wiki/Q34628,Gotthold Ephraim Lessing,male,lyricist,1729-01-22,1781-02-15
strasse_2225,2225,Libellenweg,Posch,Gegenüber den Objekten Biberweg 28 und 30 etwa in östlicher Richtung verlaufende Sackgasse. Benannt 1958 nach der einheimischen Tierart.,https://www.linz.at/strassennamen/Default.asp?action=strassendetail&ID=2225,,,,,,,,,,,
strasse_2226,2226,Liebigstraße,Lustenau,Nach dem Objekt Franckstraße 15 bogenförmig gegen Norden zur Goethestraße verlaufend. Benannt 1952 nach dem Chemiker Justus von Liebig (1803-1873).,https://www.linz.at/strassennamen/Default.asp?action=strassendetail&ID=2226,,,Justus von Liebig,Q16571,,https://www.wikidata.org/wiki/Q16571,Justus von Liebig,male,chemist,1803-05-12,1873-04-18
strasse_2227,2227,Lilienthalstraße,Kleinmünchen,Gegenüber dem Objekt Dauphinestraße 180 etwa in südlicher Richtung zum Flötzerweg verlaufend. Benannt 1943 nach dem Bahnbrecher des Flugwesens Otto Lilienthal (1848-1896).,https://www.linz.at/strassennamen/Default.asp?action=strassendetail&ID=2227,,,Otto Lilienthal,Q57162,,https://www.wikidata.org/wiki/Q57162,Otto Lilienthal,male,aerospace engineer,1848-05-23,1896-08-10
strasse_2228,2228,Limonigasse,Linz,"Vor dem Objekt Kapuzinerstraße 19 etwa in südöstlicher Richtung zur Hopfengasse verlaufend. Benannt 1864. Die Bezeichnung ist unklar, dürfte aber mit den Limoni (= Zitronenart) nicht in Verbindung stehen.",https://www.linz.at/strassennamen/Default.asp?action=strassendetail&ID=2228,,,,,,,,,,,
strasse_2229,2229,Lindemayrstraße,Lustenau,"Nach dem Objekt Gallanderstraße 6 vorerst etwa in westsüdwestlicher, dann in südsüdöstlicher und schließlich in ostnordöstlicher Richtung zur Sintstraße verlaufend. Benannt 1932 nach dem Lambacher Benediktiner und Dichter P. Maurus Lindemayr (1723-1783).",https://www.linz.at/strassennamen/Default.asp?action=strassendetail&ID=2229,,,Maurus Lindemayr,Q43877,,https://www.wikidata.org/wiki/Q43877,Maurus Lindemayr,male,writer,1723-11-15,1783-06-19
strasse_2230,2230,Lindengasse,Urfahr,Nach dem Objekt Broschgasse 3 etwa in westlicher Richtung verlaufende Sackgasse. Benannt 1907 nach der einheimischen Baumart.,https://www.linz.at/strassennamen/Default.asp?action=strassendetail&ID=2230,,,,,,,,,,,
strasse_2231,2231,Linke Brückenstraße,Urfahr,Vom linken Brückenkopf der Eisenbahnbrücke etwa in nordwestlicher Richtung zur Leonfeldner Straße verlaufend. Benannt 1921. - Ab 1901 Brückenstraße. Das Teilstück zwischen Freistädter und Leonfeldner Straße führte seit 1941 die Bezeichnung Proksch-Zeile nach dem Landesleiter der NSDAP Österreichs Alfred Proksch (1891-1981). 1945 wurde dieser Teil in die Linke Brückenstraße einbezogen.,https://www.linz.at/strassennamen/Default.asp?action=strassendetail&ID=2231,,,Alfred Proksch,Q90370,,https://www.wikidata.org/wiki/Q90370,Alfred Proksch,male,politician,1891-03-08,1981-01-03
strasse_2233,2233,Linzer Straße,Urfahr,"Vor dem Objekt Freistädter Straße 163 vorerst etwa in nordwestlicher, dann in nordnordöstlicher Richtung zur Griesmayrstraße verlaufend. Benannt 1939 als Richtungsbezeichnung in der ehemals selbständigen Gemeinde St. Magdalena, doch schon vorher inoffiziell so bezeichnet.",https://www.linz.at/strassennamen/Default.asp?action=strassendetail&ID=2233,,,,,,,,,,,
strasse_2235,2235,Lissagasse,Lustenau,Nach dem Objekt Wiener Straße 69 etwa in ostnordöstlicher Richtung zur Makartstraße verlaufend. Benannt 1899 zur Erinnerung an den österreichischen Seesieg unter Vizeadmiral Wilhelm Freiherr von Tegetthoff (1827-1871) über die Italiener am 20. Juli 1866 bei der Adriainsel Lissa (heute Vis).,https://www.linz.at/strassennamen/Default.asp?action=strassendetail&ID=2235,,,Wilhelm Freiherr von Tegetthoff,Q310509,,https://www.wikidata.org/wiki/Q310509,Wilhelm von Tegetthoff,male,naval officer,1827-12-23,1871-04-07
strasse_2236,2236,Lißfeldstraße,Kleinmünchen,Von der Brunnenfeldstraße etwa in südöstlicher Richtung zur Pestalozzistraße verlaufend. Benannt 1934 nach einem Flurnamen. - Ab 1932 Alois-Rohrauer-Straße nach dem Begründer der Naturfreundebewegung Alois Rohrauer (1843-1923).,https://www.linz.at/strassennamen/Default.asp?action=strassendetail&ID=2236,Q106635019,https://www.wikidata.org/wiki/Q106635019,,,,,,,,,
strasse_2237,2237,Liststraße,Lustenau,Nach dem Objekt Wüstenrotstraße 8 etwa in südöstlicher Richtung zur Goethestraße verlaufend. Benannt 1905 nach dem deutschen Nationalökonomen Friedrich List (1789-1846).,https://www.linz.at/strassennamen/Default.asp?action=strassendetail&ID=2237,,,Friedrich List,Q159917,,https://www.wikidata.org/wiki/Q159917,Friedrich List,male,economist,1789-08-06,1846-11-30
strasse_2238,2238,Löfflerhofstraße,Waldegg,"Nach dem Objekt Breitwiesergutstraße 25 etwa in südlicher Richtung zur Reuchlinstraße verlaufend. Benannt 1932 nach dem großen Bauernanwesen Löfflerhof, das 1899 demoliert wurde, um der Herz-Jesu-Kirche Platz zu machen.",https://www.linz.at/strassennamen/Default.asp?action=strassendetail&ID=2238,,,,,,,,,,,
strasse_2244,2244,Lonstorferplatz,Lustenau,Zwischen Franckstraße 45 und 51. Benannt 1914 nach einem vor den Toren von Linz ansässigen mittelalterlichen Ministerialengeschlecht.,https://www.linz.at/strassennamen/Default.asp?action=strassendetail&ID=2244,,,,,,,,,,,
strasse_2245,2245,Lonstorferweg,Lustenau,Nach dem Objekt Lonstorferplatz 8 etwa in nordöstlicher Richtung zur Ing.-Stern-Straße verlaufend. Benannt 1928. Erklärung siehe Lonstorferplatz.,https://www.linz.at/strassennamen/Default.asp?action=strassendetail&ID=2245,,,,,,,,,,,
strasse_2246,2246,Lortzinggasse,Waldegg,Nach dem Objekt Reisetbauerstraße 22 etwa in westnordwestlicher Richtung verlaufende Sackgasse. Benannt 1951 nach dem Komponisten Gustav Albert Lortzing (1801-1851).,https://www.linz.at/strassennamen/Default.asp?action=strassendetail&ID=2246,,,Gustav Albert Lortzing,Q154203,,https://www.wikidata.org/wiki/Q154203,Albert Lortzing,male,composer,1801-10-23,1851-01-21
strasse_2247,2247,Losensteinerstraße,Waldegg,"Vor dem Objekt Landwiedstraße 21 vorerst etwa in nordöstlicher, dann in südöstlicher Richtung zur Wallseerstraße verlaufend. Benannt 1945 nach einem alten oberösterreichischen Adelsgeschlecht. - 1940 Unterbergerstraße nach Franz Unterberger (1907-1934), beteiligt am nationalsozialistischen Juliputsch von 1934.",https://www.linz.at/strassennamen/Default.asp?action=strassendetail&ID=2247,,,,,,,,,,,
strasse_2239,2239,Löwenfeldstraße,Kleinmünchen,"Als Sackgasse beginnend und etwa in westsüdwestlicher Richtung zur Pestalozzistraße verlaufend. Benannt 1958 nach den Kleinmünchner Fabrikanten Moritz und Wilhelm Löwenfeld (1827-1901), Ehrenbürger der Gemeinde Kleinmünchen, die mehrere soziale und karitative Einrichtungen schufen.",https://www.linz.at/strassennamen/Default.asp?action=strassendetail&ID=2239,,,Moritz und Wilhelm Löwenfeld,,,,,,,,
strasse_2242,2242,Löwenzahnweg,Kleinmünchen,Nach dem Objekt Salzburger Straße 321 etwa in südsüdöstlicher Richtung verlaufende Sackgasse. Benannt 1958 nach der gleichnamigen Blume.,https://www.linz.at/strassennamen/Default.asp?action=strassendetail&ID=2242,,,,,,,,,,,
strasse_2248,2248,Ludlgasse,Linz,"Nach dem Objekt Honauerstraße 11 etwa in ostnordöstlicher Richtung zur Holzstraße verlaufend. Ursprünglich beim Objekt Lederergasse 31 beginnend. Benannt 1869 nach dem allmählich versiegten Ludlarm. Ludl bedeutet übelriechendes Gewässer, verursacht durch die einst an diesem Flußlauf angesiedelten Gerbereien. - 1815 wurden die Gegenden Ecke Honauerstraße - Ludlgasse und Holzstraße - Ludlgasse Am Ludlsteg bezeichnet. Bis 1869 An der Ludl.",https://www.linz.at/strassennamen/Default.asp?action=strassendetail&ID=2248,,,,,,,,,,,
strasse_2250,2250,Lüfteneggerstraße,Linz,"Nach dem Objekt Fabrikstraße 28 etwa in südsüdöstlicher Richtung zur Lederergasse verlaufend. Benannt 1963 nach einer der bedeutendsten Linzer Schiffmeisterfamilien, Besitzer des 1963 demolierten Schiffmeisterhauses an der Unteren Donaulände 18.",https://www.linz.at/strassennamen/Default.asp?action=strassendetail&ID=2250,,,,,,,,,,,
strasse_2251,2251,Luise-Hummel-Weg,Katzbach,Gegenüber dem Objekt Im Schlantenfeld 12 etwa in nördlicher Richtung zum Rotterdamweg verlaufend. Benannt 1955 nach der Schuldirektorin und Urfahrer Ehrenbürgerin Luise Hummel (1847-1917).,https://www.linz.at/strassennamen/Default.asp?action=strassendetail&ID=2251,,,Luise Hummel,Q60623944,,https://www.wikidata.org/wiki/Q60623944,Luise Hummel,female,teacher,1847-10-09,1917-12-07
strasse_3406,3406,Lunaplatz,Ufer,Der im Zentrum der solarCity situierte Platz wird 2002 nach der römischen Mondgöttin Luna benannt.,https://www.linz.at/strassennamen/Default.asp?action=strassendetail&ID=3406,,,,,,,,,,,
strasse_2253,2253,Lunzerstraße,"Kleinmünchen, St. Peter","Nach dem Objekt Wiener Straße 391 vorerst etwa in ostnordöstlicher, dann in ostsüdöstlicher und wiederum in ostnordöstlicher Richtung in das Gelände der voestalpine verlaufend. Benannt 1954 nach dem Betriebsleiter der ESG, Theodor Lunzer (1883-1939), der sich um die Einrichtung der ehemaligen Straßenbahnlinie M und um den Autobusverkehr verdient gemacht hat.",https://www.linz.at/strassennamen/Default.asp?action=strassendetail&ID=2253,,,Theodor Lunzer,,,,,,,,
strasse_2252,2252,Lustenauer Straße,Linz,Nach dem Objekt Hessenplatz 8 etwa in ostnordöstlicher Richtung zum Marktplatz verlaufend. Benannt 1921 nach der gleichnamigen Katastralgemeinde. - Ab 1869 Kaiser-Josef-Straße.,https://www.linz.at/strassennamen/Default.asp?action=strassendetail&ID=2252,,,,,,,,,,,
strasse_2480,2480,Maderleithnerweg,Katzbach,Von der Oberbairinger Straße vorerst etwa in nördlicher Richtung zum Maderleithnergut und dann teilweise in Serpentinen Richtung Westen bzw. Süden und wiederum Westen zum Ödmühlweg verlaufend. Benannt 1958 nach dem gleichnamigen Bauerngut.,https://www.linz.at/strassennamen/Default.asp?action=strassendetail&ID=2480,,,,,,,,,,,
strasse_2481,2481,Maderspergerstraße,Waldegg,Gegenüber dem Objekt Ramsauerstraße 21 etwa in nördlicher Richtung verlaufende Sackgasse. Benannt 1953 nach dem Erfinder der Nähmaschine Joseph Madersperger (1768-1850).,https://www.linz.at/strassennamen/Default.asp?action=strassendetail&ID=2481,,,Joseph Madersperger,Q87339,,https://www.wikidata.org/wiki/Q87339,Josef Madersperger,male,inventor,1768-10-06,1850-10-02
strasse_2482,2482,Madlsederstraße,Kleinmünchen,"Nach dem Objekt Wiener Straße 375 etwa in südöstlicher Richtung parallel zur Westbahn verlaufende Sackgasse. Benannt 1929 nach dem Steyrer Stadtrichter Wolf Madlseder, der als Rechtsberater der aufständischen Bauern 1627 in Linz enthauptet wurde.",https://www.linz.at/strassennamen/Default.asp?action=strassendetail&ID=2482,,,Wolf Madlseder,,,,,,,,
strasse_2483,2483,Magazingasse,Linz,Nach dem Objekt Landstraße 50 etwa in westsüdwestlicher Richtung zum Friedensplatz verlaufend. Schon 1815 nach dem dort bestehenden Magazinstadl so bezeichnet.,https://www.linz.at/strassennamen/Default.asp?action=strassendetail&ID=2483,,,,,,,,,,,
strasse_2484,2484,Magdalenastraße,Katzbach,"Ursprünglich von der Jägerstätterstraße, ab 2007 von der Kreuzung Ferdinand-Markl-Straße/Dornacher Straße vorerst etwa in nördlicher und dann nach einer Spitzkehre etwa in südöstlicher Richtung zur Leitenbauerstraße verlaufend. Nach der von 1887 bis 1938 selbständigen Gemeinde St. Magdalena benannt.",https://www.linz.at/strassennamen/Default.asp?action=strassendetail&ID=2484,,,,,,,,,,,
strasse_2485,2485,Magerweg,Kleinmünchen,Von der Kreuzung Dauphinestraße - Auwiesenstraße etwa in ostsüdöstlicher Richtung mit einer Unterbrechung zur Wiener Straße verlaufend. Benannt 1929 nach einem Flurnamen.,https://www.linz.at/strassennamen/Default.asp?action=strassendetail&ID=2485,,,,,,,,,,,
strasse_2486,2486,Maidwieserstraße,Waldegg,"Nach dem Objekt Landwiedstraße 63 vorerst etwa in ostnordöstlicher, dann in nordnordwestlicher Richtung zur Gruentalerstraße verlaufend. Benannt 1953 nach einem bedeutenden mittelalterlichen Linzer Bürgergeschlecht.",https://www.linz.at/strassennamen/Default.asp?action=strassendetail&ID=2486,,,,,,,,,,,
strasse_2488,2488,Makartstraße,Lustenau,Nach dem Objekt Lenaustraße 52 in südlicher Richtung zum Bulgariplatz verlaufend. Benannt 1899 nach dem Maler Hans Makart (1840-1884).,https://www.linz.at/strassennamen/Default.asp?action=strassendetail&ID=2488,,,Hans Makart,Q511444,,https://www.wikidata.org/wiki/Q511444,Hans Makart,male,painter,1840-05-28,1884-10-03
strasse_2489,2489,Mannheimstraße,Katzbach,Vor dem Objekt Johann-Wilhelm-Klein-Straße 51 etwa in nordwestlicher Richtung verlaufende Sackgasse. Benannt 1961 nach dem deutschen Soziologen Karl Mannheim (1893-1947).,https://www.linz.at/strassennamen/Default.asp?action=strassendetail&ID=2489,,,Karl Mannheim,Q76823,,https://www.wikidata.org/wiki/Q76823,Karl Mannheim,male,sociologist,1893-03-27,1947-01-09
strasse_2490,2490,Marcusgang,Kleinmünchen,"Nach dem Objekt Im Haidgattern 2 etwa in westlicher Richtung zur Benzstraße verlaufend. Benannt 1955 nach dem österreichischen Erfinder Siegfried Marcus (1831-1898), der als erster Benzin als Kraftstoff für Fahrzeuge verwendete.",https://www.linz.at/strassennamen/Default.asp?action=strassendetail&ID=2490,,,Siegfried Marcus,Q31167,,https://www.wikidata.org/wiki/Q31167,Siegfried Marcus,male,engineer,1831-09-18,1898-06-30
strasse_2491,2491,Marderweg,Pichling,Nach dem Objekt Rathfeldstraße 62 etwa in südwestlicher Richtung verlaufende Sackgasse. Benannt 1958 nach der einheimischen Tierart.,https://www.linz.at/strassennamen/Default.asp?action=strassendetail&ID=2491,,,,,,,,,,,
strasse_2492,2492,Margarethen,Linz,"Fortsetzung der Oberen Donaulände etwa in westlicher Richtung bis zur Stadtgrenze zu Leonding. Altbenannt nach dem gleichnamigen Ort an der Mündung des Zaubertalbaches, der seinen Namen von einer 1381 erstmalig aufscheinenden, der Hl. Margarethe geweihten Kapelle herleitet.",https://www.linz.at/strassennamen/Default.asp?action=strassendetail&ID=2492,,,,,,,,,,,
strasse_2493,2493,Margarethenweg,"Linz, Waldegg",Vom Edelweißberg etwa in nordnordwestlicher Richtung zur Kalvarienkirche in Margarethen verlaufend. Benannt 1953.,https://www.linz.at/strassennamen/Default.asp?action=strassendetail&ID=2493,,,,,,,,,,,
strasse_2494,2494,Mariahilfgasse,Linz,"Nach dem Objekt Hirschgasse 19 etwa in westsüdwestlicher Richtung zur Donatusgasse verlaufend. So genannt bereits 1808 nach einer schon im 17. Jahrhundert bestandenen Mariahilfkapelle. 1869 wurde die Jungbauerngasse (schon 1771 so bezeichnet), benannt nach dem alten Jungbauern- oder Judenbauernhof, einbezogen.",https://www.linz.at/strassennamen/Default.asp?action=strassendetail&ID=2494,,,,,,,,,,,
strasse_2496,2496,Marienberg,Katzbach,Von der Spitzkehre der Magdalenastraße etwa in nordnordwestlicher Richtung zur Leonfeldner Straße verlaufend. Benannt 1954 nach dem im Jahre 1848 als Wasserheilanstalt entstandenen gleichnamigen Landgut.,https://www.linz.at/strassennamen/Default.asp?action=strassendetail&ID=2496,,,,,,,,,,,
strasse_2497,2497,Marienstraße,Linz,"Nach dem Objekt Graben 17 etwa in südsüdöstlicher Richtung zur Bethlehemstraße verlaufend. Benannt 1869 nach dem Katholischen Jungfrauenverein, der in dieser Gasse zur Zeit ihrer Neubenennung sein Vereinslokal hatte. - 1673 Zwerchgasse (zwerch = quer) als kurze Sackgasse vom Graben aus. Ab 1761 Neue Bethlehemgasse.",https://www.linz.at/strassennamen/Default.asp?action=strassendetail&ID=2497,Q106635020,https://www.wikidata.org/wiki/Q106635020,,,,,,,,,
strasse_2499,2499,Marktmühlgasse,Ebelsberg,"Nach dem Objekt Wiener Straße 478 vorerst etwa in südwestlicher, dann in südlicher und östlicher Richtung zur Kremsmünsterer Straße verlaufend. Offiziell benannt 1954 nach der gleichnamigen Mühle, aber bereits vorher so bezeichnet. 1954 wurde die Schulgasse einbezogen.",https://www.linz.at/strassennamen/Default.asp?action=strassendetail&ID=2499,,,,,,,,,,,
strasse_2500,2500,Marktplatz,Linz,"Begrenzt von Khevenhüllerstraße, Schillerstraße, Kantstraße und Lustenauer Straße. Benannt 1950. - Bis dahin nicht offiziell als Südbahnhof nach dem ehemaligen Bahnhof der Pferdeeisenbahn Budweis-Linz-Gmunden bezeichnet.",https://www.linz.at/strassennamen/Default.asp?action=strassendetail&ID=2500,,,,,,,,,,,
strasse_2504,2504,Marschnergasse,Waldegg,"Nach dem Objekt Reisetbauerstraße 16 vorerst etwa in westnordwestlicher, dann in nordöstlicher Richtung zur Nauheimerstraße verlaufend. Benannt 1951 nach dem Komponisten Heinrich Marschner (1795-1861).",https://www.linz.at/strassennamen/Default.asp?action=strassendetail&ID=2504,,,Heinrich Marschner,Q160063,,https://www.wikidata.org/wiki/Q160063,Heinrich Marschner,male,conductor,1795-08-16,1861-12-14
strasse_2507,2507,Martin-Luther-King-Weg,Waldegg,"Von der Hallestraße etwa in südwestlicher Richtung zur Kreiskystraße verlaufend. Benannt 1992 nach dem amerikanischen Pastor, Bürgerrechtskämpfer und Friedensnobelpreisträger Martin Luther King (1929-1968).",https://www.linz.at/strassennamen/Default.asp?action=strassendetail&ID=2507,,,Martin Luther King,Q8027,,https://www.wikidata.org/wiki/Q8027,Martin Luther King Jr.,male,civil rights advocate,1929-01-15,1968-04-04
strasse_3447,3447,Martin-Luther-Platz,Linz,Der neu gestaltete Platz zwischen Landstraße und Martin Luther Kirche wird 2011 Martin-Luther-Platz benannt.,https://www.linz.at/strassennamen/Default.asp?action=strassendetail&ID=3447,,,Martin Luther,Q9554,,https://www.wikidata.org/wiki/Q9554,Martin Luther,male,translator,1483-11-10,1546-02-18
strasse_2505,2505,Martinelligang,Kleinmünchen,Gegenüber dem Objekt Arndtweg 13 etwa in nordwestlicher Richtung verlaufende Sackgasse. Benannt 1940 nach dem aus Linz gebürtigen Schauspieler Ludwig Martinelli (1832-1913).,https://www.linz.at/strassennamen/Default.asp?action=strassendetail&ID=2505,,,Ludwig Martinelli,Q1874760,,https://www.wikidata.org/wiki/Q1874760,Ludwig Martinelli,male,theatrical director,1832-08-09,1913-06-13
strasse_2506,2506,Martingasse,Linz,Von der Schweizerhausgasse etwa in südsüdöstlicher Richtung zur Römerstraße verlaufend. Benannt 1869 nach der 799 erstmals urkundlich erwähnten Martinskirche. - Vorher Auf dem Martinsfeld.,https://www.linz.at/strassennamen/Default.asp?action=strassendetail&ID=2506,,,,,,,,,,,
strasse_2508,2508,Matoschstraße,Pöstlingberg,"Vor dem Objekt Hohe Straße 140 vorerst etwa in östlicher, dann in nordöstlicher Richtung zum Kreuzweg verlaufend. Benannt 1926 nach dem oberösterreichischen Mundartdichter Anton Matosch (1851 bis 1918).",https://www.linz.at/strassennamen/Default.asp?action=strassendetail&ID=2508,,,Anton Matosch,Q591828,,https://www.wikidata.org/wiki/Q591828,Anton Matosch,male,librarian,1851-06-10,1918-05-08
strasse_2509,2509,Matthäus-Herzog-Straße,Kleinmünchen,Nach dem Objekt Neubauzeile 80 etwa in nordwestlicher Richtung verlaufende Sackgasse. Benannt 1962 nach dem Kleinmünchner Bürgermeister Matthäus Herzog (Bürgermeister von 1866-1867).,https://www.linz.at/strassennamen/Default.asp?action=strassendetail&ID=2509,,,Matthäus Herzog,,,,,,,,
strasse_2510,2510,Matthias-May-Gang,Waldegg,Nach dem Objekt Stadlerstraße 32 in nördlicher Richtung verlaufende Sackgasse. Benannt 1941 nach dem Linzer Maler Matthias May (1884-1923).,https://www.linz.at/strassennamen/Default.asp?action=strassendetail&ID=2510,,,Matthias May,Q1910134,,https://www.wikidata.org/wiki/Q1910134,Matthias May,male,painter,1884-06-05,1923-07-28
strasse_2511,2511,Mauhartstraße,Pichling,"Nach dem Objekt Schwaigaustraße 10 etwa in südöstlicher Richtung verlaufend und als Sackgasse endend. Benannt 1999 nach dem Landwirt Karl Mauhart (1901-1991), der von 1932 bis 1938 als Gemeinderat in Ebelsberg und von 1953 bis 1967 als Gemeinderat der Stadt Linz wirkte.",https://www.linz.at/strassennamen/Default.asp?action=strassendetail&ID=2511,,,Karl Mauhart,,,,,,,,
strasse_2512,2512,Mauthausener Straße,Katzbach,Nach dem Objekt Freistädter Straße 452 etwa in südöstlicher Richtung zur Stadtgrenze mit Steyregg verlaufend. Benannt 1980 als Richtungsbezeichnung.,https://www.linz.at/strassennamen/Default.asp?action=strassendetail&ID=2512,,,,,,,,,,,
strasse_2514,2514,Maximilianweg,Waldegg,"Von der Sonnenpromenade etwa in nordwestlicher Richtung zum Bancalariweg verlaufend. Benannt 1943 nach Erzherzog Maximilian Joseph von Österreich-Este (1782-1863), dem Erbauer der Linzer Befestigungstürme.",https://www.linz.at/strassennamen/Default.asp?action=strassendetail&ID=2514,Q106635021,https://www.wikidata.org/wiki/Q106635021,Erzherzog Maximilian Joseph von Österreich-Este,Q78549,,https://www.wikidata.org/wiki/Q78549,Archduke Maximilian of Austria-Este,male,military officer,1782-07-14,1863-06-01
strasse_2517,2517,Mayrhoferstraße,Kleinmünchen,"Vor dem Objekt Neubauzeile 101 vorerst etwa in südöstlicher und dann in westsüdwestlicher Richtung zur Stadtgrenze mit Traun verlaufend, ab 1999 in die Dallingerstraße mündend. Benannt 1956 nach dem gleichnamigen Bauerngut.",https://www.linz.at/strassennamen/Default.asp?action=strassendetail&ID=2517,,,,,,,,,,,
strasse_2519,2519,Meggauerstraße,Waldegg,Vor dem Objekt Landwiedstraße 62 etwa in westsüdwestlicher Richtung zur Hoheneckerstraße verlaufend. Benannt 1958 nach einem alten oberösterreichischen Adelsgeschlecht.,https://www.linz.at/strassennamen/Default.asp?action=strassendetail&ID=2519,,,,,,,,,,,
strasse_2520,2520,Meindlstraße,Kleinmünchen,Vor dem Objekt Am Langen Zaun 21 etwa in westlicher Richtung zur A7 verlaufende Sackgasse. Benannt 1941 nach dem oberösterreichischen Historiker Konrad Meindl (1844- 1915).,https://www.linz.at/strassennamen/Default.asp?action=strassendetail&ID=2520,,,Konrad Meindl,Q21531874,,https://www.wikidata.org/wiki/Q21531874,Konrad Meindl,male,theologian,1844-09-15,1915-07-14
strasse_3480,3480,Meinhartweg,Lustenau,"Als Sackgasse bei der Aigengutstraße beginnend, vorerst etwa in südsüdöstlicher und dann in östlicher Richtung zur St.-Peter-Straße verlaufend. Benannt 2023 nach der Juristin und ersten Dekanin Österreichs an der Johannes Kepler Universität Marianne Meinhart (1920-1994). 1955-2023 Reslweg nach dem Linzer Volksschriftsteller und Humoristen Franz Resl (1883-1954).",https://www.linz.at/strassennamen/Default.asp?action=strassendetail&ID=3480,,,Marianne Meinhart,Q101082550,,https://www.wikidata.org/wiki/Q101082550,Marianne Meinhart,female,jurist,1920-07-11,1994-08-22
strasse_2521,2521,Meisenweg,Pichling,Nach dem Objekt Pichlinger Straße 41 etwa in ostnordöstlicher Richtung zum Amselweg verlaufend. Benannt 1961 nach der einheimischen Singvogelart.,https://www.linz.at/strassennamen/Default.asp?action=strassendetail&ID=2521,,,,,,,,,,,
strasse_2522,2522,Melicharstraße,Lustenau,"Nach dem Objekt Wiener Straße 57 etwa in ostnordöstlicher Richtung zur Grillparzerstraße verlaufend. Benannt 1899 nach dem Kaufmann, Landtagsabgeordneten und Gemeinderat Franz Melichar (1835-1881), dem Gründer der Wohlfahrtsvereinigung Linzer Bürger.",https://www.linz.at/strassennamen/Default.asp?action=strassendetail&ID=2522,,,Franz Melichar,Q94822925,,https://www.wikidata.org/wiki/Q94822925,Franz Melichar,male,politician,1835-10-02,1881-07-28
strasse_2523,2523,Melissenweg,Kleinmünchen,"Nach dem Objekt Salzburger Straße 264 vorerst etwa in nordnordwestlicher, dann in westlicher und wiederum in nordnordwestlicher Richtung verlaufende Sackgasse. Benannt 1958 nach der heimischen Pflanzenart.",https://www.linz.at/strassennamen/Default.asp?action=strassendetail&ID=2523,,,,,,,,,,,
strasse_2524,2524,Memhardstraße,Lustenau,Nach dem Objekt Stieglbauernstraße 24 etwa in südsüdöstlicher Richtung zur Helletzgruberstraße verlaufend. Benannt 1931 nach dem im Jahre 1576 berufenen Rektor der Linzer protestantischen Landschaftsschule Johann Memhard.,https://www.linz.at/strassennamen/Default.asp?action=strassendetail&ID=2524,,,Johann Memhard,Q94784507,,https://www.wikidata.org/wiki/Q94784507,Johann Memhardt,male,teacher,,1613-01-01
strasse_2525,2525,Mengerstraße,Katzbach,Nach dem Objekt Altenberger Straße 43 etwa in westlicher Richtung im Bogen zur Johann-Wilhelm-Klein-Straße verlaufend. Benannt 1961 nach dem österreichischen Nationalökonomen Karl Menger (1840-1921).,https://www.linz.at/strassennamen/Default.asp?action=strassendetail&ID=2525,,,Karl Menger,Q84177,,https://www.wikidata.org/wiki/Q84177,Carl Menger,male,economist,1840-02-23,1921-02-26
strasse_3458,3458,Menzelweg,Pichling,"Vom Drosselweg zunächst in westlicher Richtung, dann nach Norden zum Fasanweg verlaufend. Benannt 2016 nach der Wissenschaftlerin Rudolfine Menzel (1891-1973).",https://www.linz.at/strassennamen/Default.asp?action=strassendetail&ID=3458,,,Rudolfine Menzel,Q7377487,,https://www.wikidata.org/wiki/Q7377487,Rudolphina Menzel,female,scientist,1891-03-01,1973-01-01
strasse_2526,2526,Merianweg,Urfahr,"Vor dem Objekt Hölderlinstraße 20 etwa in nördlicher Richtung zur Hauserstraße verlaufend. Benannt 1945 nach dem Kupferstecher Matthäus Merian (1593-1650), der in seinem topographischen Verlag viele Städteansichten, darunter auch Linz herausbrachte. - 1940 Obermüllerweg nach dem SA-Mann Fritz Obermüller, der beim nationalsozialistischen Putsch am 25. Juli 1934 ums Leben kam.",https://www.linz.at/strassennamen/Default.asp?action=strassendetail&ID=2526,,,Matthäus Merian,Q57968,,https://www.wikidata.org/wiki/Q57968,Matthäus Merian,male,cartographer,1593-09-22,1650-06-19
strasse_2527,2527,Meschedeweg,Kleinmünchen,Vor dem Objekt Alleitenweg 30 etwa in westlicher Richtung zum Straßenzug Am Winklgarten verlaufend. Benannt 1987 nach dem Kleinmünchner Gemeindearzt Josef Meschede (1854-1923).,https://www.linz.at/strassennamen/Default.asp?action=strassendetail&ID=2527,,,Josef Meschede,,,,,,,,
strasse_2529,2529,Michael-Hainisch-Straße,Katzbach,Nach dem Objekt Karl-Renner-Straße 10 etwa in ostsüdöstlicher Richtung zur Julius-Raab-Straße verlaufend. Benannt 1972 nach dem ersten Bundespräsidenten Michael Hainisch (1858-1940).,https://www.linz.at/strassennamen/Default.asp?action=strassendetail&ID=2529,,,Michael Hainisch,Q84475,,https://www.wikidata.org/wiki/Q84475,Michael Hainisch,male,politician,1858-08-15,1940-02-26
strasse_2530,2530,Michlbauernweg,Pöstlingberg,"Nach dem Objekt Gründbergstraße 48 vorerst etwa in ostsüdöstlicher, dann in nördlicher Richtung zur Höllmühlstraße verlaufend. Benannt 1963 nach dem gleichnamigen Bauerngut.",https://www.linz.at/strassennamen/Default.asp?action=strassendetail&ID=2530,,,,,,,,,,,
strasse_2531,2531,Millsteigerstraße,Pöstlingberg,Vor dem Objekt Ferdinand-Markl-Straße 11 etwa in nordnordwestlicher Richtung zur Leonfeldner Straße verlaufend. Benannt 1964 nach dem Urfahrer Marktrichter Andreas Millsteiger (1791-1858).,https://www.linz.at/strassennamen/Default.asp?action=strassendetail&ID=2531,,,Andreas Millsteiger,,,,,,,,
strasse_2532,2532,Minnesängerplatz,Waldegg,Als Fortsetzung der Händelstraße und zur Wallnerstraße. Benannt 1945 nach den Minnesängern. - 1940 Herbert-Norkus-Platz nach dem HJ-Führer Herbert Norkus (gest. 1932).,https://www.linz.at/strassennamen/Default.asp?action=strassendetail&ID=2532,,,,,,,,,,,
strasse_2533,2533,Mittelgasse,Urfahr,Nach dem Objekt Schratzstraße 6 etwa in westsüdwestlicher Richtung zur Gußhausgasse verlaufend. Benannt 1894. Der Name erklärt sich wohl aus der Lage der Gasse etwa in der Mitte zwischen Rudolfstraße und Ottensheimer Straße.,https://www.linz.at/strassennamen/Default.asp?action=strassendetail&ID=2533,,,,,,,,,,,
strasse_2535,2535,Mitterbauerweg,Waldegg,"Von der Thürheimerstraße in nördlicher Richtung verlaufende Sackgasse. Benannt 1994 nach Karl Mitterbauer (1894-1967), Vizebürgermeister der Stadt Linz von 1946 bis 1955.",https://www.linz.at/strassennamen/Default.asp?action=strassendetail&ID=2535,,,Karl Mitterbauer,,,,,,,,
strasse_2536,2536,Mitterbergerweg,"Urfahr, Pöstlingberg",Nach dem Objekt Riesenhofstraße 6 etwa in westnordwestlicher Richtung zum gleichnamigen Bauernhaus führend. Benannt 1953 nach diesem Bauernhof.,https://www.linz.at/strassennamen/Default.asp?action=strassendetail&ID=2536,,,,,,,,,,,
strasse_2537,2537,Mitterwasserweg,Posch,"Von der Schwaigaustraße etwa in nordnordöstlicher Richtung zum Hochwasserschutzdamm der Donau verlaufend. Benannt 1958 nach dem Mitterwasser, dem Abfluß aus dem Weikerlsee.",https://www.linz.at/strassennamen/Default.asp?action=strassendetail&ID=2537,,,,,,,,,,,
strasse_2538,2538,Mitterweg,Kleinmünchen,Nach dem Objekt Dauphinestraße 83 etwa in südsüdöstlicher Richtung zum Flötzerweg verlaufend. Benannt 1944 nach einem Flurnamen.,https://www.linz.at/strassennamen/Default.asp?action=strassendetail&ID=2538,,,,,,,,,,,
strasse_2541,2541,Mönchgrabenstraße,Ebelsberg,"Von der Florianer Straße vorerst etwa in östlicher, dann in südöstlicher und wiederum in östlicher bzw. in nordöstlicher Richtung zur Wiener Straße verlaufend. Benannt 1954 nach der gleichnamigen Katastralgemeinde.",https://www.linz.at/strassennamen/Default.asp?action=strassendetail&ID=2541,,,,,,,,,,,
strasse_3449,3449,Montessoriweg,Pichling,Die von der Oidener Straße in ost-nordöstlicher Richtung verlaufende Verkehrsfläche wird 2012 nach der ehemaligen Reformpädagogin Maria Montessori (1870-1952) benannt.,https://www.linz.at/strassennamen/Default.asp?action=strassendetail&ID=3449,,,Maria Montessori,Q131117,,https://www.wikidata.org/wiki/Q131117,Maria Montessori,female,psychologist,1870-08-31,1952-05-06
strasse_2547,2547,Moosfelderstraße,Ufer,"Vom Bahndurchlaß am Ende des Panholzerwegs vorerst etwa in östlicher, dann in nördlicher Richtung zur Neufelderstraße verlaufend. Benannt 1954 nach einem Flurnamen.",https://www.linz.at/strassennamen/Default.asp?action=strassendetail&ID=2547,,,,,,,,,,,
strasse_2548,2548,Mooslanderweg,"Pichling, Mönchgraben","Von der Wiener Straße gegenüber der Einmündung des Rebhuhnweges vorerst etwa in westsüdwestlicher, dann in südöstlicher Richtung zur Mönchgrabenstraße verlaufend. Benannt 1958 nach einem Flurnamen.",https://www.linz.at/strassennamen/Default.asp?action=strassendetail&ID=2548,,,,,,,,,,,
strasse_2542,2542,Mörikeweg,Waldegg,Nach dem Objekt Am Bindermichl 63 etwa in ostnordöstlicher Richtung zur Stadlerstraße verlaufend. Benannt 1941 nach dem Dichter Eduard Mörike (1804-1875).,https://www.linz.at/strassennamen/Default.asp?action=strassendetail&ID=2542,,,Eduard Mörike,Q63699,,https://www.wikidata.org/wiki/Q63699,Eduard Mörike,male,poet,1804-09-08,1875-06-04
strasse_2543,2543,Mörtelbauerweg,Kleinmünchen,Vor dem Objekt Am Steinbühel 3 etwa in südöstlicher Richtung zur Jeggstraße verlaufend. Benannt 1944 nach dem gleichnamigen Bauernhof.,https://www.linz.at/strassennamen/Default.asp?action=strassendetail&ID=2543,,,,,,,,,,,
strasse_2549,2549,Mostnystraße,Katzbach,"Nach dem Objekt Freistädter Straße 300 vorerst etwa in südsüdöstlicher, dann in östlicher Richtung verlaufende Sackgasse. Benannt 1983 nach dem Urfahrer Gemeinderat und Ehrenbürger Leopold Mostny (1843-1942).",https://www.linz.at/strassennamen/Default.asp?action=strassendetail&ID=2549,,,Leopold Mostny,Q105469819,,https://www.wikidata.org/wiki/Q105469819,Leopold Mostny,male,,1843-05-01,1942-10-06
strasse_2544,2544,Möwenweg,Posch,Nach dem Objekt Ziererfeldstraße 35 etwa in südlicher Richtung zum Falterweg verlaufend. Benannt 1958 nach der einheimischen Vogelart.,https://www.linz.at/strassennamen/Default.asp?action=strassendetail&ID=2544,,,,,,,,,,,
strasse_2550,2550,Mozartstraße,Linz,Nach dem Objekt Landstraße 35b etwa in ostnordöstlicher Richtung zur Eisenhandstraße verlaufend. Benannt 1869 nach dem Komponisten Wolfgang Amadeus Mozart (1756-1791).,https://www.linz.at/strassennamen/Default.asp?action=strassendetail&ID=2550,Q106861840,https://www.wikidata.org/wiki/Q106861840,Wolfgang Amadeus Mozart,Q254,,https://www.wikidata.org/wiki/Q254,Wolfgang Amadeus Mozart,male,composer,1756-01-27,1791-12-05
strasse_2551,2551,Mühlbachstraße,Katzbach,Beim Objekt Leonfeldner Straße 243 etwa in nordnordwestlicher Richtung verlaufende Sackgasse. Benannt 1939 nach dem dortigen Mühlbach.,https://www.linz.at/strassennamen/Default.asp?action=strassendetail&ID=2551,,,,,,,,,,,
strasse_2552,2552,Mühlkreisbahnstraße,Urfahr,Nach dem Objekt Rudolfstraße 18 etwa in nordwestlicher Richtung zur Kaarstraße verlaufend. Benannt 1889 nach der Mühlkreisbahn. - Vorher Gemeindehausgasse nach der Lage am Urfahrer Rathaus.,https://www.linz.at/strassennamen/Default.asp?action=strassendetail&ID=2552,,,,,,,,,,,
strasse_2553,2553,Mühlweg,Kleinmünchen,Nach dem Objekt Dauphinestraße 73 etwa in südsüdöstlicher Richtung zum Flötzerweg verlaufend. Benannt 1944 nach einer alten Flurbezeichnung.,https://www.linz.at/strassennamen/Default.asp?action=strassendetail&ID=2553,,,,,,,,,,,
strasse_2556,2556,Muldenstraße,Waldegg,"Gegenüber dem Objekt Wiener Straße 181 in mehreren S-förmigen Krümmungen vorerst etwa in südwestlicher, dann in westlicher Richtung zum Straßenzug Am Bindermichl verlaufend. Benannt 1945 nach der Geländemulde, in der die Straße verläuft.",https://www.linz.at/strassennamen/Default.asp?action=strassendetail&ID=2556,,,,,,,,,,,
strasse_2554,2554,Müller-Guttenbrunn-Straße,"Waldegg, Kleinmünchen",Nach dem Objekt Glimpfingerstraße 99 etwa in südsüdöstlicher Richtung zur Salzburger Straße verlaufend. Benannt 1953 nach dem donauschwäbischen Dichter Adam Müller-Guttenbrunn (1852-1923).,https://www.linz.at/strassennamen/Default.asp?action=strassendetail&ID=2554,,,Adam Müller-Guttenbrunn,Q79061,,https://www.wikidata.org/wiki/Q79061,Adam Müller-Guttenbrunn,male,politician,1852-10-22,1923-01-05
strasse_2557,2557,Munschgasse,Kleinmünchen,Von der Höniggasse etwa in südsüdöstlicher Richtung zur Brunnenfeldstraße verlaufend. Benannt 1958 nach dem Linzer Kunstmaler Josef Munsch (1832-1896). - 1934 Schossergasse nach dem Mundartdichter Anton Schosser (1801-1849).,https://www.linz.at/strassennamen/Default.asp?action=strassendetail&ID=2557,,,Josef Munsch,Q21464258,,https://www.wikidata.org/wiki/Q21464258,Josef Munsch,male,history painter,1832-10-04,1896-02-28
strasse_2558,2558,Museumstraße,Linz,Nach dem Objekt Graben 9 etwa in ostnordöstlicher Richtung zur Huemerstraße verlaufend. Benannt 1889 nach dem Museum Francisco-Carolinum (eröffnet 1895). - Der Teil vom Graben bis zum Haus Museumstraße 11 hieß schon im 15. Jahrhundert und noch bis 1869 Welsergäßchen. Im 18. Jahrhundert Obere Lederergasse. Vor 1889 Teil der Kaplanhofstraße.,https://www.linz.at/strassennamen/Default.asp?action=strassendetail&ID=2558,Q106686177,https://www.wikidata.org/wiki/Q106686177,,,,,,,,,
strasse_2559,2559,Musilweg,Ebelsberg,Von der Ennsfeldstraße etwa in nordnordwestlicher Richtung zum Kafkaweg verlaufend. Benannt 1993 nach dem Schriftsteller Robert Musil (1880-1942).,https://www.linz.at/strassennamen/Default.asp?action=strassendetail&ID=2559,,,Robert Musil,Q78487,,https://www.wikidata.org/wiki/Q78487,Robert Musil,male,writer,1880-11-06,1942-04-15
strasse_2561,2561,Naturfreundeweg,Urfahr,"Auf der Kammkrone des Hochwasserschutzdammes auf der nördlichen Donauseite von der Eisenbahnbrücke bis zur Stadtgrenze zu Steyregg verlaufend. Benannt 1998 nach dem Touristenverein ""Die Naturfreunde"".",https://www.linz.at/strassennamen/Default.asp?action=strassendetail&ID=2561,,,,,,,,,,,
strasse_3479,3479,Nauheimerstraße,Waldegg,"Von der Reisetbauerstraße mit einer Unterbrechung etwa in nordwestlicher Richtung zur Leondinger Straße verlaufend. Benannt 2023 nach Stefanie Nauheimer (1868-1946), Frauenrechtlerin und Lehrervertreterin. 1957-2023 Pfitznerstraße nach dem Komponisten Hans Pfitzner (1869-1949).",https://www.linz.at/strassennamen/Default.asp?action=strassendetail&ID=3479,,,Stefanie Nauheimer,Q1659479,,https://www.wikidata.org/wiki/Q1659479,Stefanie Nauheimer,female,teacher,1868-11-18,1946-04-29
strasse_2562,2562,Nebingerstraße,Lustenau,"Vom Ende der Industriezeile etwa in östlicher Richtung verlaufende Sackgasse. Benannt 1967 nach dem Großkaufmann, Vizepräsidenten der Handelskammer und Gemeinderat Carl Friedrich Nebinger (1813-1882).",https://www.linz.at/strassennamen/Default.asp?action=strassendetail&ID=2562,,,Carl Friedrich Nebinger,,,,,,,,
strasse_2563,2563,Negrelliweg,Kleinmünchen,"Vor dem Objekt In der Auerpeint 7 etwa in südsüdöstlicher Richtung zum Flötzerweg verlaufend. Benannt 1943 nach dem Vorkämpfer für den Bau des Suezkanals, dem Verkehrstechniker Alois Negrelli Ritter von Moldelbe (1799-1858).",https://www.linz.at/strassennamen/Default.asp?action=strassendetail&ID=2563,,,Alois Negrelli Ritter von Moldelbe,Q78836,,https://www.wikidata.org/wiki/Q78836,Alois Negrelli von Moldelbe,male,engineer,1799-01-23,1858-10-01
strasse_2564,2564,Nelkenweg,Waldegg,Nach dem Objekt Edelweißberg 30 etwa in nordnordwestlicher Richtung verlaufende Sackgasse. Benannt 1958 nach der einheimischen Blumenart.,https://www.linz.at/strassennamen/Default.asp?action=strassendetail&ID=2564,,,,,,,,,,,
strasse_2565,2565,Nestroystraße,Urfahr,Nach dem Objekt Freistädter Straße 20 etwa in südöstlicher Richtung zur Schmiedegasse verlaufend. Benannt 1958 nach dem Dichter und Schauspieler Johann Nestroy (1801-1862).,https://www.linz.at/strassennamen/Default.asp?action=strassendetail&ID=2565,,,Johann Nestroy,Q44862,,https://www.wikidata.org/wiki/Q44862,Johann Nestroy,male,writer,1801-12-07,1862-05-25
strasse_2566,2566,Neubauzeile,Kleinmünchen,Beim Objekt Flötzerweg 90 etwa in westsüdwestlicher bzw. südwestlicher Richtung zur Stadtgrenze mit Traun verlaufend. Benannt 1954 nach den dort aufgeführten Neubauten. - Vorher inoffiziell Zöhrdorferstraße nach dem gleichnamigen Bauernhof.,https://www.linz.at/strassennamen/Default.asp?action=strassendetail&ID=2566,,,,,,,,,,,
strasse_2576,2576,Neufahrergasse,Katzbach,"Nach dem Objekt Leonfeldner Straße 257 vorerst in westlicher, dann in südlicher und östlicher Richtung zurück zur Leonfeldner Straße verlaufend. Benannt 1960 nach dem im 16. Jahrhundert in Linz wirkenden Medailleur Ludwig Neufahrer.",https://www.linz.at/strassennamen/Default.asp?action=strassendetail&ID=2576,,,Ludwig Neufahrer,Q60843512,,https://www.wikidata.org/wiki/Q60843512,Ludwig Neufarer,male,goldsmith,1500-01-01,1563-01-01
strasse_2577,2577,Neufelderstraße,"Ufer, Posch","Beim Bahndurchlaß am Ende des Panholzerwegs beginnend, vorerst etwa in nördlicher, dann in östlicher und südöstlicher Richtung zur Traundorfer Straße verlaufend. Benannt 1954 nach einem Flurnamen.",https://www.linz.at/strassennamen/Default.asp?action=strassendetail&ID=2577,,,,,,,,,,,
strasse_2578,2578,Neugasse,Urfahr,Nach dem Objekt Bernaschekplatz 6 etwa in südwestlicher Richtung zur Kreuzstraße verlaufend. Benannt 1875. Die Bezeichnung ist als neue Gasse zu deuten.,https://www.linz.at/strassennamen/Default.asp?action=strassendetail&ID=2578,,,,,,,,,,,
strasse_2583,2583,Neuhoferstraße,Kleinmünchen,Nach dem Objekt 140 Hausleitnerweg 25 etwa in südsüdöstlicher bzw. südlicher Richtung zum Angerholzerweg verlaufend. Benannt 1951 nach dem Linzer Komponisten und Musiklehrer Franz Neuhofer (1870-1949).,https://www.linz.at/strassennamen/Default.asp?action=strassendetail&ID=2583,,,Franz Neuhofer,Q1442129,,https://www.wikidata.org/wiki/Q1442129,Franz Neuhofer,male,composer,1870-09-08,1949-11-15
strasse_2586,2586,Neutorgasse,Linz,Vor dem Objekt Zollamtstraße 16 etwa in südsüdöstlicher Richtung zum Pfarrplatz verlaufend. Schon vor 1869 so bezeichnet. - Früher Froschtorgasse nach der vorgelagerten Froschau. Auch einbezogen in die Neue Welt.,https://www.linz.at/strassennamen/Default.asp?action=strassendetail&ID=2586,,,,,,,,,,,
strasse_2588,2588,Niedermayrweg,Katzbach,Nach dem Objekt Johann-Wilhelm-Klein-Straße 4 etwa in östlicher Richtung verlaufende Sackgasse. Benannt 1958 nach dem gleichnamigen Bauernhaus.,https://www.linz.at/strassennamen/Default.asp?action=strassendetail&ID=2588,,,,,,,,,,,
strasse_2589,2589,Niedernharter Straße,Waldegg,"Nach dem Objekt Wankmüllerhofstraße 28 etwa in westsüdwestlicher bzw. westlicher Richtung zur Hanuschstraße verlaufend. Benannt 1954. Der Name ""Hart"" bedeutet Wald, Weidewald.",https://www.linz.at/strassennamen/Default.asp?action=strassendetail&ID=2589,,,,,,,,,,,
strasse_2591,2591,Niederreithstraße,Waldegg,Nach dem Objekt Sophiengutstraße 13 etwa in südwestlicher und südlicher Richtung zur Kudlichstraße und weiter zur Waldeggstraße verlaufend. Benannt 1907. Das Wort bedeutet tiefergelegene Rodung.,https://www.linz.at/strassennamen/Default.asp?action=strassendetail&ID=2591,,,,,,,,,,,
strasse_2592,2592,Nietzschestraße,Linz,Gegenüber den Objekten Lederergasse 45 und 47 etwa in südsüdöstlicher Richtung zur Weißenwolffstraße verlaufend. Benannt 1940 nach dem Philosophen Friedrich Nietzsche (1844-1900).,https://www.linz.at/strassennamen/Default.asp?action=strassendetail&ID=2592,,,Friedrich Nietzsche,Q9358,,https://www.wikidata.org/wiki/Q9358,Friedrich Nietzsche,male,philosopher,1844-10-15,1900-08-25
strasse_2593,2593,Nikolaus-Otto-Straße,Waldegg,Von der Hertzstraße etwa in nördlicher Richtung zur Edisonstraße verlaufend. Benannt 1956 nach dem Erfinder des Gasmotors und der ersten Viertaktmaschine Nikolaus Otto (1832-1891).,https://www.linz.at/strassennamen/Default.asp?action=strassendetail&ID=2593,,,Nikolaus Otto,Q75782,,https://www.wikidata.org/wiki/Q75782,Nicolaus Otto,male,engineer,1832-06-10,1891-01-26
strasse_2594,2594,Nißlstraße,Urfahr,Nach dem Objekt Aubergstraße 43 etwa in südsüdwestlicher Richtung zur Prandtauerstraße verlaufend. Benannt 1902 nach dem bei den Kämpfen in Wien im Oktober 1848 gefallenen Hauptmann der Urfahrer Nationalgarde Mathias Nißl (geb. 1809).,https://www.linz.at/strassennamen/Default.asp?action=strassendetail&ID=2594,,,Mathias Nißl,Q1908525,,https://www.wikidata.org/wiki/Q1908525,Mathias Nißl,male,,1809-08-27,1848-10-30
strasse_2597,2597,Noßbergerstraße,Linz,"Nach dem Objekt Eisenhandstraße 23 in nördlicher Richtung verlaufende Sackgasse. Benannt 1892 nach dem Kaufmann Ferdinand Noßberger (1817-1891), der beträchtliche Stiftungen errichtete.",https://www.linz.at/strassennamen/Default.asp?action=strassendetail&ID=2597,,,Ferdinand Noßberger,Q1405655,,https://www.wikidata.org/wiki/Q1405655,Ferdinand Nossberger,male,merchant,1817-09-26,1891-05-27
strasse_2598,2598,Novaragasse,Waldegg,Nach dem Objekt Unionstraße 27 etwa in südöstlicher Richtung zur Brucknerstraße verlaufend. Benannt 1899 zur Erinnerung an den Sieg Österreichs über Italien in der Schlacht bei Novara am 23. März 1849.,https://www.linz.at/strassennamen/Default.asp?action=strassendetail&ID=2598,,,,,,,,,,,
strasse_2600,2600,Nußbaumstraße,Pöstlingberg,Beim Objekt Gründbergstraße 28 etwa in nordwestlicher Richtung entlang des Höllmühlbaches verlaufende Sackgasse. Benannt 1975 nach der Baumart.,https://www.linz.at/strassennamen/Default.asp?action=strassendetail&ID=2600,,,,,,,,,,,
strasse_2601,2601,Obachplatz,Lustenau,"Platz innerhalb des Bundesbahnwohnblocks (Füchselgut-Reihenhäuser). Benannt 1958 nach Theobald Obach (1843-1887), einem Pionier im Seilbahnbau.",https://www.linz.at/strassennamen/Default.asp?action=strassendetail&ID=2601,,,Theobald Obach,Q2417080,,https://www.wikidata.org/wiki/Q2417080,Theobald Obach,male,entrepreneur,1843-09-30,1887-06-19
strasse_2602,2602,Oberbairinger Straße,Katzbach,Im Anschluß an die Magdalenastraße in mehreren Windungen etwa in nordnordöstlicher bzw. nördlicher Richtung zur Stadtgrenze mit Altenberg verlaufend. Benannt 1954 nach der Katastralgemeinde Oberbairing.,https://www.linz.at/strassennamen/Default.asp?action=strassendetail&ID=2602,,,,,,,,,,,
strasse_2604,2604,Obere Donaulände,Linz,"Vom rechten Brückenkopf der Nibelungenbrücke stromaufwärts entlang der Donau bis St. Margarethen. Benannt 1869. - Vorher bestand sie aus den vier Teilstücken An der Donaubrücke, Am oberen Wassertor, Obere Donaulände und Kalvarienwände. Im 18. Jahrhundert Calvariwänd.",https://www.linz.at/strassennamen/Default.asp?action=strassendetail&ID=2604,Q106715025,https://www.wikidata.org/wiki/Q106715025,,,,,,,,,
strasse_2605,2605,Obere Donaustraße,Urfahr,Vom linken Brückenkopf der Nibelungenbrücke stromaufwärts entlang Donau zur Rudolfstraße laufend. Benannt 1919.- Seit dem 16. Jahrhundert Am Gries (= Ufersand).,https://www.linz.at/strassennamen/Default.asp?action=strassendetail&ID=2605,,,,,,,,,,,
strasse_2614,2614,Oberfeldstraße,Lustenau,"Vor dem Objekt Wiener Straße 125 etwa in östlicher Richtung zur Heizhausstraße verlaufend. Früher übersetzte sie über die ""Posseltbrücke"" den Aufstellbahnhof und mündete beim Kefergut in die St.-Peter-Straße. Benannt 1912, neuerdings benannt 1921 nach einer alten Flurbezeichnung.",https://www.linz.at/strassennamen/Default.asp?action=strassendetail&ID=2614,,,,,,,,,,,
strasse_2615,2615,Oberladtstraße,Pöstlingberg,Vor dem Objekt Emil-Futter-Straße 22 etwa in südwestlicher Richtung zum Schablederweg verlaufend. Benannt 1954 nach einem Flurnamen.,https://www.linz.at/strassennamen/Default.asp?action=strassendetail&ID=2615,,,,,,,,,,,
strasse_2617,2617,Obermüllnerweg,Katzbach,Nach dem Objekt Sandbachweg 3 etwa in ostnordöstlicher Richtung zur Hofmannstraße verlaufend. Benannt 1957 nach dem Bezirkshauptmann und Ehrenbürger von Urfahr Carl Obermüllner (1831-1898).,https://www.linz.at/strassennamen/Default.asp?action=strassendetail&ID=2617,,,Carl Obermüllner,,,,,,,,
strasse_2619,2619,Ödmühlweg,Katzbach,"Gegenüber dem Objekt Leonfeldner Straße 287 vorerst etwa in südsüdöstlicher, dann in nordöstlicher Richtung verlaufende Sackgasse. Benannt 1958 nach der gleichnamigen Mühle.",https://www.linz.at/strassennamen/Default.asp?action=strassendetail&ID=2619,,,,,,,,,,,
strasse_2620,2620,Ödwiesenstraße,Katzbach,"Nach dem Objekt Haselgrabenweg 6 vorerst etwa in östlicher, dann in südsüdöstlicher Richtung zur Ferdinand-Markl-Straße verlaufend. Benannt 1968 nach einer alten Flurbezeichnung.",https://www.linz.at/strassennamen/Default.asp?action=strassendetail&ID=2620,,,,,,,,,,,
strasse_2621,2621,Ohmstraße,Waldegg,Von der Hertzstraße etwa in nördlicher Richtung zur Edisonstraße verlaufend. Benannt 1958 nach dem Physiker Georg Simon Ohm (1789-1854).,https://www.linz.at/strassennamen/Default.asp?action=strassendetail&ID=2621,,,Georg Simon Ohm,Q1585,,https://www.wikidata.org/wiki/Q1585,Georg Simon Ohm,male,physicist,1789-03-16,1854-07-06
strasse_2622,2622,Oidener Straße,"Ufer, Posch, Pichling","Nach dem Objekt Traundorfer Straße 144 vorerst etwa in südöstlicher, dann in östlicher, wiederum in südöstlicher und schließlich in südlicher Richtung zur Pichlinger Straße verlaufend. Benannt 1954 nach der gleichnamigen Konskriptionsortschaft.",https://www.linz.at/strassennamen/Default.asp?action=strassendetail&ID=2622,,,,,,,,,,,
strasse_3429,3429,OK Platz,Linz,"Der vom Offenen Kulturhaus, dem Neubau an der Dametzstraße, der Harrachstraße und der Rückseite des Landeskulturzentrums Ursulinenhof gebildete Platz wird 2007 OK Platz benannt.",https://www.linz.at/strassennamen/Default.asp?action=strassendetail&ID=3429,,,,,,,,,,,
strasse_2623,2623,Olof-Palme-Weg,Kleinmünchen,Von der Hallestraße etwa in westlicher Richtung zur Auwiesenstraße (Nebenfahrbahn) verlaufend. Benannt 1992 nach dem schwedischen Ministerpräsidenten Olof Palme (1927-1986).,https://www.linz.at/strassennamen/Default.asp?action=strassendetail&ID=2623,,,Olof Palme,Q53713,,https://www.wikidata.org/wiki/Q53713,Olof Palme,male,politician,1927-01-30,1986-02-28
strasse_2624,2624,Ontlstraße,Urfahr,"Nach dem Objekt Leonfeldner Straße 38 vorerst in östlicher, dann in nordöstlicher Richtung zur Linken Brückenstraße verlaufend. Benannt 1942 nach dem letzten Kommandanten des Linzer Infanterie-Regiments Nr. 14, Oberst August von Ontl (1860-1921). - 1942 vorerst Dr.-Eckinger-Straße nach dem Ritterkreuzträger des 2. Weltkrieges Major Dr. Sepp Eckinger.",https://www.linz.at/strassennamen/Default.asp?action=strassendetail&ID=2624,,,August von Ontl,Q60819460,,https://www.wikidata.org/wiki/Q60819460,August von Ontl,male,military officer,1860-08-10,1921-02-25
strasse_2625,2625,Orchideenweg,Kleinmünchen,Nach dem Objekt Flötzerweg 28 etwa in nordnordwestlicher Richtung verlaufende Sackgasse. Benannt 1958 nach einer einheimischen Blumenart.,https://www.linz.at/strassennamen/Default.asp?action=strassendetail&ID=2625,,,,,,,,,,,
strasse_3408,3408,Orionstraße,Ufer,"Vom Lunaplatz vorerst in nördlicher, dann in nordöstlicher Richtung verlaufend und dann nach Nordwesten zur verlängerten Suttnerstraße umbiegend. Benannt 2002 nach dem Fixstern Orion.",https://www.linz.at/strassennamen/Default.asp?action=strassendetail&ID=3408,,,,,,,,,,,
strasse_2626,2626,Ottensheimer Straße,Urfahr,"Nach dem Objekt Flußgasse 3 ursprünglich bei der Hauptstraße beginnend etwa in westsüdwestlicher Richtung zur Oberen Donaustraße verlaufend. Benannt 1921 als Richtungsbezeichnung. - Seit dem 16. Jahrhundert Am Gries, später Alte Ottensheimer Straße. 1875 Maximilianstraße nach dem Erbauer der Linzer Befestigungstürme Erzherzog Maximilian d Este 1782-1863.",https://www.linz.at/strassennamen/Default.asp?action=strassendetail&ID=2626,Q52269389,https://www.wikidata.org/wiki/Q52269389,,,,,,,,,
strasse_2627,2627,Pacherstraße,Kleinmünchen,Nach dem Objekt Gutenbergstraße 26 etwa in westlicher Richtung zur Rintstraße verlaufend. Benannt 1940 nach dem Bildhauer Michael Pacher (um 1435-1498).,https://www.linz.at/strassennamen/Default.asp?action=strassendetail&ID=2627,,,Michael Pacher,Q463922,,https://www.wikidata.org/wiki/Q463922,Michael Pacher,male,painter,1435-01-01,1498-01-01
strasse_2628,2628,Pachingerstraße,Kleinmünchen,"Beim Objekt Dürerstraße 40 etwa in westlicher Richtung zur Franz-Kurz-Straße verlaufend. Benannt 1977 nach dem Sammler und Volksforscher Anton Pachinger (1864-1938), dessen Sammlungen den Grundstock des Stadtmuseums bilden.",https://www.linz.at/strassennamen/Default.asp?action=strassendetail&ID=2628,,,Anton Pachinger,Q592332,,https://www.wikidata.org/wiki/Q592332,Anton Maximilian Pachinger,male,art historian,1864-11-22,1938-11-30
strasse_2629,2629,Pachmayrstraße,Pöstlingberg,"Vor dem Objekt Gründbergstraße 5 vorerst etwa in südwestlicher, dann in nordwestlicher Richtung zur Stadtgrenze mit Lichtenberg verlaufend. Benannt 1943 nach dem gleichnamigen Bauerngut.",https://www.linz.at/strassennamen/Default.asp?action=strassendetail&ID=2629,,,,,,,,,,,
strasse_2631,2631,Panholzerweg,"Ebelsberg, Ufer","Vor dem Objekt Fadingerplatz 1 vorerst etwa in nordöstlicher, dann in östlicher Richtung zur Uferstraße verlaufend. Offiziell benannt 1954 nach dem gleichnamigen Prokuristen der Lack- und Farbenfabrik Christ in Ufer, der nach 1919 Initiator einer öffentlichen Beleuchtung in Ebelsberg war. Im Volksmund wurde die Verkehrsfläche schon vorher so bezeichnet.",https://www.linz.at/strassennamen/Default.asp?action=strassendetail&ID=2631,,,Panholzer,,,,,,,,
strasse_2633,2633,Paracelsusstraße,Waldegg,"Nach dem Objekt Hanuschstraße 20 etwa in westlicher Richtung verlaufende Sackgasse. Benannt 1963 nach dem Arzt und Naturforscher Theophrastus von Hohenheim, genannt Paracelsus (1493-1541).",https://www.linz.at/strassennamen/Default.asp?action=strassendetail&ID=2633,,,"Theophrastus von Hohenheim, genannt Paracelsus",Q83428,,https://www.wikidata.org/wiki/Q83428,Paracelsus,male,physician,1493-11-10,1541-09-24
strasse_2635,2635,Parzhofstraße,Urfahr,"Von der Rosenauerstraße etwa in südwestlicher Richtung zur Aubergstraße verlaufend. Benannt 1901 nach dem alten Parzhof, der 1586 zum Edelmannssitz Auerberg erhoben wurde.",https://www.linz.at/strassennamen/Default.asp?action=strassendetail&ID=2635,,,,,,,,,,,
strasse_2636,2636,Passaustraße,Posch,"Vom Straßenzug ""Im Südpark"" vorerst in nordnordöstlicher Richtung verlaufend, dann in nordwestliche Richtung umbiegend und in südwestlicher Richtung zum Straßenzug ""Im Südpark"" zurückführend. Benannt 1997 nach der deutschen Stadt Passau.",https://www.linz.at/strassennamen/Default.asp?action=strassendetail&ID=2636,,,,,,,,,,,
strasse_2637,2637,Paul-Hahn-Straße,Linz,Nach dem Objekt Derfflingerstraße 8 etwa in südöstlicher Richtung verlaufende Sackgasse. Benannt 1951 nach dem Direktor des Wirtschaftshofes Paul Hahn (1876-1949).,https://www.linz.at/strassennamen/Default.asp?action=strassendetail&ID=2637,,,Paul Hahn,,,,,,,,
strasse_3414,3414,Paula-Scherleitner-Weg,Lustenau,Von der Garnisonstraße etwa in südlicher Richtung verlaufend und gegenüber der Abzweigung der Robert-Koch-Straße in die Krankenhausstraße/Darrgutstraße einmündend. Benannt 2002 nach der ehemaligen Leiterin des Allgemeinen Krankenhauses Linz Paula Scherleitner (1897-1978).,https://www.linz.at/strassennamen/Default.asp?action=strassendetail&ID=3414,,,Paula Scherleitner,Q2063595,,https://www.wikidata.org/wiki/Q2063595,Paula Scherleitner,female,radiologist,1897-04-08,1978-12-29
strasse_2639,2639,Pechrerstraße,Waldegg,"Nach dem Objekt Tungassingerstraße 16 vorerst etwa in nördlicher, dann in westlicher Richtung verlaufende Sackgasse. Benannt 1945 nach einer einflußreichen mittelalterlichen Linzer Bürgerfamilie, die den ersten Bürgermeister stellte. - 1940 Treintstraße nach Karl Treint, der beim nationalsozialistischen Juliputsch 1934 erschossen wurde.",https://www.linz.at/strassennamen/Default.asp?action=strassendetail&ID=2639,,,,,,,,,,,
strasse_3410,3410,Pegasusweg,Ufer,Vom Lunaplatz in westlicher Richtung verlaufend. Benannt 2002 nach dem Sternbild Pegasus.,https://www.linz.at/strassennamen/Default.asp?action=strassendetail&ID=3410,,,,,,,,,,,
strasse_2641,2641,Pergheimerweg,Ebelsberg,"Nach dem Objekt Wambacher Straße 54 vorerst etwa in nordwestlicher, dann in südwestlicher und südöstlicher Richtung wiederum zur Wambacher Straße zurückführend. Benannt 1954 nach einem Ebelsberger Adelsgeschlecht.",https://www.linz.at/strassennamen/Default.asp?action=strassendetail&ID=2641,,,,,,,,,,,
strasse_2644,2644,Pestalozzistraße,Kleinmünchen,Von der Höniggasse (früher von der Salzburger Straße) etwa in südsüdöstlicher Richtung zur Denkstraße verlaufend. Benannt 1934 nach dem Schweizer Pädagogen Johann Heinrich Pestalozzi (1746-1827). - 1929 Alfons-Petzold-Straße nach dem sozialdemokratischen Schriftsteller Alfons Petzold (1882-1923). Vorher Friedhofstraße in Kleinmünchen.,https://www.linz.at/strassennamen/Default.asp?action=strassendetail&ID=2644,Q50977820,https://www.wikidata.org/wiki/Q50977820,Johann Heinrich Pestalozzi,Q105428,,https://www.wikidata.org/wiki/Q105428,Johann Heinrich Pestalozzi,male,pedagogue,1746-01-12,1827-02-17
strasse_2645,2645,Peteanistraße,Kleinmünchen,Nach dem Objekt Schumannstraße 140 etwa in westsüdwestlicher Richtung zum Zeillergang verlaufend. Benannt 1961 nach der Linzer Schriftstellerin Maria von Peteani (1888-1960).,https://www.linz.at/strassennamen/Default.asp?action=strassendetail&ID=2645,,,Maria von Peteani,Q1896523,,https://www.wikidata.org/wiki/Q1896523,Maria von Peteani,female,writer,1888-02-02,1960-07-28
strasse_3452,3452,Peter-Behrens-Platz,Linz,Der Innenhof der Tabakfabrik wird 2012 nach dem Architekten Peter Behrens (1868-1940) benannt.,https://www.linz.at/strassennamen/Default.asp?action=strassendetail&ID=3452,,,Peter Behrens,Q76726,,https://www.wikidata.org/wiki/Q76726,Peter Behrens,male,poster artist,1868-04-14,1940-02-27
strasse_2646,2646,Petrinumstraße,Urfahr,Nach dem Objekt Knabenseminarstraße 41 etwa in westnordwestlicher Richtung zum Kreuzweg verlaufend. Benannt 1954 nach dem von Bischof Franz Maria Doppelbauer errichteten Knabenseminar Collegium Petrinum. - Ab 1902 Pöstlingbergstraße.,https://www.linz.at/strassennamen/Default.asp?action=strassendetail&ID=2646,,,,,,,,,,,
strasse_2648,2648,Petzoldstraße,Lustenau,Nach dem Objekt Hafenstraße 12 etwa in südöstlicher Richtung zur Derfflingerstraße verlaufend. Benannt 1955 nach dem österreichischen Arbeiterdichter Alfons Petzold (1882-1923). - 1921 Wirtschaftshofstraße.,https://www.linz.at/strassennamen/Default.asp?action=strassendetail&ID=2648,,,Alfons Petzold,Q1331377,,https://www.wikidata.org/wiki/Q1331377,Alfons Petzold,male,writer,1882-09-24,1923-01-25
strasse_2650,2650,Peuerbachstraße,Urfahr,Nach dem Objekt Freistädter Straße 28 etwa in südöstlicher Richtung mit einer Unterbrechung zur Ferihumerstraße verlaufend. Benannt 1942 nach dem Astronomen Georg von Peuerbach (1423-1461). - Ab 1934 Bischof-Hittmair-Straße.,https://www.linz.at/strassennamen/Default.asp?action=strassendetail&ID=2650,,,Georg von Peuerbach,Q84289,,https://www.wikidata.org/wiki/Q84289,Georg von Peuerbach,male,astronomer,1423-05-30,1461-04-08
strasse_3413,3413,Pfaffingerweg,Kleinmünchen,Vor dem Objekt Hausleitnerweg 43 etwa in südöstlicher Richtung zur Spaunstraße verlaufend. Benannt 2002 nach der Malerin Michaela Pfaffinger (1863-1898).,https://www.linz.at/strassennamen/Default.asp?action=strassendetail&ID=3413,,,Michaela Pfaffinger,Q1323687,,https://www.wikidata.org/wiki/Q1323687,Michaela Pfaffinger,female,painter,1863-01-28,1898-09-09
strasse_2651,2651,Pfarrgasse,Linz,Nach dem Objekt Hauptplatz 30 etwa in ostnordöstlicher Richtung zum Pfarrplatz verlaufend. Benannt 1869 nach ihrem Verlauf zur Stadtpfarrkirche. - Seit dem Spätmittelalter Obere Pfarrgasse.,https://www.linz.at/strassennamen/Default.asp?action=strassendetail&ID=2651,Q106635022,https://www.wikidata.org/wiki/Q106635022,,,,,,,,,
strasse_2652,2652,Pfarrplatz,Linz,Um die Stadtpfarrkirche. Altbenannt.,https://www.linz.at/strassennamen/Default.asp?action=strassendetail&ID=2652,Q106635024,https://www.wikidata.org/wiki/Q106635024,,,,,,,,,
strasse_2653,2653,Pfeifferstraße,Urfahr,"Nach dem Objekt Aubergstraße 31 vorerst etwa in westsüdwestlicher, dann in südwestlicher und südlicher Richtung zur Prandtauerstraße verlaufend. Benannt 1904 nach dem Gemeindeausschußmitglied von Urfahr, dem Kaufmann Georg Pfeiffer (1831-1897).",https://www.linz.at/strassennamen/Default.asp?action=strassendetail&ID=2653,,,Georg Pfeiffer,,,,,,,,
strasse_2654,2654,Pferdebahnpromenade,Katzbach,"Nach dem Objekt Magdalenastraße 50 vorerst etwa in südlicher, dann in ostnordöstlicher Richtung zum Schatzweg verlaufend. Folgt der Trasse der ehemaligen Pferdeeisenbahn Linz-Budweis. Benannt 1954.",https://www.linz.at/strassennamen/Default.asp?action=strassendetail&ID=2654,,,,,,,,,,,
strasse_2657,2657,Pflanzlgasse,Urfahr,Nach dem Objekt Prunbauerstraße 26 etwa in nordnordöstlicher Richtung zum Urnenhainweg verlaufend. Benannt 1954 nach dem aus Urfahr gebürtigen Mundartdichter Otto Pflanzl (1865-1943).,https://www.linz.at/strassennamen/Default.asp?action=strassendetail&ID=2657,,,Otto Pflanzl,Q113857,,https://www.wikidata.org/wiki/Q113857,Otto Pflanzl,male,writer,1865-08-17,1943-09-22
strasse_2658,2658,Piccolominigasse,Ebelsberg,"Nach dem Objekt Marktmühlgasse 17 etwa in südöstlicher Richtung zur Kremsmünsterer Straße verlaufend. Benannt 1960 nach dem Sekretär Kaiser Friedrichs III. und nachmaligen Papst Pius II. Enea Silvio Piccolomini (1405-1464), der 1444 in einem Brief eine Beschreibung des Schlosses Ebelsberg gab.",https://www.linz.at/strassennamen/Default.asp?action=strassendetail&ID=2658,,,Enea Silvio Piccolomini,Q101437,,https://www.wikidata.org/wiki/Q101437,Pius II,male,Catholic priest,1405-10-18,1464-08-14
strasse_2659,2659,Pichlerstraße,Urfahr,Nach dem Objekt Am Grünen Hang 4 etwa in nordnordwestlicher Richtung zur Riesenhofstraße verlaufend. Benannt 1909 nach dem Urfahrer Gemeindeausschußmitglied und Kaufmann Karl Pichler (1860-1907).,https://www.linz.at/strassennamen/Default.asp?action=strassendetail&ID=2659,,,Karl Pichler,,,,,,,,
strasse_2660,2660,Pichlinger Straße,Pichling,"Von der Wiener Straße gegenüber der Einmündung der Schiltenbergstraße vorerst in ostnordöstlicher, dann in südöstlicher Richtung zum Straßenzug Im Südpark verlaufend. Benannt 1954 nach der gleichnamigen Katastralgemeinde.",https://www.linz.at/strassennamen/Default.asp?action=strassendetail&ID=2660,,,,,,,,,,,
strasse_2661,2661,Pillweinstraße,Waldegg,Nach dem Objekt Unionstraße 9 etwa in südsüdöstlicher bzw. südlicher Richtung verlaufende Sackgasse. Benannt 1897 nach dem Topographen Oberösterreichs Benedikt Pillwein (1779-1847).,https://www.linz.at/strassennamen/Default.asp?action=strassendetail&ID=2661,,,Benedikt Pillwein,Q816990,,https://www.wikidata.org/wiki/Q816990,Benedikt Pillwein,male,historian,1779-11-26,1847-01-27
strasse_2662,2662,Piringerhofstraße,Waldegg,Als Fortsetzung der Roseggerstraße etwa in südsüdwestlicher Richtung zum Piringerhof verlaufend. Benannt 1957 nach dem gleichnamigen Bauerngut.,https://www.linz.at/strassennamen/Default.asp?action=strassendetail&ID=2662,,,,,,,,,,,
strasse_2663,2663,Pittermannweg,Kleinmünchen,Von der Kreiskystraße etwa in südwestlicher Richtung zur Auwiesenstraße (Nebenfahrbahn) verlaufend. Benannt 1992 nach dem Vizekanzler und SPÖ-Parteivorsitzenden Bruno Pittermann (1905-1983).,https://www.linz.at/strassennamen/Default.asp?action=strassendetail&ID=2663,,,Bruno Pittermann,Q85112,,https://www.wikidata.org/wiki/Q85112,Bruno Pittermann,male,politician,1905-09-03,1983-09-19
strasse_2665,2665,Planckstraße,Lustenau,"Gegenüber dem Objekt Prinz-Eugen-Straße 11 etwa in südsüdöstlicher Richtung zur Hittmairstraße verlaufend. Benannt 1928 nach dem ersten Linzer Buchdrucker Hans Planck, dessen Werkstatt an der Lederergasse im Bauernkrieg von 1626 niederbrannte.",https://www.linz.at/strassennamen/Default.asp?action=strassendetail&ID=2665,,,Hans Planck,,,,,,,,
strasse_2671,2671,Pleschinger Straße,Katzbach,Vor dem Objekt Freistädter Straße 250 etwa in östlicher Richtung zum Haselbach verlaufend. Benannt 1939 nach der gleichnamigen Ortschaft.,https://www.linz.at/strassennamen/Default.asp?action=strassendetail&ID=2671,,,,,,,,,,,
strasse_2674,2674,Pochestraße,Linz,"Nach dem Objekt Dametzstraße 9 etwa in ostnordöstlicher Richtung zur Fadingerstraße verlaufend. Benannt 1941 nach dem Kaufmann, Bürgermeister und Ehrenbürger der Stadt Linz Franz Poche (1844-1916).",https://www.linz.at/strassennamen/Default.asp?action=strassendetail&ID=2674,,,Franz Poche,Q41693204,,https://www.wikidata.org/wiki/Q41693204,Franz Poche,male,banker,1844-02-29,1916-04-02
strasse_3423,3423,Polgarweg,Ebelsberg,"Vom Torbergweg vorerst etwa in südwestlicher Richtung verlaufend, dann etwa nach Südosten umbiegend. Benannt 1994 nach dem Theaterkritiker Alfred Polgar (1873-1955).",https://www.linz.at/strassennamen/Default.asp?action=strassendetail&ID=3423,,,Alfred Polgar,Q45287,,https://www.wikidata.org/wiki/Q45287,Alfred Polgar,male,writer,1873-10-17,1955-04-24
strasse_2678,2678,Pollheimerstraße,Waldegg,"Nach dem Objekt Landwiedstraße 13 etwa in nordöstlicher Richtung zur Kefergutstraße verlaufend. Benannt 1945 nach einem alten oberösterreichischen Adelsgeschlecht. - 1940 Saureisstraße nach Franz Saureis (1904-1934), der am nationalsozialistischen Juliputsch von 1934 beteiligt war.",https://www.linz.at/strassennamen/Default.asp?action=strassendetail&ID=2678,,,,,,,,,,,
strasse_3409,3409,Polluxweg,Ufer,"Von der Neufelderstraße vorerst in nördlicher, dann in östlicher und nordöstlicher Richtung zur Andromedastraße verlaufend. Benannt 2002 nach dem Fixstern Pollux.",https://www.linz.at/strassennamen/Default.asp?action=strassendetail&ID=3409,,,,,,,,,,,
strasse_2683,2683,Poschacherstraße,Lustenau,Vom Bulgariplatz etwa in östlicher Richtung zur Heizhausstraße verlaufend. Benannt 1899 nach der an dieser Straße situierten ehemaligen Poschacher-Brauerei.,https://www.linz.at/strassennamen/Default.asp?action=strassendetail&ID=2683,,,,,,,,,,,
strasse_2675,2675,Pösmayersteig,Urfahr,Vom Kreuzweg nach dem Soldatenfriedhof etwa in westlicher Richtung zum Pösmayergut verlaufend. Benannt 1958 nach dem gleichnamigen Bauerngut.,https://www.linz.at/strassennamen/Default.asp?action=strassendetail&ID=2675,,,,,,,,,,,
strasse_2684,2684,Posthofstraße,Lustenau,Nach dem Objekt Am Fünfundzwanziger Turm 11 etwa in südöstlicher Richtung verlaufende Sackgasse. Benannt 1946 nach dem an dieser Straße liegenden Posthof.,https://www.linz.at/strassennamen/Default.asp?action=strassendetail&ID=2684,,,,,,,,,,,
strasse_2685,2685,Postlstraße,Ebelsberg,"Vom Hauderweg vorerst in südlicher, dann in östlicher Richtung zur Resselstraße verlaufend. Benannt 1974 nach dem Ebelsberger Bürgermeister und Landtagsabgeordneten Rudolf Postl (1862-1939).",https://www.linz.at/strassennamen/Default.asp?action=strassendetail&ID=2685,,,Rudolf Postl,Q30230739,,https://www.wikidata.org/wiki/Q30230739,Rudolf Postl,male,politician,1862-04-15,1939-12-09
strasse_2686,2686,Prager Straße,Urfahr,Nach dem Objekt Linke Brückenstraße 10 etwa in nordöstlicher Richtung verlaufende Sackgasse. Benannt 1943 zur Erinnerung an den für Linz bedeutenden Handelsweg nach Prag.,https://www.linz.at/strassennamen/Default.asp?action=strassendetail&ID=2686,,,,,,,,,,,
strasse_2687,2687,Prandtauerstraße,Urfahr,"Von der Kreuzung Landgutstraße - Brennerstraße vorerst etwa in westnordwestlicher, dann in südsüdwestlicher Richtung zur Brennerstraße verlaufend. Benannt 1935 nach dem Barockbaumeister und Bildhauer Jakob Prandtauer (1660-1726).",https://www.linz.at/strassennamen/Default.asp?action=strassendetail&ID=2687,,,Jakob Prandtauer,Q78710,,https://www.wikidata.org/wiki/Q78710,Jakob Prandtauer,male,architect,1660-06-06,1726-09-16
strasse_2688,2688,Prechtlerstraße,Kleinmünchen,Vor dem Objekt Salzburger Straße 31 etwa in südsüdöstlicher Richtung zur Brunnenfeldstraße verlaufend. Benannt 1929 nach dem oberösterreichischen Dichter Otto Prechtler 1813-1881.,https://www.linz.at/strassennamen/Default.asp?action=strassendetail&ID=2688,,,Otto Prechtler,Q1695915,,https://www.wikidata.org/wiki/Q1695915,Otto Prechtler,male,writer,1813-01-21,1881-08-06
strasse_2689,2689,Preglstraße,Waldegg,Nach dem Objekt Kefergutstraße 38 etwa in südlicher Richtung zur Kuefsteinerstraße verlaufend. Benannt 1957 nach dem österreichischen Chemiker und Nobelpreisträger Fritz Pregl (1869-1930).,https://www.linz.at/strassennamen/Default.asp?action=strassendetail&ID=2689,,,Fritz Pregl,Q78482,,https://www.wikidata.org/wiki/Q78482,Fritz Pregl,male,chemist,1869-09-03,1930-12-13
strasse_2693,2693,Prinz-Eugen-Straße,Lustenau,Im Anschluß an die Goethestraße etwa in ostnordöstlicher Richtung mit einer Unterbrechung zur Ehrentletzbergerstraße verlaufend. Benannt 1913 nach dem österreichischen Feldherrn Prinz Eugen von Savoyen (1663-1736).,https://www.linz.at/strassennamen/Default.asp?action=strassendetail&ID=2693,,,Prinz Eugen von Savoyen,Q152428,,https://www.wikidata.org/wiki/Q152428,Eugene of Savoy,male,military officer,1663-10-18,1736-04-21
strasse_2694,2694,Pritzstraße,Kleinmünchen,Nach dem Objekt Schörgenhubstraße 6 etwa in westlicher Richtung zur A7 verlaufende Sackgasse. Benannt 1935 nach dem oberösterreichischen Historiker Franz Xaver Pritz (1791-1872).,https://www.linz.at/strassennamen/Default.asp?action=strassendetail&ID=2694,,,Franz Xaver Pritz,Q1665163,,https://www.wikidata.org/wiki/Q1665163,Franz Xaver Pritz,male,historian,1791-11-04,1872-03-22
strasse_2696,2696,Probstaustraße,Posch,"Von der Schwaigaustraße vorerst etwa in östlicher, dann in südöstlicher Richtung zur Stadtgrenze mit Asten verlaufend. Benannt 1954 nach einer Flurbezeichnung.",https://www.linz.at/strassennamen/Default.asp?action=strassendetail&ID=2696,,,,,,,,,,,
strasse_2698,2698,Promenade,Linz,"Nach dem Objekt Schmidtorstraße 8 vorerst etwa in westsüdwestlicher, dann in nordwestlicher Richtung zur Römerstraße verlaufend. Benannt 1869. - Im Spätmittelalter hieß die Gegend Im Baumgarten. 1781 Oberer Graben und Landhausgraben nach der hier verlaufenden Stadtbefestigung. Dann Oberer Graben und Theaterplatz.",https://www.linz.at/strassennamen/Default.asp?action=strassendetail&ID=2698,Q1247031,https://www.wikidata.org/wiki/Q1247031,,,,,,,,,
strasse_2699,2699,Proschkogang,Waldegg,Von der Scheibenpogenstraße in ungefähr nordöstlicher Richtung verlaufende Sackgasse. Benannt 1940 nach dem Volks- und Jugendschriftsteller Franz Isidor Proschko (1816-1891).,https://www.linz.at/strassennamen/Default.asp?action=strassendetail&ID=2699,,,Franz Isidor Proschko,Q87313,,https://www.wikidata.org/wiki/Q87313,Franz Isidor Proschko,male,writer,1816-04-02,1891-02-06
strasse_2701,2701,Prunbauerstraße,Urfahr,Vom Parkplatz Urnenhain etwa in westnordwestlicher Richtung zur Pflanzlgasse verlaufend. Benannt 1954 nach dem gleichnamigen Bauernhof.,https://www.linz.at/strassennamen/Default.asp?action=strassendetail&ID=2701,,,,,,,,,,,
strasse_2703,2703,Prunerstraße,Linz,"Nach dem Objekt Fabrikstraße 8 etwa in südsüdöstlicher Richtung zur Museumstraße verlaufend. Benannt 1869 nach dem Handelsmann und Bürgermeister Johann Adam Pruner (1672-1734), der im Prunerstift eine reich dotierte Armenstiftung errichtete. Die Verbindung zur Museumstraße wurde 1894 hergestellt. - 1771 Eggereckgasse nach dem einstigen Freisitz, an dessen Stelle das Prunerstift errichtet wurde. 1825 Stiftsgasse. Bis 1869 Prunerstiftsgasse.",https://www.linz.at/strassennamen/Default.asp?action=strassendetail&ID=2703,,,Johann Adam Pruner,Q1692248,,https://www.wikidata.org/wiki/Q1692248,Johann Adam Pruner,male,judge,1672-06-22,1734-02-07
strasse_2704,2704,Pulvermühlstraße,Katzbach,Nach dem Objekt Freistädter Straße 227 etwa in nördlicher bzw. nordnordwestlicher Richtung zur Ferdinand-Markl-Straße verlaufend. Benannt 1939 nach einer im 18. Jahrhundert aufgelassenen Pulvermühle.,https://www.linz.at/strassennamen/Default.asp?action=strassendetail&ID=2704,Q110090114,https://www.wikidata.org/wiki/Q110090114,,,,,,,,,
strasse_2705,2705,Pummererstraße,Lustenau,"Vor dem Objekt Industriezeile 51 etwa in ostnordöstlicher Richtung zur Saxingerstraße verlaufend. Benannt 1967 nach dem Großkaufmann, Gemeinderats-, Landtags- und Reichsratsabgeordneten sowie Präsidenten der Handelskammer Anton Georg Pummerer (1813-1866).",https://www.linz.at/strassennamen/Default.asp?action=strassendetail&ID=2705,,,Anton Georg Pummerer,Q17487734,,https://www.wikidata.org/wiki/Q17487734,Anton Georg Pummerer,male,businessperson,1813-10-07,1866-10-03
strasse_2707,2707,Purschkastraße,Kleinmünchen,Nach dem Objekt Salzburger Straße 63 etwa in südsüdöstlicher Richtung zur Brunnenfeldstraße verlaufend. Benannt 1929 nach dem Mundartdichter Pfarrer Norbert Purschka (1813-1898).,https://www.linz.at/strassennamen/Default.asp?action=strassendetail&ID=2707,,,Norbert Purschka,Q60820333,,https://www.wikidata.org/wiki/Q60820333,Norbert Purschka,male,priest,1813-06-06,1898-07-18
strasse_2708,2708,Quergasse,Linz,Nach dem Objekt Museumstraße 25 etwa in nördlicher Richtung zur Lederergasse verlaufend. Benannt 1873 als Kurzform für Querverbindungsstraße.,https://www.linz.at/strassennamen/Default.asp?action=strassendetail&ID=2708,,,,,,,,,,,
strasse_2711,2711,Rabenweg,Pichling,Von der Rathfeldstraße etwa in südwestlicher Richtung verlaufende Sackgasse. Benannt 1958 nach der einheimischen Vogelart.,https://www.linz.at/strassennamen/Default.asp?action=strassendetail&ID=2711,,,,,,,,,,,
strasse_2712,2712,Rädlerweg,Kleinmünchen,"Nach dem Objekt Dauphinestraße 19 vorerst etwa in westsüdwestlicher, dann in südsüdöstlicher Richtung zur Auwiesenstraße verlaufend. Ein zweites Teilstück verläuft etwa in westlicher Richtung parallel zum Weidingerbach zur Schörgenhubstraße. Benannt 1929 nach der ehemaligen, vom Vorarlberger Franz Josef Rädler in der alten Marktmühle (1830) und Schörgenhubmühle (1832) eingerichteten Spinnerei.",https://www.linz.at/strassennamen/Default.asp?action=strassendetail&ID=2712,,,Franz Josef Rädler,,,,,,,,
strasse_2713,2713,Raffelstettner Straße,Pichling,"Gegenüber dem Objekt Pichlinger Straße 52 vorerst etwa in westlicher, dann in ostsüdöstlicher Richtung parallel zur Westbahn bis zur Stadtgrenze mit Asten verlaufend. Benannt 1954 nach der im Gemeindegebiet von Asten gelegenen gleichnamigen Katastralgemeinde, die durch das Zollweistum von Raffelstetten aus dem Beginn des 10. Jahrhunderts überregional bekannt wurde, das unter anderem Linz als Marktort ausweist.",https://www.linz.at/strassennamen/Default.asp?action=strassendetail&ID=2713,,,,,,,,,,,
strasse_2714,2714,Raiffeisenplatz,Linz,"Platz südlich der Raiffeisenzentralbank an der Goethestraße. Benannt 1974 nach Friedrich Wilhelm Raiffeisen (1818-1888), der sich dem Aufbau von Sparkassen- und Darlehenskassenvereinen widmete.",https://www.linz.at/strassennamen/Default.asp?action=strassendetail&ID=2714,,,Friedrich Wilhelm Raiffeisen,Q45141,,https://www.wikidata.org/wiki/Q45141,Friedrich Wilhelm Raiffeisen,male,banker,1818-03-30,1888-03-11
strasse_2715,2715,Raimundstraße,Lustenau,"Nach dem Objekt Wiener Straße 51 vorerst etwa in ostnordöstlicher, dann in östlicher Richtung zur Eisenbahnunterführung bei der Füchselstraße verlaufend. Benannt 1897 nach dem Dichter Ferdinand Raimund (1790-1836).",https://www.linz.at/strassennamen/Default.asp?action=strassendetail&ID=2715,Q106635026,https://www.wikidata.org/wiki/Q106635026,Ferdinand Raimund,Q45025,,https://www.wikidata.org/wiki/Q45025,Ferdinand Raimund,male,playwright,1790-06-01,1836-09-05
strasse_2716,2716,Rainerstraße,Linz,"Nach dem Objekt Landstraße 70 etwa in südsüdwestlicher Richtung zur Volksgartenstraße verlaufend. Benannt 1934 nach dem oberösterreichisch-salzburgischen Infanterieregiment Nr. 59 Erzherzog Rainer. - Im 18. Jahrhundert Neuhäuslweg, dann Feldgasse über das Obere Burgfeld. Ab 1869 Feldstraße.",https://www.linz.at/strassennamen/Default.asp?action=strassendetail&ID=2716,,,,,,,,,,,
strasse_2717,2717,Ramsauerstraße,Waldegg,"Hinter dem Objekt Hatschekstraße 18 vorerst in westlicher, dann in südlicher und südsüdöstlicher Richtung zur Ubellstraße verlaufend. Benannt 1945 nach dem Entdecker des prähistorischen Hallstätter Gräberfeldes, dem Bergmeister Georg Ramsauer (1795-1874). - 1941 Richthofenstraße nach dem erfolgreichen Flieger des Ersten Weltkrieges Manfred Freiherr von Richthofen (1892-1918).",https://www.linz.at/strassennamen/Default.asp?action=strassendetail&ID=2717,,,Georg Ramsauer,Q94380,,https://www.wikidata.org/wiki/Q94380,Johann Georg Ramsauer,male,archaeologist,1795-03-07,1874-01-01
strasse_2718,2718,Rappetsederweg,Katzbach,Vom Esterbachweg etwa in südöstlicher Richtung verlaufende Sackgasse. Benannt 1984 nach dem gleichnamigen Bauerngut.,https://www.linz.at/strassennamen/Default.asp?action=strassendetail&ID=2718,,,,,,,,,,,
strasse_2719,2719,Rathausgasse,Linz,"Nach dem Objekt Hauptplatz 1 etwa in ostnordöstlicher Richtung zum Pfarrplatz verlaufend. Benannt 1869. - 1328 Chirch (= Kirch)gassen. 1500 Untere Pfarrgasse. 1710 Schergengasse, dann wiederum Untere Pfarrgasse.",https://www.linz.at/strassennamen/Default.asp?action=strassendetail&ID=2719,,,,,,,,,,,
strasse_2721,2721,Rathfeldstraße,"Ufer, Pichling","Beim Objekt Oidener Straße 22 vorerst etwa in südlicher, dann in ostsüdöstlicher und südöstlicher Richtung zur Pichlinger Straße verlaufend. Benannt 1954 nach einem Flurnamen.",https://www.linz.at/strassennamen/Default.asp?action=strassendetail&ID=2721,,,,,,,,,,,
strasse_2723,2723,Rauwolfstraße,Waldegg,"Nach dem Objekt Römerstraße 95 etwa in südsüdöstlicher Richtung verlaufende Sackgasse. Benannt 1975 nach dem Arzt, Reiseschriftsteller und Botaniker Leonhard Rauwolf, der von 1588 bis 1596 als Arzt der obderennsischen Stände wirkte.",https://www.linz.at/strassennamen/Default.asp?action=strassendetail&ID=2723,,,Leonhard Rauwolf,Q66514,,https://www.wikidata.org/wiki/Q66514,Leonhard Rauwolf,male,botanist,1535-06-21,1596-09-15
strasse_2724,2724,Rebhuhnweg,Pichling,Nach dem Objekt Rathfeldstraße 44 etwa in südwestlicher Richtung zur Wiener Straße verlaufend. Benannt 1973 nach der gleichnamigen Tierart.,https://www.linz.at/strassennamen/Default.asp?action=strassendetail&ID=2724,,,,,,,,,,,
strasse_3470,3470,Rechbergerstraße,Lustenau,"Nach dem Objekt Poschacherstraße 30 vorerst in südlicher, dann in östlicher Richtung zur Heizhausstraße verlaufend. Benannt 2020 nach der gleichnamigen Firma Rechberger. - Ab 1979 Samesstraße.",https://www.linz.at/strassennamen/Default.asp?action=strassendetail&ID=3470,,,,,,,,,,,
strasse_2725,2725,Rechte Brückenstraße,Linz,Von der Eisenbahnbrücke etwa in südlicher Richtung zur Unteren Donaulände verlaufend. Benannt 1921. - Ab 1903 Brückenstraße.,https://www.linz.at/strassennamen/Default.asp?action=strassendetail&ID=2725,,,,,,,,,,,
strasse_2726,2726,Rechte Donaustraße,Linz,Nach dem Objekt Untere Donaulände 12 in südlicher Richtung zum Pfarrplatz verlaufend. Benannt 1921. - Ab 1869 Donaustraße. Vorher Unter der Eisenkammer.,https://www.linz.at/strassennamen/Default.asp?action=strassendetail&ID=2726,,,,,,,,,,,
strasse_2727,2727,Regensburger Straße,Lustenau,Gegenüber dem Objekt Industriezeile 44 etwa in ostnordöstlicher Richtung zwischen den Hafenbecken 2 und 3 verlaufende Sackgasse. Benannt 1960 wegen der Bedeutung von Regensburg im Donauhandel.,https://www.linz.at/strassennamen/Default.asp?action=strassendetail&ID=2727,,,,,,,,,,,
strasse_2728,2728,Regerstraße,Waldegg,Nach dem Objekt Kudlichstraße 69 etwa in nordwestlicher Richtung zur Leondinger Straße verlaufend. Benannt 1951 nach dem Komponisten Max Reger (1873-1916).,https://www.linz.at/strassennamen/Default.asp?action=strassendetail&ID=2728,,,Max Reger,Q57139,,https://www.wikidata.org/wiki/Q57139,Max Reger,male,composer,1873-03-19,1916-05-11
strasse_2730,2730,Reiherweg,Posch,Nach dem Objekt Ziererfeldstraße 62 etwa in ostsüdöstlicher Richtung zum Biberweg verlaufend. Benannt 1958 nach der einheimischen Vogelart.,https://www.linz.at/strassennamen/Default.asp?action=strassendetail&ID=2730,,,,,,,,,,,
strasse_2731,2731,Reindlstraße,Urfahr,"Nach dem Objekt Hauptstraße 38 etwa in ostnordöstlicher bzw. nordöstlicher Richtung zur Linken Brückenstraße verlaufend. Benannt 1903 nach dem Urfahrer Gemeindeausschußmitglied, Ehrenbürger und Notar Karl Reindl (1808-1895).",https://www.linz.at/strassennamen/Default.asp?action=strassendetail&ID=2731,Q106635027,https://www.wikidata.org/wiki/Q106635027,Karl Reindl,,,,,,,,
strasse_2732,2732,Reiningergang,Kleinmünchen,"Nach dem Objekt Wimmerstraße 6 etwa in nordnordwestlicher Richtung verlaufende Sackgasse. Benannt 1940 nach der alteingesessenen Linzer Kaufmannsfamilie Reininger, deren bekannteste Vertreter der Handelskammerpräsident, Reichrats- und Landtagsabgeordnete Karl Reininger (1852-1911) und der Philosoph Robert Reininger (1869-1955) waren.",https://www.linz.at/strassennamen/Default.asp?action=strassendetail&ID=2732,,,,,,,,,,,
strasse_2733,2733,Reintalerweg,Kleinmünchen,Vor dem Objekt Dauphinestraße 197 etwa in südsüdöstlicher Richtung zur Dieselstraße verlaufend. Benannt 1943 nach einem ehemaligen Bauernhaus.,https://www.linz.at/strassennamen/Default.asp?action=strassendetail&ID=2733,,,,,,,,,,,
strasse_2734,2734,Reischekstraße,Linz,"Nach dem Objekt Kaplanhofstraße 20 vorerst etwa in südlicher, dann in südöstlicher bzw. südsüdöstlicher Richtung mit einem Ast zur Weißenwolffstraße und in ostnordöstlicher Richtung mit einem zweiten Ast zur Nietzschestraße verlaufend. Benannt 1903 nach dem Linzer Neuseelandforscher und Kustos am Oberösterreichischen Landesmuseum Andreas Reischek (1845-1902).",https://www.linz.at/strassennamen/Default.asp?action=strassendetail&ID=2734,,,Andreas Reischek,Q89152,,https://www.wikidata.org/wiki/Q89152,Andreas Reischek,male,ornithologist,1845-09-15,1902-04-03
strasse_2735,2735,Reisetbauerstraße,Waldegg,Vor dem Objekt Händelstraße 24 etwa in südsüdwestlicher Richtung zur Ziehrerstraße verlaufend. Benannt 1951 nach dem gleichnamigen Bauernhaus.,https://www.linz.at/strassennamen/Default.asp?action=strassendetail&ID=2735,,,,,,,,,,,
strasse_2736,2736,Reisingerweg,Pöstlingberg,"Nach dem Objekt Hohe Straße 83 vorerst etwa in nordnordwestlicher, dann in nordwestlicher Richtung zur Stadtgrenze mit Puchenau verlaufend. Benannt 1958 nach dem Reisingergütl.",https://www.linz.at/strassennamen/Default.asp?action=strassendetail&ID=2736,,,,,,,,,,,
strasse_2739,2739,Reitzenbeckweg,Kleinmünchen,Vor dem Objekt Schwindstraße 11 etwa in südlicher Richtung zur Salzburger Straße verlaufend. Benannt 1958 nach dem oberösterreichischen Schulmann und Dichter Heinrich Reitzenbeck (1812-1893).,https://www.linz.at/strassennamen/Default.asp?action=strassendetail&ID=2739,,,Heinrich Reitzenbeck,Q55896068,,https://www.wikidata.org/wiki/Q55896068,Heinrich Reitzenbeck,male,teacher,1812-07-07,1893-02-06
strasse_2743,2743,Resselstraße,Ebelsberg,"Vom Ende des Hauderwegs vorerst etwa in östlicher, dann in südsüdöstlicher Richtung zur Hartheimerstraße verlaufend. Benannt 1974 nach dem Erfinder der Schiffsschraube Josef Ressel (1793-1857), der zwei Jahre in Linz das Lyzeum besuchte.",https://www.linz.at/strassennamen/Default.asp?action=strassendetail&ID=2743,,,Josef Ressel,Q78558,,https://www.wikidata.org/wiki/Q78558,Josef Ressel,male,inventor,1793-06-29,1857-10-10
strasse_2746,2746,Reuchlinstraße,Waldegg,"Nach dem Objekt Wankmüllerhofstraße 20 mit einer Unterbrechung etwa in westlicher Richtung zur Abfahrt von der Westbrücke verlaufende Sackgasse. Benannt 1928 nach dem Humanisten Johannes Reuchlin (1455-1522), der einige Zeit am Hof Kaiser Friedrichs III. in Linz lebte.",https://www.linz.at/strassennamen/Default.asp?action=strassendetail&ID=2746,,,Johannes Reuchlin,Q61067,,https://www.wikidata.org/wiki/Q61067,Johann Reuchlin,male,philosopher,1455-01-29,1522-06-30
strasse_2747,2747,Rheinstraße,Lustenau,"Nach dem Objekt Semmelweisstraße 26 vorerst etwa in südöstlicher, dann in östlicher Richtung verlaufende Sackgasse. Benannt 1955 nach dem gleichnamigen Strom im Hinblick auf die Errichtung des Rhein-Main-Donau-Kanals.",https://www.linz.at/strassennamen/Default.asp?action=strassendetail&ID=2747,,,,,,,,,,,
strasse_2748,2748,Richard-Wagner-Straße,Lustenau,"Nach dem Objekt Wiener Straße 71a vorerst etwa in ostnordöstlicher, dann in östlicher Richtung zur Gürtelstraße verlaufend. Benannt 1899 nach dem Komponisten Richard Wagner (1813-1883).",https://www.linz.at/strassennamen/Default.asp?action=strassendetail&ID=2748,,,Richard Wagner,Q1511,,https://www.wikidata.org/wiki/Q1511,Richard Wagner,male,composer,1813-05-22,1883-02-13
strasse_2750,2750,Rieglstraße,Urfahr,Nach dem Objekt Freistädter Straße 71 etwa in nordwestlicher Richtung zur Ontlstraße verlaufend. Benannt 1945 nach dem in Linz geborenen Kunsthistoriker Alois Riegl (1858-1905). - Ab 1942 Prienstraße nach dem U-Bootkommandanten des 2. Weltkrieges Günther Prien (1908-1941).,https://www.linz.at/strassennamen/Default.asp?action=strassendetail&ID=2750,,,Alois Riegl,Q692100,,https://www.wikidata.org/wiki/Q692100,Alois Riegl,male,art historian,1858-01-14,1905-06-17
strasse_2751,2751,Riesenederfeld,Pöstlingberg,"Nach dem Objekt Hagenstraße 50 vorerst etwa in nördlicher Richtung verlaufende, dann nach Westen umbiegende Sackgasse. Benannt 1991 nach einer Flurbezeichnung.",https://www.linz.at/strassennamen/Default.asp?action=strassendetail&ID=2751,,,,,,,,,,,
strasse_2752,2752,Riesenhofstraße,Urfahr,"Nach dem Objekt Aubergstraße 67 etwa in südwestlicher Richtung verlaufende Sackgasse. Benannt 1925 nach dem Riesenhof, einer ehemaligen Badeheilanstalt.",https://www.linz.at/strassennamen/Default.asp?action=strassendetail&ID=2752,,,,,,,,,,,
strasse_2753,2753,Riesenwiese,Urfahr,Nach dem Objekt Mitterbergerweg 21 zuerst in einem Bogen nach Süden und dann in einem Bogen nach Westen zur Keimlgutgasse verlaufend. Benannt 1953 nach einem Flurnamen.,https://www.linz.at/strassennamen/Default.asp?action=strassendetail&ID=2753,,,,,,,,,,,
strasse_2754,2754,Rilkestraße,Lustenau,"Nach dem Objekt Friedhofstraße 28 in südlicher Richtung zur Raimundstraße verlaufend. Benannt 1958 nach dem Dichter Rainer Maria Rilke (1875-1926), der in den Jahren 1891/92 in Linz lebte und hier vorübergehend die Handelsakademie besuchte.",https://www.linz.at/strassennamen/Default.asp?action=strassendetail&ID=2754,,,Rainer Maria Rilke,Q76483,,https://www.wikidata.org/wiki/Q76483,Rainer Maria Rilke,male,writer,1875-12-04,1926-12-29
strasse_2756,2756,Rintstraße,Kleinmünchen,"Nach dem Objekt Wimmerstraße 35 vorerst etwa in östlicher, dann in südlicher bzw. südöstlicher Richtung zur Denkstraße verlaufend. Benannt 1954 nach den Bildschnitzern Johann (1815-1900) und Joseph Rint (1842-1874).",https://www.linz.at/strassennamen/Default.asp?action=strassendetail&ID=2756,,,Johann and Joseph Rint,,,,,,,,
strasse_2757,2757,Ritzbergerstraße,Linz,Gegenüber dem Objekt Lessingstraße 46 etwa in südlicher Richtung zur Mariahilfgasse verlaufend. Benannt 1929 nach dem Maler Albert Ritzberger (1853-1915).,https://www.linz.at/strassennamen/Default.asp?action=strassendetail&ID=2757,,,Albert Ritzberger,Q15429203,,https://www.wikidata.org/wiki/Q15429203,Albert Ritzberger,male,painter,1853-05-20,1915-11-08
strasse_3459,3459,Robert-Bosch-Straße,Lustenau,Das von der Derfflingerstraße in nordnordwestlicher Richtung verlaufende 130 Meter lange Teilstück der Köglstraße wird 2016 nach dem Industriellen Robert Bosch (1861-1942) in Robert-Bosch-Straße umbenannt.,https://www.linz.at/strassennamen/Default.asp?action=strassendetail&ID=3459,,,,,,,,,,,
strasse_2759,2759,Robert-Koch-Straße,Lustenau,"Vor dem Objekt Darrgutstraße 2 etwa in südlicher Richtung verlaufende Sackgasse. Benannt 1957 nach dem deutschen Arzt und Nobelpreisträger Robert Koch (1843-1910), dem Entdecker des Tuberkelbazillus.",https://www.linz.at/strassennamen/Default.asp?action=strassendetail&ID=2759,,,Robert Koch,Q37193,,https://www.wikidata.org/wiki/Q37193,Robert Koch,male,biologist,1843-12-11,1910-05-27
strasse_2760,2760,Robert-Stolz-Straße,Waldegg,"Nach dem Objekt Kudlichstraße 43 vorerst etwa in südwestlicher, dann in nordwestlicher Richtung zur Lehárstraße verlaufend. Benannt 1980 nach dem Komponisten Robert Stolz (1880-1975).",https://www.linz.at/strassennamen/Default.asp?action=strassendetail&ID=2760,,,Robert Stolz,Q45095,,https://www.wikidata.org/wiki/Q45095,Robert Stolz,male,conductor,1880-08-25,1975-06-27
strasse_2764,2764,Rohrauerweg,Ebelsberg,Vom Ziegelhubweg etwa in nördlicher Richtung verlaufende Sackgasse. Benannt 1987 nach dem Gründungsmitglied der Naturfreundebewegung Alois Rohrauer (1843-1923).,https://www.linz.at/strassennamen/Default.asp?action=strassendetail&ID=2764,,,Alois Rohrauer,Q55860053,,https://www.wikidata.org/wiki/Q55860053,Alois Rohrauer,male,,1843-02-28,1923-12-07
strasse_2765,2765,Rohrmayrstraße,Kleinmünchen,Gegenüber den Objekten Dauphinestraße 172 und 176 in südlicher Richtung zum Flötzerweg verlaufend. Benannt 1942 nach dem gleichnamigen Bauerngut.,https://www.linz.at/strassennamen/Default.asp?action=strassendetail&ID=2765,,,,,,,,,,,
strasse_2761,2761,Römerstraße,"Linz, Waldegg","Vom Ende der Promenade vorerst etwa in westlicher, dann in südlicher Richtung zur Freinbergstraße verlaufend. Benannt 1869 zur Erinnerung an das provinzialrömische Linz. - Die Straße bestand vorher aus mehreren Teilen, die (stadtauswärts gesehen) Am Schloßwall, Neuer Weg (schon 1808, nach Chroniknachrichten 1775 eröffnet), Oberer Neuweg, Äußerer Neuweg und Äußerer Schulerberg hießen.",https://www.linz.at/strassennamen/Default.asp?action=strassendetail&ID=2761,Q56682906,https://www.wikidata.org/wiki/Q56682906,,,,,,,,,
strasse_2762,2762,Röntgenstraße,Linz,"Nach dem Objekt Nietzschestraße 1 etwa in ostnordöstlicher Richtung zur Leibnizstraße verlaufend. Benannt 1954 nach dem deutschen Physiker und Nobelpreisträger Wilhelm Konrad Röntgen (1845-1923), dem Entdecker der nach ihm benannten Strahlen.",https://www.linz.at/strassennamen/Default.asp?action=strassendetail&ID=2762,,,Wilhelm Konrad Röntgen,Q35149,,https://www.wikidata.org/wiki/Q35149,Wilhelm Röntgen,male,physicist,1845-03-27,1923-02-10
strasse_2766,2766,Roseggerstraße,"Linz, Waldegg","Von der Hopfengasse gegenüber der Einmündung der Stifterstraße in Serpentinen beginnend, vorerst etwa in westsüdwestlicher, dann in südwestlicher Richtung zur Händelstraße verlaufend. Die Verlängerung von der Freinbergstraße bis zur Händelstraße (Teil der ehemaligen Leondinger Straße) erfolgte 1979. Benannt 1914 nach dem Dichter Peter Rosegger (1843-1918). - 1884 als Bauernbergstraße vom Linzer Verschönerungsverein angelegt.",https://www.linz.at/strassennamen/Default.asp?action=strassendetail&ID=2766,,,Peter Rosegger,Q93841,,https://www.wikidata.org/wiki/Q93841,Peter Rosegger,male,poet,1843-07-31,1918-06-26
strasse_2767,2767,Rosenauerstraße,Urfahr,Vom Ende der Hauptstraße etwa in westlicher Richtung zur Aubergstraße verlaufend. Benannt 1895 nach dem Urfahrer Gemeindeausschußmitglied und Kaufmann Johann Rosenauer (1829-1896).,https://www.linz.at/strassennamen/Default.asp?action=strassendetail&ID=2767,,,Johann Rosenauer,,,,,,,,
strasse_2768,2768,Rosenbauerstraße,Lustenau,Nach dem Objekt Wiener Straße 171 etwa in ostnordöstlicher Richtung zur Westbahnstraße verlaufend. Benannt 1924 nach der um das Feuerlöschwesen verdienten Fabrikantenfamilie Rosenbauer.,https://www.linz.at/strassennamen/Default.asp?action=strassendetail&ID=2768,,,,,,,,,,,
strasse_2770,2770,Rosenstraße,Urfahr,Nach dem Objekt Ottensheimer Straße 46 etwa in nordnordwestlicher Richtung zur Rudolfstraße verlaufend. Benannt 1875 nach dem Gasthaus Zur Rose. - Seit 1672 Zössergäßl (auch Zölzergasse) nach einem abgekommenen Hausnamen. 1857 Rosenwirtsgasse.,https://www.linz.at/strassennamen/Default.asp?action=strassendetail&ID=2770,,,,,,,,,,,
strasse_2772,2772,Roth-Limanowa-Straße,Urfahr,"Nach dem Objekt Strabergerstraße 8 etwa in östlicher Richtung zur Vitorellistraße verlaufend. Benannt 1942 nach Generaloberst Joseph Roth von Limanova-Lapanow (1859-1927), dem Sieger in der Schlacht bei Limanowa-Lapanow während des 1. Weltkrieges. - Vorher (im gleichen Jahr) Keplingerstraße nach dem Ritterkreuzträger des 2. Weltkrieges SS-Obersturmführer Rudolf Keplinger.",https://www.linz.at/strassennamen/Default.asp?action=strassendetail&ID=2772,,,Joseph Roth von Limanova-Lapanow,,,,,,,,
strasse_3454,3454,Rothschildweg,Kleinmünchen,"Südwestlich der Kreuzung Albert-Schöpf-Straße und Kokoschkastraße beginnende, in westlicher Richtung verlaufende Sackgasse. Benannt 2013 nach Kurt Rothschild (1914-2010), der von der Eröffnung der Linzer Hochschule an bis zum Jahr 1985 dem Lehrkörper der Johannes-Kepler-Universität angehörte, 1971/72 deren Rektor war und als Wirtschaftswissenschafter über Österreich hinaus über hohe Reputation verfügte.",https://www.linz.at/strassennamen/Default.asp?action=strassendetail&ID=3454,,,Kurt Rothschild,Q114498,,https://www.wikidata.org/wiki/Q114498,Kurt W. Rothschild,male,economist,1914-10-21,2010-11-15
strasse_2773,2773,Rotterdamweg,Katzbach,Gegenüber dem Objekt Luise-Hummel-Weg 7 etwa in ostnordöstlicher Richtung zur Hofmannstraße verlaufend. Benannt 1956 nach der Hafenstadt Rotterdam als Dank und zur Erinnerung für die von den Niederlanden geleistete Hilfe beim Siedlungsbau nach der Hochwasserkatastrophe vom Juli 1954. - Vorher Sandbachweg.,https://www.linz.at/strassennamen/Default.asp?action=strassendetail&ID=2773,,,,,,,,,,,
strasse_2774,2774,Ruckerbauerweg,Pöstlingberg,Gegenüber dem Objekt Enzmüllnerweg 30 etwa in nordnordwestlicher Richtung verlaufende Sackgasse. Benannt 1958 nach dem Mühlviertler Barockmaler Johann Philipp Ruckerbauer (1663-1740).,https://www.linz.at/strassennamen/Default.asp?action=strassendetail&ID=2774,,,Johann Philipp Ruckerbauer,Q34629443,,https://www.wikidata.org/wiki/Q34629443,Johann Philipp Ruckerbauer,male,painter,1663-02-08,1740-07-01
strasse_2775,2775,Rudigierstraße,Linz,Nach dem Objekt Landstraße 40 etwa in westlicher Richtung zur Herrenstraße verlaufend. Benannt 1894 nach dem Initiator des Neuen Domes Bischof Franz Joseph Rudigier (1811-1884). - Vorher (schon 1815) Glockengießergasse nach dem Glockengießerhaus (Nr. 2).,https://www.linz.at/strassennamen/Default.asp?action=strassendetail&ID=2775,,,Franz Joseph Rudigier,Q877406,,https://www.wikidata.org/wiki/Q877406,Franz-Josef Rudigier,male,Catholic priest,1811-04-07,1884-11-29
strasse_2778,2778,Rudolf-Kunst-Gasse,Ebelsberg,"Nach dem Objekt Wambacher Straße 46 bogenförmig gegen Süden verlaufende Sackgasse. Benannt 1989 nach dem Angehörigen des Republikanischen Schutzbundes Rudolf Kunst (1902-1934), der bei den Kämpfen am 12. Februar 1934 getötet wurde.",https://www.linz.at/strassennamen/Default.asp?action=strassendetail&ID=2778,,,Rudolf Kunst,,,,,,,,
strasse_2777,2777,Rudolfstraße,Urfahr,Nach dem Objekt Hauptstraße 11 etwa in westsüdwestlicher bzw. südwestlicher Richtung zur Urfahrwänd. Benannt 1934 nach dem Kronprinzen Erzherzog Rudolf (1858-1889). - Ursprünglich Neue Ottensheimer Straße. Ab 1875 Rudolfstraße. 1921 Karl-Marx-Straße nach dem deutschen Philosophen und Politiker Karl Marx (1818-1883).,https://www.linz.at/strassennamen/Default.asp?action=strassendetail&ID=2777,Q106635028,https://www.wikidata.org/wiki/Q106635028,Erzherzog Rudolf,Q152923,,https://www.wikidata.org/wiki/Q152923,"Rudolf, Crown Prince of Austria",male,military officer,1858-08-21,1889-01-30
strasse_2779,2779,Rupertsbergergasse,Ebelsberg,"Gegenüber dem Objekt Wambacher Straße 16 etwa in ostsüdöstlicher Richtung zur Edmund Aigner-Straße verlaufend. Benannt 1957 nach dem Ebelsberger Pfarrer, Entomologen und Historiker Matthias Rupertsberger (1843-1930).",https://www.linz.at/strassennamen/Default.asp?action=strassendetail&ID=2779,,,Matthias Rupertsberger,Q55072118,,https://www.wikidata.org/wiki/Q55072118,Mathias Rupertsberger,male,entomologist,1843-03-29,1931-05-31
strasse_2780,2780,Sacharowweg,Kleinmünchen,"Von der Hallestraße etwa in südwestlicher Richtung zur Kreiskystraße verlaufend. Benannt 1992 nach dem russischen Atomphysiker, Kämpfer um die Menschenrechte und Friedensnobelpreisträger Andrej Dimitrijewitsch Sacharow (1921-1989).",https://www.linz.at/strassennamen/Default.asp?action=strassendetail&ID=2780,,,Andrej Dimitrijewitsch Sacharow,Q997,,https://www.wikidata.org/wiki/Q997,Andrei Dmitrijewitsch Sacharow,male,physicist,1921-05-21,1989-12-14
strasse_2781,2781,Salamanderweg,Pichling,"Nach dem Objekt Oidener Straße 40 vorerst etwa in südsüdwestlicher, dann in ostsüdöstlicher Richtung parallel zur Westbahn verlaufende Sackgasse. Benannt 1977 nach der einheimischen Tierart.",https://www.linz.at/strassennamen/Default.asp?action=strassendetail&ID=2781,,,,,,,,,,,
strasse_2782,2782,Salesianumweg,Linz,"Nach dem Objekt Kapuzinerstraße 84 etwa in westlicher Richtung zur Pädagogischen Akademie der Diözese verlaufende Sackgasse. Benannt 1954 nach dem Gebäude des Konvikts ""Salesianum"", einer Schöpfung des Linzer Bischofs Franz Maria Doppelbauer.",https://www.linz.at/strassennamen/Default.asp?action=strassendetail&ID=2782,,,Franz Maria Doppelbauer,Q876671,,https://www.wikidata.org/wiki/Q876671,Franz Maria Doppelbauer,male,theologian,1845-01-21,1908-12-02
strasse_2783,2783,Salisstraße,Ebelsberg,"Gegenüber dem Objekt Lenkstraße 51 etwa in nordnordwestlicher Richtung zur Kremsmünsterer Straße verlaufend. Benannt 1940 nach Major Rudolf von Salis, dem Kommandanten des 2. Bataillons der Wiener Freiwilligen bei den Kämpfen um Ebelsberg gegen die Franzosen am 3. Mai 1809.",https://www.linz.at/strassennamen/Default.asp?action=strassendetail&ID=2783,,,Major Rudolf von Salis,,,,,,,,
strasse_2786,2786,Salzburger Straße,Kleinmünchen,"Nach dem Objekt Wiener Straße 196 etwa in südwestlicher, dann in westsüdwestlicher Richtung zur Stadtgrenze zu Leonding und Traun verlaufend. Benannt 1968 als Richtungsbezeichnung. Seit 1929 Salzburger Reichsstraße. Vorher Welser Reichsstraße.",https://www.linz.at/strassennamen/Default.asp?action=strassendetail&ID=2786,,,,,,,,,,,
strasse_2788,2788,Samhaberstraße,Pöstlingberg,"Von der Hohen Straße gegenüber dem Pöstlingbergfriedhof vorerst etwa in ostnordöstlicher, dann in nördlicher und nordnordwestlicher Richtung wiederum zur Hohen Straße verlaufend. Benannt 1926 nach dem Dichter und Germanisten Edward Samhaber (1846-1927).",https://www.linz.at/strassennamen/Default.asp?action=strassendetail&ID=2788,,,Edward Samhaber,Q1293469,,https://www.wikidata.org/wiki/Q1293469,Edward Samhaber,male,literary scholar,1846-12-26,1927-03-27
strasse_2789,2789,Sandbachweg,Katzbach,"Nach dem Objekt Im Schlantenfeld 6 etwa in südsüdöstlicher Richtung zum Feldweg verlaufend. Benannt 1957 nach mehreren Flurbezeichnungen, die ihren Namen vom Sandbach (Name des Haselbaches in seinem Unterlauf) erhielten.",https://www.linz.at/strassennamen/Default.asp?action=strassendetail&ID=2789,,,,,,,,,,,
strasse_2791,2791,Sandgasse,Linz,Vom Ende der Hopfengasse etwa in südlicher Richtung zur Karl-Wiser-Straße verlaufend. Benannt 1869 nach den in diesem Gebiet existierenden Sandgruben. - Vorher Lammwirtssandgstetten nach dem ehemaligen Gasthof Zum Weißen Lamm.,https://www.linz.at/strassennamen/Default.asp?action=strassendetail&ID=2791,,,,,,,,,,,
strasse_2793,2793,Sankt-Peter-Straße,Lustenau,Als Fortsetzung der Franckstraße etwa in südöstlicher Richtung verlaufende Sackgasse. Benannt 1921 nach der 1915 nach Linz eingemeindeten Gemeinde (heute Katastralgemeinde) St. Peter.,https://www.linz.at/strassennamen/Default.asp?action=strassendetail&ID=2793,,,,,,,,,,,
strasse_2794,2794,Saporoshjestraße,Kleinmünchen,Nach dem Objekt Wiener Straße 428 etwa in westsüdwestlicher Richtung verlaufend und in den Traunauweg mündend. Benannt 1987 nach der Linzer Partnerstadt Saporoshje in der Ukraine.,https://www.linz.at/strassennamen/Default.asp?action=strassendetail&ID=2794,,,,,,,,,,,
strasse_2795,2795,Sattlerstraße,Linz,Vor dem Objekt Stelzerstraße 16 etwa in südsüdöstlicher Richtung zur Kaplanhofstraße verlaufend. Benannt 1940 nach der bedeutenden oberösterreichischen Bildhauerfamilie vom 18. bis ins 20. Jahrhundert.,https://www.linz.at/strassennamen/Default.asp?action=strassendetail&ID=2795,,,,,,,,,,,
strasse_2798,2798,Saxingerstraße,Lustenau,"Vom Ende der Ignaz-Mayer-Straße vorerst etwa in südsüdöstlicher, dann in südlicher sowie in ostnordöstlicher und wiederum südsüdöstlicher Richtung verlaufende Sackgasse. Benannt 1981 nach dem Kaufmann, Vizebürgermeister und Reichsratsabgeordneten Eduard Saxinger (1818-1902).",https://www.linz.at/strassennamen/Default.asp?action=strassendetail&ID=2798,,,Eduard Saxinger,Q20755358,,https://www.wikidata.org/wiki/Q20755358,Eduard Saxinger,male,businessperson,1818-05-08,1902-05-05
strasse_2861,2861,Schablederweg,"Pöstlingberg, Urfahr",Von der Urbanskistraße etwa in nordwestlicher Richtung zur Matoschstraße verlaufend. Benannt 1954 nach dem gleichnamigen Gut.,https://www.linz.at/strassennamen/Default.asp?action=strassendetail&ID=2861,,,,,,,,,,,
strasse_2862,2862,Schachermayerstraße,Lustenau,In Verlängerung der Industriezeile von der Nebingerstraße etwa in südsüdöstlicher Richtung zur Wimhölzelstraße verlaufend. Benannt 1986 nach dem Firmengründer und Gemeinderat Josef Schachermayer (1809-1880).,https://www.linz.at/strassennamen/Default.asp?action=strassendetail&ID=2862,,,Josef Schachermayer,,,,,,,,
strasse_2864,2864,Schallenbergergang,Waldegg,"Vor dem Objekt Kefergutstraße 21 vorerst etwa in nordöstlicher, dann in ostsüdöstlicher Richtung verlaufende Sackgasse. Benannt 1945 nach einem alten oberösterreichischen Adelsgeschlecht. - 1942 Seiringergang nach dem Laboranten Franz Seiringer (1886-1933), der als Nationalsozialist bei einer politischen Auseinandersetzung ums Leben kam.",https://www.linz.at/strassennamen/Default.asp?action=strassendetail&ID=2864,,,,,,,,,,,
strasse_2865,2865,Scharitzerstraße,Linz,"Nach dem Objekt Landstraße 115a etwa in ostnordöstlicher Richtung verlaufende Sackgasse. Benannt 1869 nach dem Apotheker und Magistratsrat Johann Georg Scharitzer (1766-1822), der zahlreiche Stiftungen errichtete.",https://www.linz.at/strassennamen/Default.asp?action=strassendetail&ID=2865,,,Johann Georg Scharitzer,Q94528907,,https://www.wikidata.org/wiki/Q94528907,Johann Georg Scharitzer,male,,1766-04-14,1822-09-22
strasse_2866,2866,Scharmühlwinkel,Kleinmünchen,"Nach dem Objekt Alleitenweg 10 etwa in westsüdwestlicher Richtung zum Straßenzug Am Winklgarten verlaufend. Benannt 1957 nach der Schar- oder Scharrmühle, wie die Schörgenhubmühle im ausgehenden 18. Jahrhundert nach der Besitzerin Regina Scharrmühlerin hieß.",https://www.linz.at/strassennamen/Default.asp?action=strassendetail&ID=2866,,,,,,,,,,,
strasse_2867,2867,Schatzdorferstraße,Kleinmünchen,Von der Eduard-Haas-Straße etwa in südöstlicher Richtung entlang der Stadtgrenze zu Traun verlaufende Sackgasse. Benannt 1980 nach dem Mundartdichter Hans Schatzdorfer (1897-1969).,https://www.linz.at/strassennamen/Default.asp?action=strassendetail&ID=2867,,,Hans Schatzdorfer,Q1582253,,https://www.wikidata.org/wiki/Q1582253,Hans Schatzdorfer,male,writer,1897-07-19,1969-12-24
strasse_2868,2868,Schatzweg,Katzbach,"Von der Altenberger Straße vorerst etwa in nordwestlicher, dann westlicher, südwestlicher und wiederum westlicher Richtung zur Oberbairinger Straße verlaufend. Benannt 1958 nach dem gleichnamigen Bauerngut.",https://www.linz.at/strassennamen/Default.asp?action=strassendetail&ID=2868,,,,,,,,,,,
strasse_2869,2869,Schaunbergerstraße,Waldegg,"Nach dem Objekt Landwiedstraße 26 vorerst etwa in westsüdwestlicher, dann in südsüdöstlicher und in ostnordöstlicher Richtung verlaufende Sackgasse. Benannt 1945 nach einem alten oberösterreichischen Adelsgeschlecht. - 1940 Aitzetmüllerstraße nach dem beim nationalsozialistischen Juliputsch 1934 erschossenen Ernst Aitzetmüller.",https://www.linz.at/strassennamen/Default.asp?action=strassendetail&ID=2869,,,,,,,,,,,
strasse_2870,2870,Scheibenleithenweg,Katzbach,Von der Lachstattstraße etwa in ostsüdöstlicher Richtung zum Esterbachweg verlaufend. Benannt 1958 nach einem Flurnamen.,https://www.linz.at/strassennamen/Default.asp?action=strassendetail&ID=2870,,,,,,,,,,,
strasse_2871,2871,Scheibenpogenstraße,Waldegg,"Nach dem Objekt Glimpfingerstraße 77 vorerst etwa in südöstlicher, dann in südwestlicher Richtung zur Müller-Guttenbrunn-Straße verlaufend. Benannt 1945 nach der bedeutenden Linzer Schiffmeisterfamilie Scheibenpogen. Johann Michael Scheibenpogen (1703-1794) war Stadtrichter und Bürgermeister. - 1940 Ertlstraße nach Franz Ertl, der als Nationalsozialist bei einer politischen Auseinandersetzung ums Leben kam.",https://www.linz.at/strassennamen/Default.asp?action=strassendetail&ID=2871,,,,,,,,,,,
strasse_2873,2873,Schererstraße,Kleinmünchen,"Nach dem Objekt Wegscheider Straße 64 etwa in östlicher Richtung bis zum Durchlass der Pyhrnbahn verlaufend. Benannt 1956 nach Maria Theresia Scherer (1825-1888), Begründerin des karitativen Ordens der Barmherzigen Schwestern vom Heiligen Kreuz. 1958 Weiterführung des Straßenzuges unter der Pyhrnbahn durch, dann in südlicher Richtung und schließlich in östlicher Richtung zur Eduard-Sueß-Straße verlaufend.",https://www.linz.at/strassennamen/Default.asp?action=strassendetail&ID=2873,,,Maria Theresia Scherer,Q117573,,https://www.wikidata.org/wiki/Q117573,Maria Theresia Scherer,female,nun,1825-10-31,1888-06-16
strasse_2874,2874,Scherfenbergerstraße,Waldegg,"Nach dem Objekt Losensteinerstraße 8 etwa in nordöstlicher Richtung wiederum zur Losensteinerstraße verlaufend. Benannt 1945 nach dem alten oberösterreichischen Adelsgeschlecht der Scherfenberger. - 1940 Weigersdorferstraße nach Karl Weigersdorfer, der beim nationalsozialistischen Juliputsch 1934 ums Leben kam.",https://www.linz.at/strassennamen/Default.asp?action=strassendetail&ID=2874,,,,,,,,,,,
strasse_2877,2877,Schickenedersteig,Katzbach,"Nach dem Objekt Oberbairinger Straße 63 etwa in nördlicher, dann in westlicher, südlicher und nordwestlicher Richtung zum Ödmühlweg verlaufend. Benannt 1958 nach dem gleichnamigen Bauerngut.",https://www.linz.at/strassennamen/Default.asp?action=strassendetail&ID=2877,,,,,,,,,,,
strasse_2878,2878,Schickmayrstraße,Kleinmünchen,"Nach dem Objekt Denkstraße 43 etwa in südsüdöstlicher Richtung zur Dauphinestraße verlaufend. Benannt 1929 nach dem Kleinmünchner Bürgermeister (1885-1919) Franz Schickmayr, dem Besitzer des Ellbognergutes in Bergern.",https://www.linz.at/strassennamen/Default.asp?action=strassendetail&ID=2878,,,Franz Schickmayr,,,,,,,,
strasse_2879,2879,Schiedermayrweg,Linz,Nach dem Objekt Auf der Gugl 28 etwa in westnordwestlicher Richtung zur Roseggerstraße verlaufend. Benannt 1954 nach dem Arzt und Botaniker Karl Schiedermayr (1818-1895).,https://www.linz.at/strassennamen/Default.asp?action=strassendetail&ID=2879,,,Karl Schiedermayr,Q21337644,,https://www.wikidata.org/wiki/Q21337644,Karl B. Schiedermayr,male,botanist,1818-11-03,1895-10-29
strasse_2880,2880,Schiefersederweg,"Urfahr, Pöstlingberg",Nach dem Objekt Harbacher Straße 20 etwa in nordnordwestlicher Richtung verlaufende Sackgasse. Benannt 1943 nach dem gleichnamigen Bauerngut.,https://www.linz.at/strassennamen/Default.asp?action=strassendetail&ID=2880,,,,,,,,,,,
strasse_2881,2881,Schießlgang,Kleinmünchen,"Nach dem Objekt Im Haidgattern 6 etwa in westlicher Richtung zur Benzstraße verlaufend. Benannt 1955 nach den Gebrüdern Rudolf (1879-1950) und Josef Schießl (1868-1933), die 1911 erstmals ein Ganzmetallflugzeug konstruierten.",https://www.linz.at/strassennamen/Default.asp?action=strassendetail&ID=2881,,,Rudolf und Josef Schießl,,,,,,,,
strasse_2883,2883,Schiferweg,Waldegg,Nach dem Objekt Hummelhofstraße 4 etwa in südwestlicher Richtung verlaufende Sackgasse. Benannt 1981 nach einem oberösterreichischen Adelsgeschlecht.,https://www.linz.at/strassennamen/Default.asp?action=strassendetail&ID=2883,,,,,,,,,,,
strasse_2884,2884,Schiffbaustraße,Lustenau,Nach dem Objekt Gallanderstraße 5 etwa in ostnordöstlicher Richtung zur Industriezeile verlaufend. Benannt 1928 nach der benachbarten Schiffswerft.,https://www.linz.at/strassennamen/Default.asp?action=strassendetail&ID=2884,,,,,,,,,,,
strasse_2885,2885,Schiffgasse,Urfahr,Von der Oberen Donaustraße zur Ottensheimer Straße verlaufend. Benannt 1919 zur Erinnerung an die Donauschiffer.,https://www.linz.at/strassennamen/Default.asp?action=strassendetail&ID=2885,,,,,,,,,,,
strasse_2886,2886,Schiffmannstraße,Waldegg,"Vor dem Objekt Wieningerstraße 14 vorerst etwa in westsüdwestlicher, dann in südsüdöstlicher Richtung zur Europastraße verlaufend. Benannt 1968 nach dem Historiker und Direktor der Bundesstaatlichen Studienbibliothek Konrad Schiffmann (1871-1941).",https://www.linz.at/strassennamen/Default.asp?action=strassendetail&ID=2886,,,Konrad Schiffmann,Q55675171,,https://www.wikidata.org/wiki/Q55675171,Konrad Schiffmann,male,germanist,1871-08-25,1941-03-12
strasse_2887,2887,Schillerplatz,Linz,Zwischen Landstraße und Rainerstraße. Benannt 1910 nach dem Dichter Friedrich von Schiller (1759-1805).,https://www.linz.at/strassennamen/Default.asp?action=strassendetail&ID=2887,,,Friedrich von Schiller,Q22670,,https://www.wikidata.org/wiki/Q22670,Friedrich Schiller,male,poet,1759-11-10,1805-05-09
strasse_2888,2888,Schillerstraße,Linz,Nach dem Objekt Landstraße 91 etwa in ostnordöstlicher Richtung zur Khevenhüllerstraße verlaufend. Benannt 1869 nach dem Dichter Friedrich von Schiller (1759-1805).,https://www.linz.at/strassennamen/Default.asp?action=strassendetail&ID=2888,,,Friedrich von Schiller,Q22670,,https://www.wikidata.org/wiki/Q22670,Friedrich Schiller,male,poet,1759-11-10,1805-05-09
strasse_2890,2890,Schiltenbergstraße,"Ebelsberg, Ufer",Von der Wiener Straße gegenüber der Kaserne Ebelsberg etwa in östlicher Richtung wiederum zur Wiener Straße verlaufend. Benannt 1954 nach dem gleichnamigen bewaldeten Berg.,https://www.linz.at/strassennamen/Default.asp?action=strassendetail&ID=2890,,,,,,,,,,,
strasse_2891,2891,Schlagerweg,Katzbach,Vor dem Objekt Marienberg 51 etwa in südsüdöstlicher Richtung verlaufende Sackgasse. Benannt 1971 nach dem Dombaumeister Matthäus Schlager (1870-1959).,https://www.linz.at/strassennamen/Default.asp?action=strassendetail&ID=2891,,,Matthäus Schlager,Q1514784,,https://www.wikidata.org/wiki/Q1514784,Matthäus Schlager,male,architect,1870-04-10,1959-12-30
strasse_3434,3434,Schlossberg,Linz,Das Areal des Linzer Schlosses wird 2008 Schlossberg benannt. 2010 wird auch die bisher als Tummelplatz bezeichnete Schlossbergauffahrt miteinbezogen.,https://www.linz.at/strassennamen/Default.asp?action=strassendetail&ID=3434,Q106686178,https://www.wikidata.org/wiki/Q106686178,,,,,,,,,
strasse_2895,2895,Schlossergasse,Linz,Nach dem Objekt Lessingstraße 19 etwa in südsüdöstlicher Richtung zur Hirschgasse verlaufend. Schon 1771 nach dem dort betriebenen Schlossergewerbe so benannt.,https://www.linz.at/strassennamen/Default.asp?action=strassendetail&ID=2895,,,,,,,,,,,
strasse_2898,2898,Schludererweg,Ebelsberg,"Nach dem Objekt Kremsmünsterer Straße 89 etwa in südöstlicher Richtung zum Beuttlerweg verlaufend. Benannt 1954 nach dem Hauptmann Franz Schluderer, der wegen seiner Verdienste im Krieg gegen die Franzosen im Jahre 1809 als Edler von Traunbruck geadelt wurde.",https://www.linz.at/strassennamen/Default.asp?action=strassendetail&ID=2898,,,Franz Schluderer,,,,,,,,
strasse_2900,2900,Schmidt-Renner-Straße,Linz,"Nach dem Objekt Stieglbauernstraße 5 etwa in nordwestlicher Richtung verlaufende Sackgasse. Benannt 1945 nach dem Linzer Schauspieler Franz Schmidt-Renner (1851-1942). - 1940 Hacklstraße nach dem Polizeiwachmann Josef Hackl (1906-1934), mitbeteiligt am nationalsozialistischen Juliputsch 1934.",https://www.linz.at/strassennamen/Default.asp?action=strassendetail&ID=2900,,,Franz Schmidt-Renner,Q60821288,,https://www.wikidata.org/wiki/Q60821288,Franz Schmidt-Renner,male,actor,1851-09-01,1942-04-29
strasse_2901,2901,Schmidtorstraße,Lustenau,"Zwischen Hauptplatz 25 und 26 etwa in südsüdöstlicher Richtung zum Taubenmarkt verlaufend. Altbenannt nach dem 1828 abgebrochenen Schmiedtor, das seinen Namen von den vor der ehemals ummauerten Stadt ansässigen Schmieden erhielt.",https://www.linz.at/strassennamen/Default.asp?action=strassendetail&ID=2901,Q106635029,https://www.wikidata.org/wiki/Q106635029,,,,,,,,,
strasse_2902,2902,Schmiedegasse,Urfahr,"Nach dem Objekt Hauptstraße 62 etwa in ostnordöstlicher bzw. nordöstlicher Richtung zur Wildbergstraße verlaufend. Benannt 1894 nach einer alten Schmiede, die an diesem Straßenzug stand.",https://www.linz.at/strassennamen/Default.asp?action=strassendetail&ID=2902,,,,,,,,,,,
strasse_2903,2903,Schmollweg,Ufer,"Nach dem Objekt Traundorfer Straße 103 vorerst in nördlicher, dann in westlicher Richtung verlaufende Sackgasse. Benannt 1978 nach dem ehemaligen gleichnamigen Bauerngut.",https://www.linz.at/strassennamen/Default.asp?action=strassendetail&ID=2903,,,,,,,,,,,
strasse_2904,2904,Schnepfenweg,Pichling,Nach dem Objekt Pichlinger Straße 34 etwa in südwestlicher Richtung zu einer unbenannten Querstraße verlaufend. Benannt 1964 nach der Vogelart.,https://www.linz.at/strassennamen/Default.asp?action=strassendetail&ID=2904,,,,,,,,,,,
strasse_2905,2905,Schnitzlerweg,Ebelsberg,Vom Torbergweg in nordnordöstlicher Richtung verlaufend und in den Horvathweg mündend. Benannt 1995 nach dem Dichter Arthur Schnitzler (1862-1931).,https://www.linz.at/strassennamen/Default.asp?action=strassendetail&ID=2905,,,Arthur Schnitzler,Q44331,,https://www.wikidata.org/wiki/Q44331,Arthur Schnitzler,male,writer,1862-05-15,1931-10-21
strasse_2906,2906,Schnopfhagenstraße,Kleinmünchen,"Nach dem Objekt Blümelhuberstraße 10 etwa in östlicher Richtung zur Spinnereistraße verlaufend. Benannt 1934 nach dem Lehrer und Komponisten Hans Schnopfhagen (1845-1908), dem Komponisten der oberösterreichischen Landeshymne. - 1929 Lassallegasse nach dem Schöpfer der deutschen sozialistischen Arbeiterpartei Ferdinand Lassalle (1825-1864).",https://www.linz.at/strassennamen/Default.asp?action=strassendetail&ID=2906,,,Hans Schnopfhagen,Q1582366,,https://www.wikidata.org/wiki/Q1582366,Hans Schnopfhagen,male,writer,1845-01-17,1908-06-27
strasse_2907,2907,Schönbergstraße,Waldegg,"Nach dem Objekt Roseggerstraße 72 vorerst etwa in nordwestlicher, dann in nordnordöstlicher Richtung verlaufende Sackgasse. Benannt 1988 nach dem Komponisten und Schöpfer der Zwölftonmusik Arnold Schönberg (1874-1951).",https://www.linz.at/strassennamen/Default.asp?action=strassendetail&ID=2907,,,Arnold Schönberg,Q154770,,https://www.wikidata.org/wiki/Q154770,Arnold Schoenberg,male,classical composer,1874-09-13,1951-07-13
strasse_2911,2911,Schopenhauerweg,Ebelsberg,Vom Ziegelhubweg etwa in nordwestlicher Richtung verlaufende Sackgasse. Benannt 1993 nach dem Philosophen Arthur Schopenhauer (1788-1860).,https://www.linz.at/strassennamen/Default.asp?action=strassendetail&ID=2911,,,Arthur Schopenhauer,Q38193,,https://www.wikidata.org/wiki/Q38193,Arthur Schopenhauer,male,university teacher,1788-02-22,1860-09-21
strasse_2910,2910,Schörgenhubstraße,Kleinmünchen,"Vom Straßenzug Am Langen Zaun etwa in südlicher bzw. südöstlicher Richtung zur Auwiesenstraße verlaufend. Benannt 1929 nach der früheren gleichnamigen Ortschaft. Der Name bedeutet soviel wie Grundstück des Schergen (= Häscher, Gerichtsdiener).",https://www.linz.at/strassennamen/Default.asp?action=strassendetail&ID=2910,,,,,,,,,,,
strasse_2913,2913,Schottweg,Kleinmünchen,"Nach dem Objekt Vogelfängerweg 56 etwa in südsüdöstlicher Richtung zum Flötzerweg verlaufend. Benannt 1956 nach dem deutschen Chemiker und Glastechniker Friedrich Otto Schott (1851-1935), dem Mitbegründer des Jenaer Schottwerkes.",https://www.linz.at/strassennamen/Default.asp?action=strassendetail&ID=2913,,,Friedrich Otto Schott,Q72357,,https://www.wikidata.org/wiki/Q72357,Otto Schott,male,chemist,1851-12-17,1935-08-27
strasse_2914,2914,Schranglstraße,Ufer,Nach dem Objekt Moosfelderstraße 30a etwa in nördlicher Richtung verlaufende Sackgasse. Benannt 1980 nach dem gleichnamigen Bauernhof.,https://www.linz.at/strassennamen/Default.asp?action=strassendetail&ID=2914,,,,,,,,,,,
strasse_2915,2915,Schratzstraße,Urfahr,Nach dem Objekt Rudolfstraße 43 etwa in südsüdöstlicher Richtung zur Zellerstraße verlaufend. Benannt 1903 nach dem Urfahrer Gemeinderat und Bauunternehmer Johann Eugen Schratz (1854-1906). - 1892 Theresienstraße nach Kaiserin Maria Theresia.,https://www.linz.at/strassennamen/Default.asp?action=strassendetail&ID=2915,,,Johann Eugen Schratz,,,,,,,,
strasse_2916,2916,Schreberstraße,Lustenau,"Nach dem Objekt Stieglbauernstraße 22 etwa in südsüdöstlicher Richtung zur Wimhölzelstraße verlaufend. Benannt 1934 nach dem Orthopäden, Heilgymnastiker und Pädagogen Daniel Schreber (1808-1861). - 1931 Pernerstorferstraße nach dem sozialdemokratischen Redakteur und Politiker Engelbert Pernerstorfer (1850-1918).",https://www.linz.at/strassennamen/Default.asp?action=strassendetail&ID=2916,,,Daniel Schreber,Q153160,,https://www.wikidata.org/wiki/Q153160,Moritz Schreber,male,physician,1808-10-15,1861-11-10
strasse_2917,2917,Schrötterweg,Katzbach,"Von der Glaserstraße etwa in östlicher Richtung verlaufende Sackgasse. Benannt 1973 nach dem österreichischen Chemiker Anton Schrötter Ritter von Kristelli (1802-1875), dem Entdecker des roten Phosphors.",https://www.linz.at/strassennamen/Default.asp?action=strassendetail&ID=2917,,,Anton Schrötter Ritter von Kristelli,Q86275,,https://www.wikidata.org/wiki/Q86275,Anton Schrötter von Kristelli,male,chemist,1802-11-26,1875-04-15
strasse_2918,2918,Schubertstraße,Linz,Beim Objekt Hessenplatz 9 etwa in südsüdöstlicher Richtung zur Blumauerstraße verlaufend. Benannt 1869 nach dem Komponisten Franz Schubert (1797-1828).,https://www.linz.at/strassennamen/Default.asp?action=strassendetail&ID=2918,,,Franz Schubert,Q7312,,https://www.wikidata.org/wiki/Q7312,Franz Schubert,male,composer,1797-01-31,1828-11-19
strasse_2919,2919,Schückbauerweg,Ebelsberg,Vom Ziegelhubweg zuerst in nordwestlicher Richtung verlaufend und dann U-förmig wiederum zum Ziegelhubweg zurückführend. Benannt 1993 nach den um die Pfadfinderbewegung in Oberösterreich und um die österreichische Freiheitsbewegung verdienten Priester und Bischofssekretär Franz Schückbauer (1890-1956).,https://www.linz.at/strassennamen/Default.asp?action=strassendetail&ID=2919,,,Franz Schückbauer,,,,,,,,
strasse_2922,2922,Schulertal,Linz,"Nach dem Objekt Mariahilfgasse 28 vorerst etwa in westlicher, dann in nordöstlicher Richtung zur Lessingstraße verlaufend. Benannt 1864 nach dem Freisitz des Leonhard Schuller, der 1707 von der Stadt zur Erweiterung des Stadtgebiets erworben und demoliert wurde. - Ein Teil des Schulertals hieß 1815 Ziegelstadelstraße.",https://www.linz.at/strassennamen/Default.asp?action=strassendetail&ID=2922,,,Leonhard Schuller,,,,,,,,
strasse_2925,2925,Schulstraße,Urfahr,Von der Kirchengasse etwa in nordnordwestlicher Richtung zum Hinsenkampplatz verlaufend. Benannt 1875 nach der an dieser Straße gelegenen Schule (1984 abgebrochen). - Vorher Totengang wegen des benachbarten Friedhofs.,https://www.linz.at/strassennamen/Default.asp?action=strassendetail&ID=2925,,,,,,,,,,,
strasse_2926,2926,Schultestraße,Waldegg,Nach dem Objekt Hanriederstraße 4 S-förmig etwa in südwestlicher Richtung zur Kudlichstraße verlaufend. Benannt 1929 nach dem Linzer Architekten Julius Schulte (1881-1928).,https://www.linz.at/strassennamen/Default.asp?action=strassendetail&ID=2926,,,Julius Schulte,Q1712967,,https://www.wikidata.org/wiki/Q1712967,Julius Schulte,male,architect,1881-05-14,1928-08-11
strasse_2927,2927,Schumannstraße,Kleinmünchen,"Vor dem Objekt Salzburger Straße 19 vorerst etwa in südsüdöstlicher, dann in südwestlicher Richtung zum Zeillergang verlaufend. Benannt 1929 nach dem Komponisten Robert Schumann (1810-1856). - Vorher Neugasse in Scharlinz.",https://www.linz.at/strassennamen/Default.asp?action=strassendetail&ID=2927,,,Robert Schumann,Q7351,,https://www.wikidata.org/wiki/Q7351,Robert Schumann,male,composer,1810-06-08,1856-07-29
strasse_2928,2928,Schumpeterstraße,Katzbach,"Von der Dornacher Straße vorerst etwa in nordwestlicher, dann in nordnordöstlicher Richtung verlaufende Sackgasse. Benannt 1965 nach dem Wirtschaftswissenschafter Josef Alois Schumpeter (1883-1950).",https://www.linz.at/strassennamen/Default.asp?action=strassendetail&ID=2928,,,Josef Alois Schumpeter,Q78477,,https://www.wikidata.org/wiki/Q78477,Joseph Schumpeter,male,economist,1883-02-08,1950-01-08
strasse_2929,2929,Schwabengasse,Kleinmünchen,Nach dem Objekt Schererstraße 11 etwa in nördlicher Richtung verlaufende Sackgasse. Benannt 1956 nach den in der Werenfriedsiedlung wohnenden Donauschwaben.,https://www.linz.at/strassennamen/Default.asp?action=strassendetail&ID=2929,,,,,,,,,,,
strasse_2930,2930,Schwagerweg,Katzbach,Vom Altarm der Freistädter Straße etwa in nordnordwestlicher Richtung zum Niedermayrweg verlaufend. Benannt 1998 nach dem Präsidenten der Israelitischen Kultusgemeinde Wilhelm Schwager (1893-1979).,https://www.linz.at/strassennamen/Default.asp?action=strassendetail&ID=2930,,,Wilhelm Schwager,,,,,,,,
strasse_2931,2931,Schwaigaustraße,"Pichling, Posch","Beim Objekt Oidener Straße 103 vorerst etwa in östlicher, dann in nordöstlicher, wiederum in östlicher und südlicher Richtung zur Raffelstettner Straße verlaufend. Benannt 1954 nach der gleichnamigen Konskriptionsortschaft.",https://www.linz.at/strassennamen/Default.asp?action=strassendetail&ID=2931,,,,,,,,,,,
strasse_2932,2932,Schwalbenweg,Pichling,Von der Raffelstettner Straße etwa in ostnordöstlicher Richtung wiederum zur Raffelstettner Straße verlaufend. Benannt 1958 nach der Vogelart.,https://www.linz.at/strassennamen/Default.asp?action=strassendetail&ID=2932,,,,,,,,,,,
strasse_2933,2933,Schwanthalerweg,Kleinmünchen,"Nach dem Objekt Gutenbergstraße 12 vorerst etwa in westlicher, dann in südlicher Richtung zur Pacherstraße verlaufend. Benannt 1940 nach der oberösterreichischen Bildhauerfamilie Schwanthaler.",https://www.linz.at/strassennamen/Default.asp?action=strassendetail&ID=2933,,,,,,,,,,,
strasse_2934,2934,Schwarzstraße,Urfahr,"Nach dem Objekt Leonfeldner Straße 7 vorerst etwa in westlicher, dann in nordwestlicher Richtung zur Teistlergutstraße verlaufend. Benannt 1926 nach dem Apotheker und Urfahrer Bürgermeister Johann Michael Schwarz (1812-1875).",https://www.linz.at/strassennamen/Default.asp?action=strassendetail&ID=2934,,,Johann Michael Schwarz,,,,,,,,
strasse_2935,2935,Schwayerstraße,Waldegg,Gegenüber dem Objekt Händelstraße 18 etwa in nordnordöstlicher Richtung verlaufende Sackgasse. Benannt 1940 nach dem Dichter Adolf Schwayer (1858-1922).,https://www.linz.at/strassennamen/Default.asp?action=strassendetail&ID=2935,,,Adolf Schwayer,Q19414562,,https://www.wikidata.org/wiki/Q19414562,Adolf Schwayer,male,writer,1858-08-12,1922-05-16
strasse_2936,2936,Schweizerhausgasse,Linz,Von der Martingasse etwa in westsüdwestlicher Richtung zur Römerstraße verlaufend. Benannt 1869 nach einem dort in Schweizer Art erbauten Haus. - Vorher Neuer Weg gegen die Donau (einschließlich Wasserstiege).,https://www.linz.at/strassennamen/Default.asp?action=strassendetail&ID=2936,,,,,,,,,,,
strasse_2937,2937,Schwindstraße,Kleinmünchen,Vor dem Reitzenbeckweg als Sackgasse beginnend und etwa in südwestlicher Richtung verlaufende Sackgasse. Benannt 1929 nach dem Maler Moritz von Schwind (1804-1871).,https://www.linz.at/strassennamen/Default.asp?action=strassendetail&ID=2937,,,Moritz von Schwind,Q551901,,https://www.wikidata.org/wiki/Q551901,Moritz von Schwind,male,painter,1804-01-21,1871-02-08
strasse_2799,2799,Sebastian-Kneipp-Weg,Posch,Vor dem Objekt Falterweg 13 etwa in nordnordöstlicher Richtung verlaufend. Benannt 1997 nach dem naturheilkundigen Pfarrer Sebastian Kneipp (1821-1897).,https://www.linz.at/strassennamen/Default.asp?action=strassendetail&ID=2799,,,Sebastian Kneipp,Q45075,,https://www.wikidata.org/wiki/Q45075,Sebastian Kneipp,male,nutritionist,1821-05-17,1897-06-17
strasse_2800,2800,Seeauerweg,Waldegg,Nach dem Objekt Landwiedstraße 12 etwa in westsüdwestlicher Richtung verlaufende Sackgasse. Benannt 1954 nach einem Adelsgeschlecht.,https://www.linz.at/strassennamen/Default.asp?action=strassendetail&ID=2800,,,,,,,,,,,
strasse_2801,2801,Seidelbastweg,Kleinmünchen,"Nach dem Objekt Siemensstraße 6 etwa in westsüdwestlicher, dann in südsüdöstlicher und wiederum in westsüdwestlicher Richtung zum Bäckermühlweg verlaufend. Benannt 1958 nach der einheimischen Pflanze.",https://www.linz.at/strassennamen/Default.asp?action=strassendetail&ID=2801,,,,,,,,,,,
strasse_2802,2802,Seiderstraße,Pichling,Von der Oidener Straße bei der Bahnhaltestelle Pichling etwa in ostsüdöstlicher Richtung parallel zur Westbahn bis zur Stadtgrenze mit Asten verlaufend. Benannt 1958 nach der einheimischen Fischart.,https://www.linz.at/strassennamen/Default.asp?action=strassendetail&ID=2802,,,,,,,,,,,
strasse_2803,2803,Seilerstätte,Linz,"Nach dem Objekt Rudigierstraße 9 etwa in südsüdöstlicher bzw. südlicher Richtung zur Langgasse verlaufend. Benannt 1869 nach dort einst wohnenden, das Seilergewerbe ausübenden Handwerkern. - Vorher Seilerstatt und Geisterburg nach dem hier bis 1785 gelegenen Barbarafriedhof.",https://www.linz.at/strassennamen/Default.asp?action=strassendetail&ID=2803,,,,,,,,,,,
strasse_2806,2806,Seiseneggergang,Waldegg,"Nach dem Objekt Stadlerstraße 26 in nördlicher Richtung verlaufende Sackgasse. Benannt 1940 nach der Dichterin Katharina Regina von Greiffenberg, einem geborenen Freifräulein von Seysenegg (1633-1694).",https://www.linz.at/strassennamen/Default.asp?action=strassendetail&ID=2806,,,Katharina Regina von Greiffenberg,Q86578,,https://www.wikidata.org/wiki/Q86578,Catharina Regina von Greiffenberg,female,poet,1633-09-07,1694-04-10
strasse_2807,2807,Semmelweisstraße,Lustenau,"Vor dem Objekt Darrgutstraße 13 vorerst etwa in nordöstlicher, dann in nordwestlicher Richtung verlaufende Sackgasse. Benannt 1947 nach dem Entdecker des Kindbettfiebers und Begründers der Antiseptik Ignaz Philipp Semmelweis (1818-1865).",https://www.linz.at/strassennamen/Default.asp?action=strassendetail&ID=2807,,,Ignaz Philipp Semmelweis,Q59736,,https://www.wikidata.org/wiki/Q59736,Ignaz Semmelweis,male,physician,1818-07-01,1865-08-13
strasse_2808,2808,Senefelderstraße,Kleinmünchen,Vor dem Objekt Hausleitnerweg 23 etwa in südöstlicher Richtung zur Schwindstraße verlaufend. Benannt 1932 nach dem Erfinder des Steindrucks Alois Senefelder (1771-1834).,https://www.linz.at/strassennamen/Default.asp?action=strassendetail&ID=2808,,,Alois Senefelder,Q161048,,https://www.wikidata.org/wiki/Q161048,Alois Senefelder,male,inventor,1771-11-06,1834-02-26
strasse_2809,2809,Sennweg,Ebelsberg,Vom Beuttlerweg über den Wambach zur Lenkstraße verlaufend und deren von Nordnordwesten nach Südsüdosten verlaufenden Ast miteinbeziehend. Benannt 1997 nach dem Gemeinderat Oberst Peter Senn (1935-1990).,https://www.linz.at/strassennamen/Default.asp?action=strassendetail&ID=2809,,,Peter Senn,,,,,,,,
strasse_2810,2810,Seppengutweg,Ufer,Nach dem Objekt Traundorfer Straße 126 etwa in südsüdöstlicher Richtung verlaufende Sackgasse. Benannt 1955 nach dem gleichnamigen Bauerngut.,https://www.linz.at/strassennamen/Default.asp?action=strassendetail&ID=2810,,,,,,,,,,,
strasse_2812,2812,Severinusweg,Lustenau,Vor dem Objekt Am Fünfundzwanziger Turm 7 etwa in südöstlicher Richtung verlaufende Sackgasse. Benannt 1946 nach der in der Nähe liegenden (alten) Severinuskirche.,https://www.linz.at/strassennamen/Default.asp?action=strassendetail&ID=2812,,,,,,,,,,,
strasse_2815,2815,Siedlerstraße,Katzbach,Nach dem Objekt Sonnbergerstraße 6 etwa in nordöstlicher Richtung verlaufende Sackgasse. Benannt 1939 zu Ehren der Linzer Siedlerbewegung.,https://www.linz.at/strassennamen/Default.asp?action=strassendetail&ID=2815,,,,,,,,,,,
strasse_2816,2816,Siemensstraße,Kleinmünchen,Vor dem Objekt Salzburger Straße 253 etwa in südsüdöstlicher Richtung zur Neubauzeile verlaufend. Benannt 1942 nach dem deutschen Physiker und Konstrukteur Werner von Siemens (1816-1892).,https://www.linz.at/strassennamen/Default.asp?action=strassendetail&ID=2816,,,Werner von Siemens,Q58577,,https://www.wikidata.org/wiki/Q58577,Werner von Siemens,male,entrepreneur,1816-12-13,1892-12-06
strasse_3475,3475,Simon-Wiesenthal-Platz,Linz,"Platz unmittelbar vor der Frontseite des Nordico-Gebäudes, begrenzt von der Dametzstraße im Westen, der Bethlehemstraße im Süden und dem Nordico im Osten. Benannt 2022 nach dem Gründer der Jüdischen Historischen Dokumentation.",https://www.linz.at/strassennamen/Default.asp?action=strassendetail&ID=3475,,,Simon Wiesenthal,Q49086,,https://www.wikidata.org/wiki/Q49086,Simon Wiesenthal,male,Nazis hunter,1908-12-31,2005-09-20
strasse_2817,2817,Simonystraße,Kleinmünchen,Nach dem Objekt Wiener Straße 398 etwa in westsüdwestlicher Richtung zur Schickmayrstraße verlaufend. Benannt 1945 nach dem Geographen und Erforscher des Dachsteinmassivs Friedrich Simony (1813-1896). - Ab 1942 Pliemstraße nach dem beim nationalsozialistischen Putsch am 25. Juli 1934 ums Leben gekommenen Hugo Pliem.,https://www.linz.at/strassennamen/Default.asp?action=strassendetail&ID=2817,,,Friedrich Simony,Q1462269,,https://www.wikidata.org/wiki/Q1462269,Friedrich Simony,male,geographer,1813-11-30,1896-07-20
strasse_2818,2818,Sintstraße,Lustenau,"Vor dem Objekt Schiffbaustraße 10 etwa in südöstlicher Richtung verlaufende Sackgasse. Benannt 1928 nach dem Linzer Bürger Christian Sint, der 1672 auf der Spitalwiese im Wörth mit der Wollzeugfabrik, die 1969 abgebrochen wurde, die erste Textilmanufaktur in Österreich schuf.",https://www.linz.at/strassennamen/Default.asp?action=strassendetail&ID=2818,,,Christian Sint,,,,,,,,
strasse_3411,3411,Siriusweg,Ufer,Von der Neufelderstraße bogenförmig nach Norden verlaufend. Benannt 2002 nach dem Fixstern Sirius.,https://www.linz.at/strassennamen/Default.asp?action=strassendetail&ID=3411,,,,,,,,,,,
strasse_2819,2819,Sombartstraße,Katzbach,"Beim Objekt Altenberger Straße 35 vorerst etwa in nordwestlicher, dann in westlicher Richtung verlaufende Sackgasse. Benannt 1962 nach dem deutschen Wirtschaftswissenschafter und Soziologen Werner Sombart (1863-1941).",https://www.linz.at/strassennamen/Default.asp?action=strassendetail&ID=2819,,,Werner Sombart,Q58031,,https://www.wikidata.org/wiki/Q58031,Werner Sombart,male,economist,1863-01-19,1941-05-18
strasse_2820,2820,Sommerstraße,Kleinmünchen,"Nach dem Objekt Denkstraße 9 vorerst etwa in südlicher, dann in südsüdöstlicher Richtung zur Zeppelinstraße verlaufend und vor dem Objekt Zeppelinstraße 15 etwa in südsüdöstlicher Richtung zur Dauphinestraße weiterführend. Benannt 1929 nach der Flurbezeichnung Sommerwinkl.",https://www.linz.at/strassennamen/Default.asp?action=strassendetail&ID=2820,,,,,,,,,,,
strasse_2821,2821,Sonnbergerstraße,Katzbach,Nach dem Objekt Freistädter Straße 205 etwa in nordnordwestlicher Richtung zur Linzer Straße verlaufend. Benannt 1939 nach dem Bürgermeister (1891-1896) der damals selbstständigen Gemeinde St. Magdalena Johann Sonnberger.,https://www.linz.at/strassennamen/Default.asp?action=strassendetail&ID=2821,,,Johann Sonnberger,,,,,,,,
strasse_2822,2822,Sonnenpromenade,Waldegg,"Beim Objekt Edelweißberg 18 vorerst etwa in südsüdöstlicher, dann in östlicher Richtung am Westhang des Freinbergs zur Freinbergstraße verlaufend. Benannt 1954 nach der sonnigen Lage dieser Straße.",https://www.linz.at/strassennamen/Default.asp?action=strassendetail&ID=2822,,,,,,,,,,,
strasse_2823,2823,Sonnensteinstraße,Urfahr,Gegenüber dem Objekt Jahnstraße 5 etwa in ostnordöstlicher Richtung verlaufende Sackgasse. Benannt 1903 nach dem Kreishauptmann des Mühlviertels Josef Zächer Ritter von Sonnenstein (1758-1820).,https://www.linz.at/strassennamen/Default.asp?action=strassendetail&ID=2823,,,Josef Zächer Ritter von Sonnenstein,,,,,,,,
strasse_2824,2824,Sophiengutstraße,"Waldegg, Linz","Vor dem Objekt Waldeggstraße 52 vorerst etwa in nordwestlicher, dann in westnordwestlicher Richtung zum Straßenzug Froschberg verlaufend. Benannt 1905 nach dem gleichnamigen Bauerngut.",https://www.linz.at/strassennamen/Default.asp?action=strassendetail&ID=2824,,,,,,,,,,,
strasse_2825,2825,Spallerhofstraße,Waldegg,"Nach dem Objekt Glimpfingerstraße 60 etwa in nordnordwestlicher Richtung zur Muldenstraße verlaufend. Benannt 1940 nach dem Bauerngut Spallerhof, früher als Oberspallergut bezeichnet.",https://www.linz.at/strassennamen/Default.asp?action=strassendetail&ID=2825,,,,,,,,,,,
strasse_2827,2827,Sparkassenplatz,Urfahr,"Zwischen Freistädter Straße, Wildbergstraße und Nestroystraße. Benannt 1972 für die Verdienste, die sich die Allgemeine Sparkasse um die Stadt Linz erworben hat.",https://www.linz.at/strassennamen/Default.asp?action=strassendetail&ID=2827,,,,,,,,,,,
strasse_2828,2828,Spaunstraße,Kleinmünchen,Nach dem Objekt Kremplstraße 8 etwa in südwestlicher Richtung zur Müller-Guttenbrunn-Straße verlaufend. Benannt 1929 nach dem ständischen Syndikus und Mitbegründer des Oberösterreichischen Musealvereines Anton Ritter von Spaun (1790-1849).,https://www.linz.at/strassennamen/Default.asp?action=strassendetail&ID=2828,,,Anton Ritter von Spaun,Q596448,,https://www.wikidata.org/wiki/Q596448,Anton von Spaun,male,jurist,1790-05-31,1849-06-26
strasse_2829,2829,Spazenhofstraße,Pöstlingberg,"Nach dem Objekt Spazgasse 4 vorerst etwa in westlicher und nach einem Bogen in ostsüdöstlicher Richtung zur Berggasse verlaufend. Benannt 1952 nach dem gleichnamigen Hof, der eine Zeitlang im Besitz der Linzer Steinmetzfamilie Spaz war.",https://www.linz.at/strassennamen/Default.asp?action=strassendetail&ID=2829,,,,,,,,,,,
strasse_2830,2830,Spazgasse,"Pöstlingberg, Urfahr","Nach dem Objekt Hagenstraße 29 vorerst etwa in südlicher, dann in südöstlicher Richtung zur Berggasse verlaufend. Benannt 1926 nach der Linzer Steinmetzfamilie Spaz (auch Spazzio oder Spätz), deren Mitglieder Marco, Johann und Peter im 17. Jahrhundert als Bildhauer und Steinmetze in oberösterreichischen Klöstern und im Linzer Landhaus tätig waren.",https://www.linz.at/strassennamen/Default.asp?action=strassendetail&ID=2830,,,,,,,,,,,
strasse_2831,2831,Spechtweg,Posch,Vom Zeisigweg parallel zum Elsternweg etwa in westlicher Richtung verlaufende Sackgasse. Benannt 1990 nach einer heimischen Vogelart.,https://www.linz.at/strassennamen/Default.asp?action=strassendetail&ID=2831,,,,,,,,,,,
strasse_2832,2832,Sperberweg,Posch,"Nach dem Objekt Schwaigaustraße 51 vorerst in nördlicher, dann in westlicher Richtung verlaufende Sackgasse. Benannt 1958 nach der einheimischen Vogelart.",https://www.linz.at/strassennamen/Default.asp?action=strassendetail&ID=2832,,,,,,,,,,,
strasse_2833,2833,Sperlstraße,Katzbach,"Vor dem Objekt Johann-Wilhelm-Klein-Straße 51 etwa in westnordwestlicher Richtung verlaufende Sackgasse. Benannt 1971 nach dem Rechtsgelehrten, Erzähler und Romanschriftsteller Hans Sperl (1861-1959).",https://www.linz.at/strassennamen/Default.asp?action=strassendetail&ID=2833,,,Hans Sperl,Q22675678,,https://www.wikidata.org/wiki/Q22675678,Hans Sperl,male,poet lawyer,1861-11-13,1959-03-03
strasse_2834,2834,Spindelbaumweg,Kleinmünchen,"Nach dem Objekt Neubauzeile 89 etwa in südöstlicher Richtung verlaufende Sackgasse. Benannt 1958 nach dem Spindel- oder Spillbaum, dessen Holz für die Spindeln an den Spinnrädern verwendet wurde.",https://www.linz.at/strassennamen/Default.asp?action=strassendetail&ID=2834,,,,,,,,,,,
strasse_2835,2835,Spinnereistraße,Kleinmünchen,Gegenüber dem Objekt Wiener Straße 414 etwa in ostnordöstlicher bzw. nordöstlicher Richtung zur Lunzerstraße verlaufend. Benannt 1929 nach der Kleinmünchner Aktienspinnerei (heute Linz Textil AG).,https://www.linz.at/strassennamen/Default.asp?action=strassendetail&ID=2835,,,,,,,,,,,
strasse_2837,2837,Spittelwiese,Linz,Nach dem Objekt Landstraße 22 etwa in westsüdwestlicher Richtung zur Herrenstraße verlaufend. Altbenannt nach der im 16. Jahrhundert zum Bürgerspital gehörigen Wiese.,https://www.linz.at/strassennamen/Default.asp?action=strassendetail&ID=2837,Q106686179,https://www.wikidata.org/wiki/Q106686179,,,,,,,,,
strasse_2840,2840,Spitzweg,Katzbach,"Vor dem Objekt Freistädter Straße 299 etwa in nordnordwestlicher Richtung zum Niedermayrweg verlaufend. Benannt 1998 nach dem Gründer der Firma Spitz, Salomon Spitz (1828-1918).",https://www.linz.at/strassennamen/Default.asp?action=strassendetail&ID=2840,,,Salomon Spitz,,,,,,,,
strasse_2938,2938,Stadlbauerstraße,Urfahr,Nach dem Objekt Kaarstraße 8 etwa in nordnordwestlicher Richtung zur Jägerstraße verlaufend. Benannt 1888 nach dem Gastwirt und Urfahrer Bürgermeister Leopold Stadlbauer (1821-1886).,https://www.linz.at/strassennamen/Default.asp?action=strassendetail&ID=2938,,,Leopold Stadlbauer,,,,,,,,
strasse_2940,2940,Stadlerstraße,Waldegg,"Vor dem Mörikeweg als Sackgasse beginnend, vorerst etwa in nordnordwestlicher, dann in westlicher und südwestlicher Richtung zur Landwiedstraße verlaufend. Benannt 1945 nach dem Tischlermeister Josef Stadler 1908-1945, 1944 von der Gestapo verhaftet und vermutlich im KZ Mauthausen umgekommen. - 1941 Boelckestraße nach dem Kampfflieger des 1. Weltkrieges Oswald Boelcke 1891-1916.",https://www.linz.at/strassennamen/Default.asp?action=strassendetail&ID=2940,,,Josef Stadler,,,,,,,,
strasse_2942,2942,Stahlstraße,St. Peter,Von der Aigengutstraße zur Werkseinfahrt 1 der voestalpine etwa in südsüdwestlicher Richtung verlaufende und in südwestliche Richtung umbiegende ehemalige Werkshauptstraße. Benannt 1995.,https://www.linz.at/strassennamen/Default.asp?action=strassendetail&ID=2942,,,,,,,,,,,
strasse_2943,2943,Stanglhofweg,Waldegg,"Nach dem Objekt Roseggerstraße 47 vorerst etwa in südöstlicher, dann in südsüdwestlicher und westlicher Richtung zur Roseggerstraße zurückführend. Benannt 1979 nach dem gleichnamigen Bauerngut.",https://www.linz.at/strassennamen/Default.asp?action=strassendetail&ID=2943,,,,,,,,,,,
strasse_2944,2944,Starenweg,Pichling,Nach dem Objekt Oidener Straße 46 etwa in südlicher Richtung verlaufende Sackgasse. Benannt 1967 nach der einheimischen Vogelart.,https://www.linz.at/strassennamen/Default.asp?action=strassendetail&ID=2944,,,,,,,,,,,
strasse_2946,2946,Starhembergstraße,Linz,Nach dem Objekt Mozartstraße 44 etwa in südsüdöstlicher Richtung verlaufende Sackgasse. Benannt 1869 nach dem oberösterreichischen Adelsgeschlecht der Fürsten von Starhemberg.,https://www.linz.at/strassennamen/Default.asp?action=strassendetail&ID=2946,,,,,,,,,,,
strasse_2947,2947,Statznergutweg,Katzbach,Gegenüber dem Objekt Katzbachweg 12 etwa in nördlicher Richtung zum Statznergut verlaufende Sackgasse. Benannt 1958 nach diesem Bauerngut.,https://www.linz.at/strassennamen/Default.asp?action=strassendetail&ID=2947,,,,,,,,,,,
strasse_2948,2948,Stechergasse,Waldegg,"Nach dem Objekt Ramsauerstraße 56 vorerst in westlicher, dann in südlicher und südwestlicher Richtung zur Landwiedstraße verlaufend. Benannt 1957 nach dem in Linz tätigen Maler Franz Stecher (1814-1853).",https://www.linz.at/strassennamen/Default.asp?action=strassendetail&ID=2948,,,Franz Stecher,Q15428464,,https://www.wikidata.org/wiki/Q15428464,Franz Anton Stecher,male,painter,1814-08-16,1853-08-19
strasse_2949,2949,Stefan-Demuth-Weg,Kleinmünchen,Von der Kreiskystraße etwa in südwestlicher Richtung zur Auwiesenstraße (Nebenfahrbahn) verlaufend. Benannt 1992 nach dem sozialistischen Landeshauptmann-Stellvertreter Stefan Demuth (1912-1988).,https://www.linz.at/strassennamen/Default.asp?action=strassendetail&ID=2949,,,Stefan Demuth,Q2336144,,https://www.wikidata.org/wiki/Q2336144,Stefan Demuth,male,politician,1912-05-05,1988-02-23
strasse_2950,2950,Stefan-Fechter-Weg,Linz,"Nach dem Objekt Lederergasse 19 vorerst etwa in nordnordwestlicher, dann in westsüdwestlicher Richtung verlaufende Sackgasse. Benannt 1988 nach Vizebürgermeister Stefan Fechter (1919-1969).",https://www.linz.at/strassennamen/Default.asp?action=strassendetail&ID=2950,,,Stefan Fechter,,,,,,,,
strasse_2952,2952,Steinackerweg,Kleinmünchen,"Von der Landwiedstraße vorerst etwa in östlicher, dann in südöstlicher, nordöstlicher und nordnordwestlicher Richtung verlaufende Sackgasse. Benannt 1958 nach dem Führer der Volksdeutschen Ungarns Edmund Steinacker (1839-1927).",https://www.linz.at/strassennamen/Default.asp?action=strassendetail&ID=2952,,,Edmund Steinacker,Q1286870,,https://www.wikidata.org/wiki/Q1286870,Edmund Steinacker,male,politician,1838-08-23,1929-03-19
strasse_2953,2953,Steinbauerstraße,Urfahr,Nach dem Objekt Wischerstraße 22 etwa in nordnordwestlicher Richtung zur Petrinumstraße verlaufend. Benannt 1926 nach dem Urfahrer Bürgermeister Josef Steinbauer (1796-1869).,https://www.linz.at/strassennamen/Default.asp?action=strassendetail&ID=2953,,,Josef Steinbauer,,,,,,,,
strasse_2954,2954,Steingasse,Linz,Nach dem Objekt Herrenstraße 12 etwa in westsüdwestlicher Richtung zur Kapuzinerstraße verlaufend. Altbenannt (nach Chroniknachrichten 1718 eröffnet). - 1730 Kapuzinergasse. 1781 Kapuziner oder Nußbaumgasse. 1800 Nußbaum- oder Steingasse.,https://www.linz.at/strassennamen/Default.asp?action=strassendetail&ID=2954,,,,,,,,,,,
strasse_2957,2957,Stelzerstraße,Linz,"Nach dem Objekt Gruberstraße 33 vorerst etwa in östlicher, dann in ostnordöstlicher Richtung zur Holzstraße verlaufend. Benannt 1940 nach dem aus Linz gebürtigen Schauspieler Sebastian Stelzer (1849-1892).",https://www.linz.at/strassennamen/Default.asp?action=strassendetail&ID=2957,,,Sebastian Stelzer,Q55675200,,https://www.wikidata.org/wiki/Q55675200,Sebastian Stelzer,male,actor,1849-11-26,1892-03-31
strasse_2958,2958,Stelzhamerstraße,Linz,Nach dem Objekt Landstraße 86 etwa in westsüdwestlicher Richtung zur Volksgartenstraße verlaufend. Benannt 1874 nach dem oberösterreichischen Mundartdichter Franz Stelzhamer (1802-1874).,https://www.linz.at/strassennamen/Default.asp?action=strassendetail&ID=2958,,,Franz Stelzhamer,Q45580,,https://www.wikidata.org/wiki/Q45580,Franz Stelzhamer,male,writer,1802-11-29,1874-07-14
strasse_3478,3478,Sterneggstraße,Kleinmünchen,"Nach dem Objekt Wegscheider Straße 52 etwa in ostnordöstlicher Richtung zur Pyhrnbahn und dann nach Norden zur Schererstraße verlaufend. Benannt 2023 nach Ernestine von Sternegg (1711–1762), Gründerin des Linzer Elisabethinenklosters. 1956-2023 Gföllnerstraße nach dem Linzer Bischof Johannes Maria Gföllner (1867-1941).",https://www.linz.at/strassennamen/Default.asp?action=strassendetail&ID=3478,,,Ernestine von Sternegg,Q94991958,,https://www.wikidata.org/wiki/Q94991958,Maria Ernestine von Sternegg,female,monastery founder,1711-07-21,1762-04-29
strasse_2961,2961,Sternwarteweg,Waldegg,"Von der Leondinger Straße gegenüber der Einmündung der Ziegeleistraße vorerst etwa in westlicher, dann in nordwestlicher Richtung verlaufende Sackgasse. Benannt 1984 nach der von der Astronomischen Gemeinschaft Johannes Kepler errichteten Volkssternwarte.",https://www.linz.at/strassennamen/Default.asp?action=strassendetail&ID=2961,,,,,,,,,,,
strasse_2962,2962,Steyregger Weg,Lustenau,Vom Ende der St.-Peter-Straße etwa in östlicher Richtung verlaufende Sackgasse (ursprünglich zur Steyregger Eisenbahnbrücke verlaufend). Benannt 1954 als Richtungsbezeichnung nach der Stadt Steyregg.,https://www.linz.at/strassennamen/Default.asp?action=strassendetail&ID=2962,,,,,,,,,,,
strasse_2963,2963,Stiblerweg,Kleinmünchen,"Vor dem Objekt Spaunstraße 128 vorerst etwa in nordnordwestlicher, dann in südwestlicher und südsüdöstlicher Richtung wiederum zur Spaunstraße verlaufend. Benannt 1962 nach dem Pfarrer und oberösterreichischen Mundartdichter Georg Stibler-Wagenleithner (1861-1930).",https://www.linz.at/strassennamen/Default.asp?action=strassendetail&ID=2963,,,Georg Stibler-Wagenleithner,,,,,,,,
strasse_2964,2964,Stieglbauernstraße,Lustenau,Nach dem Objekt Franckstraße 23b vorerst etwa in nordöstlicher und ostnordöstlicher bzw. östlicher Richtung zur Ing.-Stern-Straße verlaufend. Benannt 1934 nach den alten Bauernhäusern Oberer Stieglbauer und Unterer Stieglbauer. Ein Gut an der Stigl wird 1340 erstmals erwähnt. - 1931 Dr.-Viktor-Adler-Straße nach dem Mitbegründer der Sozialdemokratischen Partei Österreichs Viktor Adler (1852-1918).,https://www.linz.at/strassennamen/Default.asp?action=strassendetail&ID=2964,,,,,,,,,,,
strasse_2965,2965,Stieglitzweg,Posch,Nach dem Objekt Schwaigaustraße 23 etwa in nordnordöstlicher Richtung zur Traundorfer Straße verlaufend. Benannt 1958 nach der einheimischen Vogelart.,https://www.linz.at/strassennamen/Default.asp?action=strassendetail&ID=2965,,,,,,,,,,,
strasse_2967,2967,Stifterstraße,Linz,"Nach dem Objekt Herrenstraße 38 etwa in westlicher Richtung zur Hopfengasse verlaufend. Benannt 1869 nach dem Dichter und Schulrat Adalbert Stifter (1805-1868). - 1730 Mittlere Capuzinerfeldgassen. 1781 Äußere Capuzinerfeldstraße. 1800 Wurmgasse, dann Innere Wurmstraße.",https://www.linz.at/strassennamen/Default.asp?action=strassendetail&ID=2967,,,Adalbert Stifter,Q168542,,https://www.wikidata.org/wiki/Q168542,Adalbert Stifter,male,writer,1805-10-23,1868-01-28
strasse_2970,2970,Stockbauernstraße,Waldegg,Nach dem Objekt Auf der Gugl 28 etwa in südöstlicher und südlicher Richtung zur Bockgasse verlaufend. Benannt 1913 nach dem gleichnamigen ehemaligen Bauerngut.,https://www.linz.at/strassennamen/Default.asp?action=strassendetail&ID=2970,,,,,,,,,,,
strasse_2971,2971,Stockenhuberweg,Katzbach,Von der Hayekstraße etwa in westlicher Richtung zur Further Straße verlaufend. Benannt 1999 nach dem Bildhauer Prof. Max Stockenhuber (1921-1998).,https://www.linz.at/strassennamen/Default.asp?action=strassendetail&ID=2971,,,Max Stockenhuber,,,,,,,,
strasse_2845,2845,Stockhofstraße,Linz,"Von der Wurmstraße als Fortsetzung der Herrenstraße etwa in südlicher, südsüdwestlicher und westsüdwestlicher Richtung zur Waldeggstraße verlaufend. Benannt 1869 nach dem 1906 demolierten Stockhof, seit 1771 Eigentum der Stadt Linz, seit 1805 der oberösterreichischen Stände. - Vorher unterteilt in Stockhofgasse (1815 auch Harras genannt), Lammfeld, Lammwirtsfeld, Lammwirtsfeldgasse und Lammwirtsteich.",https://www.linz.at/strassennamen/Default.asp?action=strassendetail&ID=2845,Q107102790,https://www.wikidata.org/wiki/Q107102790,,,,,,,,,
strasse_2973,2973,Stockholmweg,Pöstlingberg,"Nach dem Objekt Höllmühlstraße 14 vorerst etwa in ostnordöstlicher, dann in nördlicher Richtung verlaufende Sackgasse. Benannt 1956 nach der schwedischen Hauptstadt als Dank für die Hilfe nach der Hochwasserkatastrophe vom Juli 1954. - 1955 Stelzerfeldstraße nach einem Flurnamen.",https://www.linz.at/strassennamen/Default.asp?action=strassendetail&ID=2973,,,,,,,,,,,
strasse_2976,2976,Storchenweg,Pichling,Vom Dachsweg etwa in ostsüdöstlicher Richtung verlaufende Sackgasse. Benannt 1958 nach der einheimischen Vogelart.,https://www.linz.at/strassennamen/Default.asp?action=strassendetail&ID=2976,,,,,,,,,,,
strasse_2977,2977,Strabergerstraße,Urfahr,"Nach dem Objekt Freistädter Straße 47 vorerst etwa in nördlicher, dann in westlicher und wiederum nördlicher Richtung zur Harruckerstraße verlaufend. Benannt 1945 nach dem Oberpostkontrollor und Vizepräsidenten des Landesmuseums Joseph Straberger (1836-1905). - 1942 Udetstraße nach dem General der Flieger Ernst Udet (1896-1943).",https://www.linz.at/strassennamen/Default.asp?action=strassendetail&ID=2977,,,Joseph Straberger,,,,,,,,
strasse_2846,2846,Strachgasse,Lustenau,Nach dem Objekt Fichtenstraße 18 etwa in südsüdöstlicher Richtung verlaufende Sackgasse. Benannt 1925 nach einem Flurnamen.,https://www.linz.at/strassennamen/Default.asp?action=strassendetail&ID=2846,,,,,,,,,,,
strasse_2848,2848,Straßerau,Linz,"Von der Hafenstraße unmittelbar nach der Verbindungsbahn vorerst etwa in nordwestlicher, dann in nordöstlicher und wiederum in nordwestlicher Richtung verlaufende Sackgasse. Benannt 1985 nach der ehemaligen Donauinsel, die durch ein Hochwasser des Jahres 1572 gebildet und im Zuge der Donauregulierung (1889-1892) des Inselcharakters beraubt wurde. Die Bezeichnung war im 19. Jahrhundert nach dem ehemaligen Besitzer Anton Straßer üblich.",https://www.linz.at/strassennamen/Default.asp?action=strassendetail&ID=2848,,,,,,,,,,,
strasse_2851,2851,Straßlandweg,Kleinmünchen,Als Sackgasse beginnend und etwa in südsüdöstlicher Richtung zur Denkstraße verlaufend. Benannt 1958 nach einem Flurnamen.,https://www.linz.at/strassennamen/Default.asp?action=strassendetail&ID=2851,,,,,,,,,,,
strasse_2852,2852,Strattnerstraße,St. Peter,"Als Sackgasse beim Mühlbachbahnhof beginnend und etwa in ostnordöstlicher Richtung zur Gaisbergerstraße verlaufend. 1958 wurde der von der Wiener Straße zur Westbahn führende Teil in die Madlsederstraße einbezogen. Benannt 1933 nach Christoph Strattner, Marktrichter zu Frankenburg, der als Opfer des Frankenburger Würfelspiels 1625 gehenkt wurde.",https://www.linz.at/strassennamen/Default.asp?action=strassendetail&ID=2852,,,Christoph Strattner,Q1085942,,https://www.wikidata.org/wiki/Q1085942,Christoph Strattner,male,,1600-01-01,1625-05-01
strasse_2853,2853,Straubingstraße,Posch,"Von der Bremenstraße vorerst in nordnordöstlicher Richtung verlaufend, dann in nordwestliche Richtung umbiegend und wieder in die Bremenstraße einmündend. Benannt 1997 nach der deutschen Stadt Straubing.",https://www.linz.at/strassennamen/Default.asp?action=strassendetail&ID=2853,,,,,,,,,,,
strasse_2855,2855,Streicherstraße,Kleinmünchen,Nach dem Objekt Hausleitnerweg 61 etwa in südöstlicher Richtung zur Spaunstraße verlaufend. Benannt 1932 nach dem oberösterreichischen Dichter Gustav Streicher (1873-1915).,https://www.linz.at/strassennamen/Default.asp?action=strassendetail&ID=2855,,,Gustav Streicher,Q1556437,,https://www.wikidata.org/wiki/Q1556437,Gustav Streicher,male,writer,1873-07-02,1915-08-12
strasse_2856,2856,Streimlingweg,Katzbach,Gegenüber dem Objekt Dornacher Straße 27 etwa in östlicher Richtung zur Glaserstraße verlaufend. Benannt 1958 nach einem Flurnamen.,https://www.linz.at/strassennamen/Default.asp?action=strassendetail&ID=2856,,,,,,,,,,,
strasse_2857,2857,Strindbergweg,"Pöstlingberg, Katzbach",Gegenüber dem Objekt Göteborgweg 6 etwa in südlicher Richtung verlaufende Sackgasse. Benannt 1979 nach dem schwedischen Dichter August Strindberg (1849-1912).,https://www.linz.at/strassennamen/Default.asp?action=strassendetail&ID=2857,,,August Strindberg,Q7724,,https://www.wikidata.org/wiki/Q7724,August Strindberg,male,playwright,1849-01-22,1912-05-14
strasse_2858,2858,Strnadtweg,Waldegg,"Nach dem Objekt Glimpfingerstraße 85 etwa in südsüdöstlicher Richtung zur Scheibenpogenstraße verlaufend. Benannt 1940 nach dem Oberlandesgerichtsrat, Landtagsabgeordneten und Landesausschussmitglied Julius Strnadt (1833-1917), der viele Arbeiten zur Geschichte Oberösterreichs verfasste.",https://www.linz.at/strassennamen/Default.asp?action=strassendetail&ID=2858,,,Julius Strnadt,Q1713013,,https://www.wikidata.org/wiki/Q1713013,Julius Strnad,male,regional historian,1833-12-23,1917-11-05
strasse_2859,2859,Strondlweg,Kleinmünchen,Vom Straßenzug Kleinwört bogenförmig etwa in westlicher Richtung wiederum zu diesem Straßenzug zurückführend. Benannt 1957 nach dem verdienten Siedlungsgenossenschafter Martin Strondl (1897-1954).,https://www.linz.at/strassennamen/Default.asp?action=strassendetail&ID=2859,,,Martin Strondl,,,,,,,,
strasse_2860,2860,Stülzgasse,Kleinmünchen,Von der Schörgenhubstraße etwa in westlicher Richtung zur A7 verlaufende Sackgasse. Benannt 1966 nach dem Chorherren von St. Florian und Historiker Jodok Stülz (1799-1872). - Vorher Teil der Holzingerstraße.,https://www.linz.at/strassennamen/Default.asp?action=strassendetail&ID=2860,,,Jodok Stülz,Q1358584,,https://www.wikidata.org/wiki/Q1358584,Jodocus Stülz,male,historian,1799-02-23,1872-06-28
strasse_2842,2842,Südtirolerstraße,Linz,Nach dem Objekt Bürgerstraße 10 etwa in südsüdöstlicher Richtung zur Blumauerstraße verlaufend. Ab 2011 Einbeziehung der von der Blumauerstraße zur Bahnhofstraße führenden neu geschaffenen Stichstraße. Benannt 1931 zur Erinnerung an den Verlust Südtirols nach dem 1. Weltkrieg. - Ab 1869 Schützenstraße.,https://www.linz.at/strassennamen/Default.asp?action=strassendetail&ID=2842,,,,,,,,,,,
strasse_2844,2844,Suttnerstraße,Ufer,"Nach dem Objekt Neufelderstraße 103 etwa in nördlicher Richtung verlaufende Sackgasse. Benannt 1963 nach der österreichischen Schriftstellerin und Friedensnobelpreisträgerin Bertha Freiin von Suttner, geborene Gräfin von Kinsky (1843-1914).",https://www.linz.at/strassennamen/Default.asp?action=strassendetail&ID=2844,,,Bertha von Suttner,Q18456,,https://www.wikidata.org/wiki/Q18456,Bertha von Suttner,female,writer,1843-06-09,1914-06-21
strasse_2978,2978,Tabergerweg,Pöstlingberg,Nach dem Objekt Hohe Straße 99 etwa in nordwestlicher Richtung zur Stadtgrenze mit Puchenau verlaufend. Benannt 1954 nach dem gleichnamigen Bauerngut.,https://www.linz.at/strassennamen/Default.asp?action=strassendetail&ID=2978,,,,,,,,,,,
strasse_2980,2980,Talgasse,Urfahr,Nach dem Objekt Ottensheimer Straße 92 etwa in nördlicher bzw. nordnordwestlicher Richtung zur Rudolfstraße verlaufend. Benannt 1875. - Vorher Teil des Nagelgrabens.,https://www.linz.at/strassennamen/Default.asp?action=strassendetail&ID=2980,,,,,,,,,,,
strasse_2981,2981,Tannenstraße,Katzbach,Von der Mauthausener Straße etwa in ostnordöstlicher Richtung verlaufende Sackgasse. Benannt 1974 nach der einheimischen Baumart.,https://www.linz.at/strassennamen/Default.asp?action=strassendetail&ID=2981,,,,,,,,,,,
strasse_2982,2982,Taubenmarkt,Linz,"Platz bei der Schmidtorstraße, Landstraße, Promenade und Graben. Benannt 1952 nach dem hier bis 1880 abgehaltenen Geflügelmarkt. Inoffiziell früher bereits so bezeichnet.",https://www.linz.at/strassennamen/Default.asp?action=strassendetail&ID=2982,Q23690572,https://www.wikidata.org/wiki/Q23690572,,,,,,,,,
strasse_2983,2983,Tauberweg,Waldegg,Nach dem Objekt Stockbauernstraße 16 etwa in westlicher Richtung verlaufende Sackgasse. Benannt 1971 nach dem in Linz geborenen Tenor und Operettenkomponisten Richard Tauber (1891-1948).,https://www.linz.at/strassennamen/Default.asp?action=strassendetail&ID=2983,,,Richard Tauber,Q78632,,https://www.wikidata.org/wiki/Q78632,Richard Tauber,male,opera singer,1891-05-16,1948-01-08
strasse_3446,3446,Tausskyweg,Pichling,"Von der Rathfeldstraße in nordöstlicher Richtung zum Storchenweg verlaufende, ca. 200 Meter lange Verkehrsfläche. Benannt 2011 nach der international renommierten Mathematikerin Olga Taussky (1906-1995).",https://www.linz.at/strassennamen/Default.asp?action=strassendetail&ID=3446,,,Olga Taussky,Q113741,,https://www.wikidata.org/wiki/Q113741,Olga Taussky-Todd,female,mathematician,1906-08-30,1995-10-07
strasse_2984,2984,Tegetthoffstraße,Linz,"Nach dem Objekt Karl-Wiser-Straße 29 etwa in südöstlicher Richtung zur Weingartshofstraße verlaufend. Benannt 1876 nach Admiral Wilhelm Freiherrn von Tegetthoff (1827-1871), dem Sieger in der Seeschlacht bei Lissa (1866) über die Italiener.",https://www.linz.at/strassennamen/Default.asp?action=strassendetail&ID=2984,,,Admiral Wilhelm von Tegetthoff,Q310509,,https://www.wikidata.org/wiki/Q310509,Wilhelm von Tegetthoff,male,naval officer,1827-12-23,1871-04-07
strasse_2986,2986,Teichstraße,Katzbach,Nach dem Objekt Freistädter Straße 214 etwa in südöstlicher Richtung zur A7 verlaufende Sackgasse. Benannt 1939 nach dem beim ehemaligen Gasthof Zur Gondelfahrt gelegenen Teich.,https://www.linz.at/strassennamen/Default.asp?action=strassendetail&ID=2986,,,,,,,,,,,
strasse_2987,2987,Teistlergutstraße,Urfahr,"Nach dem Objekt Knabenseminarstraße 52 vorerst etwa in nordöstlicher, dann in östlicher Richtung zur Leonfeldner Straße verlaufend. Benannt 1926 nach dem gleichnamigen Bauerngut.",https://www.linz.at/strassennamen/Default.asp?action=strassendetail&ID=2987,,,,,,,,,,,
strasse_2988,2988,Teuflstraße,Waldegg,"Nach dem Objekt Stadlerstraße 19 vorerst etwa in südlicher, dann in südsüdöstlicher Richtung zur Eichendorffstraße verlaufend. Benannt 1945 als Teufelstraße nach dem Schlosser Josef Teufl 1904-1945, der im Konzentrationslager Mauthausen umkam. 2000 Berichtigung der Schreibweise von Teufel- auf Teuflstraße. - 1942 Immelmannstraße nach dem Kampfflieger des 1. Weltkrieges Max Immelmann 1890-1916.",https://www.linz.at/strassennamen/Default.asp?action=strassendetail&ID=2988,,,Josef Teufl,Q1705881,,https://www.wikidata.org/wiki/Q1705881,Josef Teufl,male,trade unionist,1904-11-24,1945-04-01
strasse_2989,2989,Teutschmannweg,Kleinmünchen,Vor dem Objekt Schwindstraße 41 etwa in südsüdöstlicher Richtung zum Angerholzerweg verlaufend. Benannt 1954 nach dem Dichter Karl Teutschmann (1855-1928).,https://www.linz.at/strassennamen/Default.asp?action=strassendetail&ID=2989,,,Karl Teutschmann,Q102079544,,https://www.wikidata.org/wiki/Q102079544,Karl Teutschmann,male,writer,1855-11-01,1928-08-10
strasse_2990,2990,Thanhoferstraße,Kleinmünchen,"Von der Dallingerstraße vorerst in nördlicher, dann in westlicher Richtung verlaufende Sackgasse. Benannt 1989 nach dem Arbeiterkammerpräsidenten Franz Thanhofer (1905-1983).",https://www.linz.at/strassennamen/Default.asp?action=strassendetail&ID=2990,,,Franz Thanhofer,Q27982401,,https://www.wikidata.org/wiki/Q27982401,Franz Thanhofer,male,politician,1905-11-28,1983-11-28
strasse_2991,2991,Theatergasse,Linz,"Nach dem Objekt Altstadt 30 etwa in westsüdwestlicher Richtung zur Promenade verlaufend. Benannt 1950. - Als Theatergasse nach dem Stadtbrand von 1800 anstelle des ständischen Aufschlägerhauses als Fluchtweg für den Brandfall durchgebrochen. 1869 Teil der Klosterstraße. 1934 Freiwillige-Schützen-Straße, nach dem Regiment der oberösterreichischen Freiwilligen Schützen, das im Frühjahr 1915 aufgeboten wurde.",https://www.linz.at/strassennamen/Default.asp?action=strassendetail&ID=2991,Q107404826,https://www.wikidata.org/wiki/Q107404826,,,,,,,,,
strasse_3464,3464,Theodor-Grill-Straße,Posch,Von der Auhirschgasse in westsüdwestlicher Richtung abzweigend und mit einem Knick nach Südwesten als Sackgasse endend. Benannt 2019 nach dem ehemaligen Linzer Bürgermeister Theodor Grill (1902-1986).,https://www.linz.at/strassennamen/Default.asp?action=strassendetail&ID=3464,,,Theodor Grill,Q1765850,,https://www.wikidata.org/wiki/Q1765850,Theodor Grill,male,politician,1902-10-15,1986-08-06
strasse_3430,3430,Theresia-Brandl-Weg,Kleinmünchen,"Der Theresia-Brandl-Weg verläuft von der Saporoshjestraße dem Jauckerbach entlang nach Westen bzw. Südwesten und endet als Sackgasse. Benannt 2007 nach Theresia Brandl (1890-1969), die von 1919 bis 1923 dem Kleinmünchner Gemeindeausschuss und nach der Eingemeindung von Kleinmünchen bis 1927 dem Linzer Gemeinderat angehörte.",https://www.linz.at/strassennamen/Default.asp?action=strassendetail&ID=3430,,,Theresia Brandl,Q109577922,,https://www.wikidata.org/wiki/Q109577922,Theresia Brandl,female,local politician,1890-03-02,1969-10-09
strasse_3412,3412,Thomas-Bernhard-Weg,Lustenau,Von der Hamerlingstraße in südlicher Richtung zur Raimundstraße verlaufend. Benannt 2002 nach dem Schriftsteller Thomas Bernhard (1931-1989).,https://www.linz.at/strassennamen/Default.asp?action=strassendetail&ID=3412,,,Thomas Bernhard,Q44336,,https://www.wikidata.org/wiki/Q44336,Thomas Bernhard,male,writer,1931-02-09,1989-02-12
strasse_2994,2994,Thürheimerstraße,Waldegg,Gegenüber dem Objekt Landwiedstraße 25 etwa in westsüdwestlicher Richtung zur Stadtgrenze mit Leonding verlaufend. Benannt 1945 nach einem oberösterreichischen Adelsgeschlecht. - 1940 Uhratingerstraße nach dem beim nationalsozialistischen Juliputsch 1934 erschossenen Karl Uhratinger.,https://www.linz.at/strassennamen/Default.asp?action=strassendetail&ID=2994,,,,,,,,,,,
strasse_2995,2995,Tiefer Graben,Linz,"Nach dem Objekt Lessingstraße 26 vorerst etwa in westlicher, dann in nördlicher und wiederum in westlicher Richtung zur Römerstraße verlaufend. Altbenannt (schon 1808). - Von 1869 bis 1881 war er in die Kürenberggasse einbezogen.",https://www.linz.at/strassennamen/Default.asp?action=strassendetail&ID=2995,,,,,,,,,,,
strasse_2996,2996,Tobersbergerweg,Urfahr,"Nach dem Objekt Am Grünen Hang 9 vorerst etwa in südsüdöstlicher, dann in ostnordöstlicher Richtung verlaufende Sackgasse. Benannt 1954 nach dem ersten Gemeinderichter von Urfahr (1784-1790) Johann Michael Tobersberger.",https://www.linz.at/strassennamen/Default.asp?action=strassendetail&ID=2996,,,Johann Michael Tobersberger,,,,Johann Michael Tobersberger,,,,
strasse_2998,2998,Toisenweg,Katzbach,"Nach dem Objekt Burgstallweg 14 vorerst etwa in südsüdöstlicher, dann in ostnordöstlicher Richtung verlaufende Sackgasse. Benannt 1958 nach einem Flurnamen.",https://www.linz.at/strassennamen/Default.asp?action=strassendetail&ID=2998,,,,,,,,,,,
strasse_3427,3427,Tomaschekweg,Katzbach,"Von der Linzer Straße zunächst in östlicher, dann in nordöstlicher Richtung verlaufende Sackgasse. Benannt 2006 nach Anna Tomaschek (1867-1938), die 1918 als einzige Frau der Gemeindevertretung der Stadt Urfahr angehörte.",https://www.linz.at/strassennamen/Default.asp?action=strassendetail&ID=3427,,,Anna Tomaschek,Q109578284,,https://www.wikidata.org/wiki/Q109578284,Anna Tomaschek,female,local politician,1867-05-02,1938-01-21
strasse_2999,2999,Torbergweg,Ebelsberg,"Von der Ennsfeldstraße gegenüber der Abzweigung des Werfelweges etwa in südöstlicher Richtung verlaufende Sackgasse. Benannt 1994 nach dem Schriftsteller, Journalisten und Übersetzer Friedrich Torberg (1908-1979).",https://www.linz.at/strassennamen/Default.asp?action=strassendetail&ID=2999,,,Friedrich Torberg,Q112880,,https://www.wikidata.org/wiki/Q112880,Friedrich Torberg,male,linguist,1908-09-16,1979-11-10
strasse_3001,3001,Traklweg,Ebelsberg,Von der Ennsfeldstraße etwa in westlicher Richtung verlaufende Sackgasse. Benannt 1993 nach dem Lyriker Georg Trakl (1887-1914).,https://www.linz.at/strassennamen/Default.asp?action=strassendetail&ID=3001,,,Georg Trakl,Q78476,,https://www.wikidata.org/wiki/Q78476,Georg Trakl,male,poet,1887-02-03,1914-11-03
strasse_3002,3002,Traunauweg,Kleinmünchen,Nach dem Objekt Wiener Straße 444 etwa in westsüdwestlicher Richtung verlaufende Sackgasse. Benannt 1951 nach einem alten Lokalnamen.,https://www.linz.at/strassennamen/Default.asp?action=strassendetail&ID=3002,,,,,,,,,,,
strasse_3003,3003,Traundorfer Straße,"Ufer, Posch, Pichling","Von der Wiener Straße nach der Kaserne Ebelsberg vorerst etwa in nordnordwestlicher, dann in östlicher, südöstlicher und südlicher bzw. südsüdwestlicher Richtung zum Schwalbenweg verlaufend. Benannt 1954 nach der gleichnamigen Konskriptionsortschaft.",https://www.linz.at/strassennamen/Default.asp?action=strassendetail&ID=3003,,,,,,,,,,,
strasse_3004,3004,Trautnerweg,Posch,Vom Zeisigweg in westnordwestlicher Richtung zum Klettfischerweg verlaufend. Benannt 1995 nach der Malerin Elfriede Trautner (1925-1989).,https://www.linz.at/strassennamen/Default.asp?action=strassendetail&ID=3004,,,Elfriede Trautner,Q15445929,,https://www.wikidata.org/wiki/Q15445929,Elfriede Trautner,female,graphic designer,1925-07-22,1989-01-01
strasse_3005,3005,Trefflingerweg,Urfahr,Nach dem Objekt Schwarzstraße 10 etwa in nördlicher und nordwestlicher Richtung zur Teistlergutstraße verlaufend. Benannt 1928 nach der Flurbezeichnung Trefflingerfeld.,https://www.linz.at/strassennamen/Default.asp?action=strassendetail&ID=3005,,,,,,,,,,,
strasse_3007,3007,Tschernemblweg,Katzbach,Zwischen der Altenberger Straße und der Johann-Wilhelm-Klein-Straße gelegenes Teilstück der Dornacher Straße. Benannt 1995 nach dem Theologen und Führer der oberösterreichischen Stände Georg Erasmus von Tschernembl (1574-1626).,https://www.linz.at/strassennamen/Default.asp?action=strassendetail&ID=3007,,,Georg Erasmus von Tschernembl,Q1504140,,https://www.wikidata.org/wiki/Q1504140,Georg Erasmus von Tschernembl,male,politician,1567-01-26,1626-11-18
strasse_3426,3426,Tschofenigweg,Ebelsberg,"Nach dem Objekt Kremsmünsterer Straße 38 zuerst in nördlicher, dann in westlicher Richtung durch die Wohnanlage verlaufend und als Sackgasse endend. Benannt 2006 nach Gisela Tschofenig (1917-1945), die im Lager Schörgenhub von den Nationalsozialisten ermordet wurde.",https://www.linz.at/strassennamen/Default.asp?action=strassendetail&ID=3426,,,Gisela Tschofenig,Q1527458,,https://www.wikidata.org/wiki/Q1527458,Gisela Tschofenig,female,resistance fighter,1917-05-21,1945-04-27
strasse_3008,3008,Tummelplatz,Linz,"Nach dem Objekt Altstadt 12 etwa in westlicher Richtung zur Promenade, bis 2010 auch in nördlicher Richtung zum Schloß verlaufend. Altbenannt, ehemals Schloßgarten. - Die Verbindung zur Altstadt hieß zwischen 1456 und 1869 Stiglitzgasse. 1800 Waaggasse nach der Stadtwaage (Altstadt 12). Die Bezeichnung Tummelplatz könnte von einer Verwendung als Turnierplatz stammen.",https://www.linz.at/strassennamen/Default.asp?action=strassendetail&ID=3008,Q109145471,https://www.wikidata.org/wiki/Q109145471,,,,,,,,,
strasse_3009,3009,Tungassingerstraße,Waldegg,"Nach dem Objekt Glimpfingerstraße 48 vorerst etwa in nordnordwestlicher, dann in westlicher Richtung zur Muldenstraße verlaufend. Benannt 1945 nach einem bedeutenden Linzer Bürgergeschlecht des 13. und 14. Jahrhunderts.Der nach dem Objekt Spallerhofstraße 9 nach Süden abzweigende Teil der Tungassingerstraße wird 2014 in Wallenbergstraße umbenannt. - 1940 Ebnerstraße nach dem Jagdpraktikanten Franz Ebner (1902-1934), mitbeteiligt am nationalsozialistischen Juliputsch 1934.",https://www.linz.at/strassennamen/Default.asp?action=strassendetail&ID=3009,,,,,,,,,,,
strasse_3010,3010,Tunnerweg,Kleinmünchen,Von der Lunzerstraße etwa in südöstlicher Richtung zur Blümelhuberstraße verlaufend. Benannt 1956 nach dem Metallurgen Peter Ritter von Tunner (1809-1897).,https://www.linz.at/strassennamen/Default.asp?action=strassendetail&ID=3010,,,Peter Ritter von Tunner,Q94061,,https://www.wikidata.org/wiki/Q94061,Peter Tunner,male,metallurgist,1809-05-10,1897-06-08
strasse_3011,3011,Turmstraße,St. Peter,"Nach dem Objekt Wiener Straße 185 vorerst etwa in ostnordöstlicher, dann in südlicher und östlicher Richtung in das Gelände der voestalpine verlaufend. Benannt 1929 als Teil jener Straße, die die Linzer Befestigungstürme nach ihrer Erbauung (1830-1836) untereinander verband. - Im Volksmund schon früher so bezeichnet.",https://www.linz.at/strassennamen/Default.asp?action=strassendetail&ID=3011,,,,,,,,,,,
strasse_3013,3013,Ubellstraße,Waldegg,"Vom Ende der Ramsauerstraße etwa in ostnordöstlicher bzw. nordöstlicher Richtung zum Straßenzug An der Sonnleithen verlaufend. Benannt 1974 nach dem Kunsthistoriker, Museumsdirektor und Dichter Hermann Ubell (1876-1947).",https://www.linz.at/strassennamen/Default.asp?action=strassendetail&ID=3013,,,Hermann Ubell,Q50413306,,https://www.wikidata.org/wiki/Q50413306,Hermann Ubell,male,,1876-03-03,1947-08-13
strasse_3014,3014,Uferstraße,Ufer,Nach dem Objekt Panholzerweg 104 etwa in südwestlicher und südlicher Richtung zur Traundorfer Straße verlaufend. Benannt 1958 nach der gleichnamigen Katastralgemeinde.,https://www.linz.at/strassennamen/Default.asp?action=strassendetail&ID=3014,,,,,,,,,,,
strasse_3015,3015,Uhlandgasse,Waldegg,Nach dem Objekt Am Bindermichl 18 in westlicher Richtung zur Ramsauerstraße verlaufend. Benannt 1941 nach dem deutschen Dichter Ludwig Uhland (1787-1862).,https://www.linz.at/strassennamen/Default.asp?action=strassendetail&ID=3015,,,Ludwig Uhland,Q61058,,https://www.wikidata.org/wiki/Q61058,Ludwig Uhland,male,linguist,1787-04-26,1862-11-13
strasse_3018,3018,Unionstraße,"Waldegg, Linz","Nach dem Objekt Wiener Straße 2g etwa in südsüdwestlicher und südwestlicher Richtung zur Stadtgrenze mit Leonding verlaufend. Benannt 1895 nach der an diesem Straßenzug gelegenen ehemaligen Zündholzfabrik ""Union"".",https://www.linz.at/strassennamen/Default.asp?action=strassendetail&ID=3018,Q115944083,https://www.wikidata.org/wiki/Q115944083,,,,,,,,,
strasse_3023,3023,Untere Donaulände,Linz,"Von der Nibelungenbrücke etwa in nordöstlicher Richtung zur Straßerau verlaufend. Benannt 1921. - Die ganze Gegend hieß ursprünglich Im Wörd Wörth Insel. Vor 1868 Unterteilung in Holzländ, Weinländ, Schiffländ. Der Teil vor dem ehemaligen Stadtbrauhaus Untere Donaulände 28 hieß Bräuhausländ. Weiter stromabwärts wurde das Gebiet als Straßerau nach der durch das Hochwasser 1572 entstandenen und 1889 bis 1892 zugeschütteten Straßerinsel auch Soldateninsel wegen der Kasernen genannt. 1868 Umbenennung aller Teilstücke in Donaulände. 1900 Kaiserin-Elisabeth-Kai.",https://www.linz.at/strassennamen/Default.asp?action=strassendetail&ID=3023,Q106715033,https://www.wikidata.org/wiki/Q106715033,,,,,,,,,
strasse_3029,3029,Uppsalaweg,Pöstlingberg,Nach dem Objekt Gründbergstraße 60 etwa in nördlicher Richtung verlaufende Sackgasse. Benannt 1956 nach der schwedischen Stadt als Dank für die finanzielle Hilfe zur Errichtung von Siedlungshäusern nach der Hochwasserkatastrophe 1954. - 1955 Obermüllnerweg.,https://www.linz.at/strassennamen/Default.asp?action=strassendetail&ID=3029,,,,,,,,,,,
strasse_3030,3030,Urbanskistraße,Pöstlingberg,"Vom Ende der Hagenstraße bogenförmig etwa in nördlicher Richtung verlaufende Sackgasse. Benannt 1965 nach Josef Urbanski (1846-1903), dem geistigen Vater der Pöstlingbergbahn.",https://www.linz.at/strassennamen/Default.asp?action=strassendetail&ID=3030,,,Josef Urbanski,Q1427268,,https://www.wikidata.org/wiki/Q1427268,Josef Urbanski,male,railway engineer,1846-05-26,1903-10-23
strasse_3032,3032,Urfahrer Königsweg,Pöstlingberg,Nach dem Objekt Berggasse 47 etwa in südwestlicher und westlicher Richtung zur Urfahrwänd verlaufend. Benannt 1954 nach einer gängigen Bezeichnung.,https://www.linz.at/strassennamen/Default.asp?action=strassendetail&ID=3032,,,,,,,,,,,
strasse_3034,3034,Urfahrmarkt,Urfahr,Von der Verlängerten Kirchengasse und der Heinrich-Gleißner-Promenade begrenzter Platz. Benannt 1993 nach seiner Funktion als Jahrmarktgelände.,https://www.linz.at/strassennamen/Default.asp?action=strassendetail&ID=3034,Q61454674,https://www.wikidata.org/wiki/Q61454674,,,,,,,,,
strasse_3035,3035,Urfahrwänd,Urfahr,Fortsetzung der Rudolfstraße entlang der Donau etwa in westnordwestlicher Richtung bis zur Stadtgrenze zu Puchenau. Benannt 1954. - Ab 1932 Urfahrwände.,https://www.linz.at/strassennamen/Default.asp?action=strassendetail&ID=3035,,,,,,,,,,,
strasse_3036,3036,Urnenhainweg,Urfahr,"Vorerst als Sackgasse beginnend und zum Haupteingang des Urnenhains, dann gegenüber dem Objekt Pflanzlgasse 10 etwa in westlicher Richtung zur Leonfeldner Straße verlaufend. Benannt 1954 nach dem Urnenhain.",https://www.linz.at/strassennamen/Default.asp?action=strassendetail&ID=3036,,,,,,,,,,,
strasse_3037,3037,Valkenborghweg,Katzbach,"Vom Luise-Hummel-Weg etwa in ostnordöstlicher Richtung zur Hofmannstraße verlaufend. Benannt 1955 nach dem niederländischen Maler Lukas van Valkenborgh (1530-1597), von dem eine bekannte Linzer Ansicht aus dem Jahr 1593 stammt.",https://www.linz.at/strassennamen/Default.asp?action=strassendetail&ID=3037,,,Lukas van Valkenborgh,Q1339790,,https://www.wikidata.org/wiki/Q1339790,Lucas van Valckenborch,male,painter,1535-01-01,1597-02-02
strasse_3038,3038,Vergeinerstraße,"Linz, Waldegg",Nach dem Objekt Römerstraße 83 schlangenförmig etwa in südlicher Richtung verlaufende Sackgasse. Benannt 1928 nach dem Geiger und Komponisten Anton (1858-1901) und dem Brucknerschüler und Musiklehrer Hermann Pius Vergeiner (1859-1900).,https://www.linz.at/strassennamen/Default.asp?action=strassendetail&ID=3038,,,Anton and Hermann Pius Vergeiner,,,,,,,,
strasse_3039,3039,Verlängerte Kirchengasse,Urfahr,Fortsetzung der Kirchengasse etwa in nordöstlicher Richtung entlang des Urfahrer Jahrmarktgeländes. Benannt 1902.,https://www.linz.at/strassennamen/Default.asp?action=strassendetail&ID=3039,,,,,,,,,,,
strasse_3041,3041,Victor-Adler-Weg,Kleinmünchen,Von der Hallestraße etwa in südwestlicher Richtung zur Auwiesenstraße (Nebenfahrbahn) verlaufend. Benannt 1992 nach dem Mitbegründer der Sozialdemokratischen Partei Österreichs Victor Adler (1852-1918).,https://www.linz.at/strassennamen/Default.asp?action=strassendetail&ID=3041,,,Victor Adler,Q366845,,https://www.wikidata.org/wiki/Q366845,Victor Adler,male,politician,1852-06-24,1918-11-11
strasse_3042,3042,Vielguthstraße,Lustenau,"Nach dem Objekt Willemerstraße 4 etwa in südöstlicher Richtung zur Füchselstraße verlaufend. Benannt 1914 nach dem Apotheker, Reichsratsabgeordneten und Vizebürgermeister Hermann Vielguth (1825-1903), der große wohltätige Stiftungen errichtete.",https://www.linz.at/strassennamen/Default.asp?action=strassendetail&ID=3042,,,Hermann Vielguth,Q20860082,,https://www.wikidata.org/wiki/Q20860082,Hermann Vielguth,male,pharmacist,1825-03-15,1903-03-06
strasse_3043,3043,Vierthalerstraße,Lustenau,"Gegenüber dem Objekt Poschacherstraße 9 vorerst etwa in südwestlicher, dann in südöstlicher und nordöstlicher Richtung zur Zaunmüllerstraße verlaufend. Benannt 1958 nach dem oberösterreichischen Pädagogen, Bibliothekar und Journalisten Franz Michael Vierthaler (1758-1827).",https://www.linz.at/strassennamen/Default.asp?action=strassendetail&ID=3043,,,Franz Michael Vierthaler,Q2696190,,https://www.wikidata.org/wiki/Q2696190,Franz Michael Vierthaler,male,librarian,1758-09-25,1827-10-03
strasse_3046,3046,Vittorellistraße,Urfahr,Nach dem Objekt Freistädter Straße 63 etwa in nordwestlicher Richtung zur Harruckerstraße verlaufend. Benannt 1942 nach dem Kommandanten des Infanterie-Regiments Nr. 14 (Hessen) während des 1. Weltkrieges Oberst Richard von Vittorelli (gest. 1939). - Im gleichen Jahr (1942) Windischstraße nach dem Ritterkreuzträger des 2. Weltkrieges Oberst Alois Windisch.,https://www.linz.at/strassennamen/Default.asp?action=strassendetail&ID=3046,,,Richard von Vittorelli,,,,,,,,
strasse_3047,3047,voestalpine-Straße,St. Peter,"Von der Stahlstraße vorerst etwa in westlicher Richtung verlaufend, dann in südsüdwestlicher Richtung umbiegend und in die Turmstraße mündend. Benannt 1995. Schreibweise angepasst 2005.",https://www.linz.at/strassennamen/Default.asp?action=strassendetail&ID=3047,,,,,,,,,,,
strasse_3048,3048,Vogelfängerplatz,Kleinmünchen,Zwischen Haiderstraße und Lilienthalstraße. Benannt 1943 nach einem Flurnamen.,https://www.linz.at/strassennamen/Default.asp?action=strassendetail&ID=3048,,,,,,,,,,,
strasse_3049,3049,Vogelfängerweg,Kleinmünchen,"Vom Vogelfängerplatz vorerst etwa in westlicher, dann in westsüdwestlicher und südwestlicher Richtung zu einem unbenannten Verbindungsweg zwischen Flötzerweg und Weißdornweg verlaufend. Benannt 1943 nach mehrfach dort vorkommenden Flurbezeichnungen.",https://www.linz.at/strassennamen/Default.asp?action=strassendetail&ID=3049,,,,,,,,,,,
strasse_3051,3051,Volkenstorferweg,Ebelsberg,"Vor dem Objekt Kremsmünsterer Straße 28 vorerst etwa in westlicher, dann in südwestlicher Richtung verlaufende Sackgasse. Benannt 1958 nach einem ehemals in Ebelsberg begüterten Adelsgeschlecht.",https://www.linz.at/strassennamen/Default.asp?action=strassendetail&ID=3051,,,,,,,,,,,
strasse_3052,3052,Volksfeststraße,Linz,"Nach dem Objekt Fadingerstraße 29 etwa in ostnordöstlicher Richtung zur Eisenhandstraße verlaufend. Benannt 1869 nach den Linzer Volksfesten, die von 1861 bis 1895 auf dem heutigen Hessenplatz abgehalten wurden.",https://www.linz.at/strassennamen/Default.asp?action=strassendetail&ID=3052,,,,,,,,,,,
strasse_3053,3053,Volksgartenstraße,Linz,Nach dem Objekt Herrenstraße 43 etwa in südsüdöstlicher Richtung zur Bahnhofstraße verlaufend. Benannt 1864 nach dem 1829 errichteten Volksgarten.,https://www.linz.at/strassennamen/Default.asp?action=strassendetail&ID=3053,,,,,,,,,,,
strasse_3054,3054,Voltastraße,Katzbach,Nach dem Objekt Johann-Wilhelm-Klein-Straße 69 etwa in westlicher und südwestlicher Richtung zur Commendastraße verlaufend. Benannt 1972 nach dem italienischen Physiker Graf Alessandro Volta (1745-1827).,https://www.linz.at/strassennamen/Default.asp?action=strassendetail&ID=3054,,,Alessandro Volta,Q680,,https://www.wikidata.org/wiki/Q680,Alessandro Volta,male,physicist,1745-02-18,1827-03-05
strasse_3056,3056,Wacholderweg,Kleinmünchen,Nach dem Objekt Salzburger Straße 273 etwa in südsüdöstlicher Richtung zum Seidelbastweg verlaufend. Benannt 1958 nach der gleichnamigen Strauchart.,https://www.linz.at/strassennamen/Default.asp?action=strassendetail&ID=3056,,,,,,,,,,,
strasse_3057,3057,Wachreinergasse,Linz,Nach dem Objekt Stockhofstraße 40 etwa in westsüdwestlicher Richtung zur Kroatengasse verlaufend. Benannt 1914 nach dem erstmals 1242 erwähnten Linzer Bürger Konrad Wachreiner.,https://www.linz.at/strassennamen/Default.asp?action=strassendetail&ID=3057,,,Konrad Wachreiner,,,,,,,,
strasse_3058,3058,Wachtelweg,Posch,Gegenüber dem Objekt Möwenweg 16 etwa in ostsüdöstlicher Richtung mit einer Unterbrechung zum Klettfischerweg verlaufend. Benannt 1961 nach der gleichnamigen Vogelart.,https://www.linz.at/strassennamen/Default.asp?action=strassendetail&ID=3058,,,,,,,,,,,
strasse_3059,3059,Wagner-Jauregg-Weg,Waldegg,"Nach dem Objekt Breitwiesergutstraße 45 vorerst etwa in südlicher, dann in südsüdöstlicher und südwestlicher Richtung zur Hanuschstraße verlaufend. Benannt 1954 nach dem Psychiater, Begründer der Impfmalaria und Nobelpreisträger Julius Wagner von Jauregg (1857-1940).",https://www.linz.at/strassennamen/Default.asp?action=strassendetail&ID=3059,,,Julius Wagner-Jauregg,Q78479,,https://www.wikidata.org/wiki/Q78479,Julius Wagner-Jauregg,male,physician,1857-03-07,1940-09-27
strasse_3061,3061,Wahringerstraße,"Kleinmünchen, St. Peter","Nach dem Objekt Wiener Straße 345 vorerst etwa in ostnordöstlicher, dann in nördlicher und in wiederum ostnordöstlicher Richtung ins Werksgelände der voestalpine verlaufend. Benannt 1929 nach einem Flurnamen.",https://www.linz.at/strassennamen/Default.asp?action=strassendetail&ID=3061,,,,,,,,,,,
strasse_3062,3062,Walchgasse,Kleinmünchen,Von der Fuchsengutstraße etwa in nordnordwestlicher Richtung zur Horningerstraße verlaufend. Benannt 1946 nach dem gleichnamigen Bauernhof.,https://www.linz.at/strassennamen/Default.asp?action=strassendetail&ID=3062,,,,,,,,,,,
strasse_3063,3063,Waldbothenweg,Ebelsberg,"Von der Wambacher Straße vorerst etwa in östlicher, dann in südlicher, südwestlicher und westnordwestlicher Richtung wiederum zur Wambacherstraße verlaufend. Benannt 1958 nach dem gleichnamigen Bauerngut.",https://www.linz.at/strassennamen/Default.asp?action=strassendetail&ID=3063,,,,,,,,,,,
strasse_3064,3064,Waldeggstraße,"Linz, Waldegg","Vom Ende der Stockhofstraße vorerst etwa in südsüdöstlicher, dann in südlicher, südsüdwestlicher und südwestlicher Richtung zur Stadtgrenze zu Leonding verlaufend. Benannt 1869 nach der damaligen Ortsgemeinde und nunmehrigen Katastralgemeinde Waldegg. - Vorher Äußere Stockhofstraße. Der Straßenteil ab der Weingartshofstraße wurde erst 1905 einbezogen.",https://www.linz.at/strassennamen/Default.asp?action=strassendetail&ID=3064,,,,,,,,,,,
strasse_3065,3065,Waldingerstraße,Waldegg,"Nach dem Objekt Glimpfingerstraße 78 vorerst etwa in nordwestlicher, dann in südwestlicher und in südöstlicher Richtung wiederum zur Glimpfingerstraße zurückverlaufend. Benannt 1945 nach einer einflußreichen spätmittelalterlichen Linzer Bürgerfamilie. - 1940 Kerschbaumerstraße nach Franz Kerschbaumer, der beim nationalsozialistischen Juliputsch von 1934 ums Leben kam.",https://www.linz.at/strassennamen/Default.asp?action=strassendetail&ID=3065,,,,,,,,,,,
strasse_3066,3066,Waldmüllergang,Waldegg,Nach dem Objekt Am Bindermichl 9 in östlicher Richtung verlaufende Sackgasse. Benannt 1941 nach dem Maler Ferdinand Georg Waldmüller (1793-1865).,https://www.linz.at/strassennamen/Default.asp?action=strassendetail&ID=3066,,,Ferdinand Georg Waldmüller,Q186816,,https://www.wikidata.org/wiki/Q186816,Ferdinand Georg Waldmüller,male,painter,1793-01-15,1865-08-23
strasse_3067,3067,Waldweg,Katzbach,"Nach dem Objekt Erlenweg 3 etwa in östlicher Richtung verlaufende Sackgasse. Benannt 1984. - 1976 Pappelweg nach der gleichnamigen Baumart. Im selben Jahr auf Wunsch der Anrainer in Birkenweg geändert, diese Bezeichnung dann wegen gleicher Bezeichnung in den Anrainergemeinden Engerwitzdorf und Puchenau nochmals auf Waldweg abgeändert.",https://www.linz.at/strassennamen/Default.asp?action=strassendetail&ID=3067,,,,,,,,,,,
strasse_3456,3456,Wallenbergstraße,Waldegg,"Nach dem Objekt Spallerhofstraße 9 nach Süden verlaufend und als Sackgasse endend. Benannt 2014 nach dem schwedischen Diplomaten Raoul Wallenberg (1912-1947), der durch seinen Einsatz zur Rettung ungarischer Jüdinnen und Juden beitrug. Von 1945 bis 2014 war dieser Straßenzug Teil der Tungassingerstraße.",https://www.linz.at/strassennamen/Default.asp?action=strassendetail&ID=3456,,,Raoul Wallenberg,Q152850,,https://www.wikidata.org/wiki/Q152850,Raoul Wallenberg,male,architect,1912-08-04,1947-07-17
strasse_3068,3068,Wallnerstraße,Waldegg,"Gegenüber dem Objekt Kudlichstraße 69 vorerst etwa in ostnordöstlicher, dann in östlicher Richtung verlaufend. Benannt 1940 nach der Linzer Dichterin Susi Wallner-Kränzl (1868-1944).",https://www.linz.at/strassennamen/Default.asp?action=strassendetail&ID=3068,,,Susi Wallner-Kränzl,Q22485142,,https://www.wikidata.org/wiki/Q22485142,Susi Wallner,female,writer,1868-03-03,1944-04-22
strasse_3069,3069,Wallseerstraße,Waldegg,"Nach dem Objekt Landwiedstraße 35 etwa in nordöstlicher Richtung zur Losensteinerstraße verlaufend. Benannt 1945 nach einem alten oberösterreichischen Adelsgeschlecht. - 1940 Domesstraße nach dem Kontoristen Johann Domes (1901-1934), der am nationalsozialistischen Juliputsch von 1934 beteiligt war.",https://www.linz.at/strassennamen/Default.asp?action=strassendetail&ID=3069,,,,,,,,,,,
strasse_3070,3070,Waltherstraße,Linz,Nach dem Objekt Klammstraße 3 etwa in südsüdöstlicher Richtung zur Baumbachstraße verlaufend. Benannt 1869 nach dem Minnesänger Walther von der Vogelweide (um 1170-1230).,https://www.linz.at/strassennamen/Default.asp?action=strassendetail&ID=3070,Q106635030,https://www.wikidata.org/wiki/Q106635030,Walther von der Vogelweide,Q44385,,https://www.wikidata.org/wiki/Q44385,Walther von der Vogelweide,male,composer,1170-01-01,1230-01-01
strasse_3071,3071,Wambacher Straße,"Ebelsberg, Wambach","Nach dem Objekt Kremsmünsterer Straße 31 vorerst etwa in südöstlicher, dann in südlicher und südsüdwestlicher Richtung zur Stadtgrenze mit Ansfelden verlaufend. Benannt 1954 nach der gleichnamigen Katastralgemeinde.",https://www.linz.at/strassennamen/Default.asp?action=strassendetail&ID=3071,,,,,,,,,,,
strasse_3072,3072,Wankmüllerhofstraße,"Lustenau, Waldegg","Vom Bulgariplatz etwa in südlicher bzw. südöstlicher Richtung zur Glimpfingerstraße verlaufend. Benannt 1953 nach dem gleichnamigen, 1945 durch einen Bombenangriff zerstörten Bauernhof. - 1913 Versorgungshausstraße.",https://www.linz.at/strassennamen/Default.asp?action=strassendetail&ID=3072,,,,,,,,,,,
strasse_3074,3074,Wasserwerkstraße,Kleinmünchen,"Vom Ende der Willingerstraße etwa in südsüdöstlicher Richtung durch den ""Wasserwald"" zur Brunnenfeldstraße verlaufend. Benannt 1929 nach dem städtischen Pumpwerk Scharlinz.",https://www.linz.at/strassennamen/Default.asp?action=strassendetail&ID=3074,,,,,,,,,,,
strasse_3075,3075,Wattstraße,Kleinmünchen,"Nach dem Objekt Salzburger Straße 381 etwa in südöstlicher Richtung zur Stadtgrenze mit Traun verlaufend. Benannt 1980 nach dem Erfinder der Dampfmaschine, dem Engländer James Watt (1736-1819).",https://www.linz.at/strassennamen/Default.asp?action=strassendetail&ID=3075,,,James Watt,Q9041,,https://www.wikidata.org/wiki/Q9041,James Watt,male,engineer,1736-01-19,1819-08-25
strasse_3076,3076,Webergasse,Urfahr,Nach dem Objekt Ottensheimer Straße 54 etwa in nordnordwestlicher bzw. nordwestlicher Richtung zur Rudolfstraße verlaufend. Benannt 1910 nach dem letzten hier ansässig gewesenen Urfahrer Hausweber. Vorher in die Hagenstraße einbezogen.,https://www.linz.at/strassennamen/Default.asp?action=strassendetail&ID=3076,,,,,,,,,,,
strasse_3457,3457,Weg der Begegnung,Linz,"Die am nördlichen Ende des Volksgartens an der Kreuzung Stelzhamerstraße und Landstraße beginnende und in südlicher Richtung verlaufende Verkehrsfläche innerhalb des Volksgartens wird 2015 als ""Weg der Begegnung"" benannt.",https://www.linz.at/strassennamen/Default.asp?action=strassendetail&ID=3457,,,,,,,,,,,
strasse_3077,3077,Wegscheider Straße,Kleinmünchen,"Nach dem Objekt Salzburger Straße 266 vorerst etwa in nordnordwestlicher, dann in westsüdwestlicher und nordwestlicher Richtung zur Stadtgrenze mit Leonding verlaufend. Benannt 1956. Nach der Straßengabel Salzburger Straße - Dauphinestraße als Wegscheid bezeichnet.",https://www.linz.at/strassennamen/Default.asp?action=strassendetail&ID=3077,,,,,,,,,,,
strasse_3082,3082,Weigunystraße,Urfahr,"Nach dem Objekt Leonfeldner Straße 55 etwa in westlicher Richtung zum Merianweg verlaufend. Benannt 1945 nach dem Gemeinderat, Reichsratsabgeordneten und Gründer der Sozialdemokratischen Partei Oberösterreichs Anton Weiguny (1851-1914). - 1940 Schönererstraße nach dem Führer der Deutschnationalen Österreichs Georg von Schönerer (1842-1921).",https://www.linz.at/strassennamen/Default.asp?action=strassendetail&ID=3082,,,Anton Weiguny,Q21404581,,https://www.wikidata.org/wiki/Q21404581,Anton Weiguny,male,politician,1851-03-29,1914-12-14
strasse_3083,3083,Weikerlseestraße,Ufer,Gegenüber dem Objekt Auhirschgasse 30 etwa in nördlicher Richtung zur alten Weikerlseestraße verlaufend. Benannt 1954 nach dem Gasthof Weikerl.,https://www.linz.at/strassennamen/Default.asp?action=strassendetail&ID=3083,,,,,,,,,,,
strasse_3084,3084,Weikhartweg,"Posch, Pichling","Nach dem Objekt Oidener Straße 23 vorerst etwa in ostnordöstlicher, dann im Bogen nach Norden zum Falterweg verlaufend. Benannt 1957 nach dem Pfleger Weikhart von Winkel, der 1378 das Lehen zu Traundorf erwarb.",https://www.linz.at/strassennamen/Default.asp?action=strassendetail&ID=3084,,,Weikhart von Winkel,,,,,,,,
strasse_3087,3087,Weingartshofstraße,Linz,Nach dem Objekt Volksgartenstraße 34 etwa in südsüdwestlicher Richtung zur Waldeggstraße verlaufend. Benannt vor 1869 nach dem gleichnamigen großen Landgut in Hart (Stadt Leonding).,https://www.linz.at/strassennamen/Default.asp?action=strassendetail&ID=3087,,,,,,,,,,,
strasse_3088,3088,Weinheberstraße,Waldegg,"Nach dem Objekt Glimpfingerstraße 113 vorerst etwa in südsüdöstlicher, dann in ostnordöstlicher Richtung zur Müller-Guttenbrunn-Straße verlaufend. Benannt 1972 nach dem österreichischen Schriftsteller Josef Weinheber (1892-1945).",https://www.linz.at/strassennamen/Default.asp?action=strassendetail&ID=3088,,,Josef Weinheber,Q78776,,https://www.wikidata.org/wiki/Q78776,Josef Weinheber,male,poet,1892-03-09,1945-04-08
strasse_3089,3089,Weißdornweg,Kleinmünchen,Als Sackgasse beginnend und etwa in westsüdwestlicher Richtung zu einer unbenannten Verbindungsstraße zwischen Bäckermühlweg und Flötzerweg verlaufend. Benannt 1958 nach der einheimischen Strauchart.,https://www.linz.at/strassennamen/Default.asp?action=strassendetail&ID=3089,,,,,,,,,,,
strasse_3091,3091,Weißenwolffstraße,Linz,Nach dem Objekt Huemerstraße 25 als Fortsetzung der Mozartstraße etwa in ostnordöstlicher Richtung zur Derfflingerstraße verlaufend. Benannt 1869 nach dem oberösterreichischen Adelsgeschlecht der Grafen Ungnad von Weißenwolff.,https://www.linz.at/strassennamen/Default.asp?action=strassendetail&ID=3091,,,,,,,,,,,
strasse_3095,3095,Wenglerstraße,Linz,Vor dem Objekt Nietzschestraße 21 etwa in ostnordöstlicher Richtung zur Leibnizstraße verlaufend. Benannt 1940 nach dem oberösterreichischen Maler Johann Baptist Wengler (1816-1899).,https://www.linz.at/strassennamen/Default.asp?action=strassendetail&ID=3095,,,Johann Baptist Wengler,Q1692601,,https://www.wikidata.org/wiki/Q1692601,Johann Baptist Wengler,male,painter,1816-06-04,1899-04-06
strasse_3096,3096,Werfelweg,Ebelsberg,Von der Ennsfeldstraße etwa in nordnordwestlicher Richtung zum Kafkaweg verlaufend. Benannt 1992 nach dem österreichischen Schriftsteller Franz Werfel (1890-1945).,https://www.linz.at/strassennamen/Default.asp?action=strassendetail&ID=3096,,,Franz Werfel,Q78514,,https://www.wikidata.org/wiki/Q78514,Franz Werfel,male,writer,1890-09-10,1945-08-26
strasse_3097,3097,Werndlstraße,Waldegg,Von der A7 (Abfahrt Bindermichl) in westlicher Richtung zur Stechergasse verlaufend. Benannt 1941 nach dem Begründer der Steyrer Waffenfabrik Joseph Werndl (1831-1889).,https://www.linz.at/strassennamen/Default.asp?action=strassendetail&ID=3097,,,Joseph Werndl,Q1706031,,https://www.wikidata.org/wiki/Q1706031,Josef Werndl,male,entrepreneur,1831-02-26,1889-04-29
strasse_3098,3098,Wernickestraße,Katzbach,Nach dem Objekt Kirchmühlstraße 23 etwa in nordnordwestlicher Richtung verlaufende Sackgasse. Benannt 1971 nach dem Maler und Porträtisten Rudolf Wernicke (1898-1963).,https://www.linz.at/strassennamen/Default.asp?action=strassendetail&ID=3098,,,Rudolf Wernicke,Q75941523,,https://www.wikidata.org/wiki/Q75941523,Rudolf Wernicke,male,artist,1898-10-06,1963-11-28
strasse_3099,3099,Westbahnstraße,"Lustenau, St. Peter",Von der Oberfeldstraße als Fortsetzung der Heizhausstraße etwa in südsüdöstlicher Richtung entlang der Westbahn zur Rosenbauerstraße verlaufend. Benannt 1925 nach der Westbahnlinie.,https://www.linz.at/strassennamen/Default.asp?action=strassendetail&ID=3099,,,,,,,,,,,
strasse_3101,3101,Wiener Straße,"Lustenau, Linz, Waldegg, St. Peter, Kleinmünchen, Ebelsberg, Ufer, Pichling",Von der Bahnhofstraße (bis 2011 von der Unterführung der Westbahn) etwa in südöstlicher Richtung zur Stadtgrenze mit Asten und St. Florian verlaufend. Benannt 1968 als Richtungsbezeichnung. - Vorher altbenannt als Wiener Reichsstraße. 1929 Einbeziehung des Teiles von der Neuen Welt bis zur Ebelsberger Gemeindegrenze.,https://www.linz.at/strassennamen/Default.asp?action=strassendetail&ID=3101,Q52185948,https://www.wikidata.org/wiki/Q52185948,,,,,,,,,
strasse_3102,3102,Wieningerstraße,Waldegg,Nach dem Objekt Meggauerstraße 9 mit einer Unterbrechung etwa in südsüdöstlicher Richtung zur Europastraße verlaufend. Benannt 1966 nach dem Gründer der Landwirtschaftlichchemischen Bundesversuchsanstalt Georg Wieninger (1859-1925).,https://www.linz.at/strassennamen/Default.asp?action=strassendetail&ID=3102,,,Georg Wieninger,Q1506378,,https://www.wikidata.org/wiki/Q1506378,Georg Wieninger,male,politician,1859-04-05,1925-11-03
strasse_3103,3103,Wildbergstraße,Urfahr,Vor dem Objekt Verlängerte Kirchengasse 15 etwa in nordnordwestlicher Richtung zur Freistädter Straße verlaufend. Benannt 1903 nach dem im Haselgraben gelegenen Schloß und der Burgruine Wildberg.,https://www.linz.at/strassennamen/Default.asp?action=strassendetail&ID=3103,Q114358184,https://www.wikidata.org/wiki/Q114358184,,,,,,,,,
strasse_3455,3455,Wilenskyweg,Posch,"Von der Schwaigaustraße in nördlicher Richtung verlaufend und als Sackgasse endend. Benannt 2014 nach der Tänzerin Edith Wilensky (1905-1976), die als Jüdin nach dem ""Anschluss"" 1938 aus Linz vertrieben wurde.",https://www.linz.at/strassennamen/Default.asp?action=strassendetail&ID=3455,,,Edith Wilensky,Q109578282,,https://www.wikidata.org/wiki/Q109578282,Edith Wilensky,female,dancer,1905-03-24,1976-01-01
strasse_3105,3105,Willemerstraße,Lustenau,"Nach dem Objekt Lonstorferplatz 10 vorerst etwa in nordöstlicher, dann in ostnordöstlicher Richtung zur Ing.-Stern-Straße verlaufend. Benannt 1914 nach der aus Linz stammenden Marianne von Willemer (1784-1860), einer geborenen Pirngruber. Sie schrieb die Wechselgedichte Hatem - Suleika in Goethes Westöstlicher Diwan. Die Dichterin ist Namensgeberin des mit 3.600 Euro dotierten Willemerpreises der Stadt Linz.",https://www.linz.at/strassennamen/Default.asp?action=strassendetail&ID=3105,,,Marianne von Willemer,Q75803,,https://www.wikidata.org/wiki/Q75803,Marianne von Willemer,female,writer,1784-11-20,1860-12-06
strasse_3106,3106,Willingerstraße,Kleinmünchen,"Nach dem Objekt Wiener Straße 238 etwa in westsüdwestlicher Richtung zur Wasserwerkstraße verlaufend. Benannt 1929 nach Achaz Willinger von der Au auf Katering (Gatterhof zu Haag am Hausruck), 1626 einer der Führer im oberösterreichischen Bauernkrieg, der am 26. März 1627 auf dem Linzer Hauptplatz enthauptet wurde. - Vorher Kreuzstraße in Scharlinz.",https://www.linz.at/strassennamen/Default.asp?action=strassendetail&ID=3106,,,Achaz Willinger von der Au,,,,,,,,
strasse_3107,3107,Wimhölzelstraße,Lustenau,"Nach dem Objekt Franckstraße 39 vorerst etwa in ostnordöstlicher, dann mit einer Unterbrechung durch die A7 in östlicher Richtung ins Industriegelände verlaufende Sackgasse. Benannt 1914 nach dem Bürgermeister von Linz Johann Evangelist Wimhölzel (1833-1900).",https://www.linz.at/strassennamen/Default.asp?action=strassendetail&ID=3107,,,Johann Evangelist Wimhölzel,Q21704538,,https://www.wikidata.org/wiki/Q21704538,Johann Wimhölzel,male,businessperson,1833-10-20,1900-08-15
strasse_3108,3108,Wimmerstraße,Kleinmünchen,Nach dem Objekt Wiener Straße 344 im Bogen gegen Süden und Südsüdosten zur Denkstraße verlaufend. Benannt 1940 nach dem Buchdruckereibesitzer und Linzer Ehrenbürger Julius Wimmer (1856-1945).,https://www.linz.at/strassennamen/Default.asp?action=strassendetail&ID=3108,,,Julius Wimmer,Q104985179,,https://www.wikidata.org/wiki/Q104985179,Julius Wimmer,male,printer,1856-03-09,1945-09-08
strasse_3109,3109,Windflachweg,Pöstlingberg,Von der Hohen Straße etwa in westnordwestlicher Richtung zur Stadtgrenze mit Puchenau verlaufend. Benannt 1958 nach einem Flurnamen.,https://www.linz.at/strassennamen/Default.asp?action=strassendetail&ID=3109,,,,,,,,,,,
strasse_3111,3111,Winetzhammerstraße,Kleinmünchen,Nach dem Objekt Franzosenhausweg 46 in westlicher Richtung zum Angererhofweg verlaufend. Benannt 1989 nach Landesrat Hans Winetzhammer (1925-1986).,https://www.linz.at/strassennamen/Default.asp?action=strassendetail&ID=3111,,,Hans Winetzhammer,,,,,,,,
strasse_3113,3113,Wischerstraße,Urfahr,Nach dem Objekt Knabenseminarstraße 1 etwa in westnordwestlicher Richtung zur Aubergstraße verlaufend. Benannt 1926 nach dem letzten Marktrichter und ersten Bürgermeister von Urfahr Karl Wischer (1797-1856).,https://www.linz.at/strassennamen/Default.asp?action=strassendetail&ID=3113,,,Karl Wischer,,,,,,,,
strasse_3481,3481,Wittgensteinweg,Kleinmünchen,Nach dem Objekt Daimlerstraße 36 etwa in westlicher Richtung zur Siemensstraße verlaufend. Benannt 2023 nach dem Philosophen Ludwig Wittgenstein (1889–1951). 1954-2023 Porscheweg nach dem Autokonstrukteur Ferdinand Porsche (1875-1951).,https://www.linz.at/strassennamen/Default.asp?action=strassendetail&ID=3481,,,Ludwig Wittgenstein,Q9391,,https://www.wikidata.org/wiki/Q9391,Ludwig Wittgenstein,male,philosopher of language,1889-04-26,1951-04-29
strasse_3116,3116,Wohnstättenweg,Kleinmünchen,Vom Traunauweg etwa in nordwestlicher Richtung zum Straßenzug Kleinwört verlaufend. Benannt 1951 nach der gleichnamigen Siedlungsgenossenschaft.,https://www.linz.at/strassennamen/Default.asp?action=strassendetail&ID=3116,,,,,,,,,,,
strasse_3117,3117,Woissauerstraße,Kleinmünchen,Hinter dem Objekt Dauphinestraße 169 als Sackgasse beginnend und etwa in südlicher Richtung zum Flötzerweg verlaufend. Benannt 1943 nach einem dort liegenden Bauernhaus.,https://www.linz.at/strassennamen/Default.asp?action=strassendetail&ID=3117,,,,,,,,,,,
strasse_3121,3121,Wolf-Huber-Straße,Katzbach,"Von der Hohen Straße vorerst etwa in ostnordöstlicher, dann in südöstlicher Richtung verlaufende Sackgasse. Benannt 1965 nach Wolf Huber (1485-1553), einem der bedeutendsten Landschaftszeichner der Donauschule.",https://www.linz.at/strassennamen/Default.asp?action=strassendetail&ID=3121,,,Wolf Huber,Q610556,,https://www.wikidata.org/wiki/Q610556,Wolf Huber,male,architect,1485-01-01,1553-06-03
strasse_3118,3118,Wolfauerstraße,Waldegg,"Nach dem Objekt Magdalenastraße 2 etwa in östlicher, dann in nordöstlicher und wiederum östlicher Richtung zur Altenberger Straße verlaufend. Benannt 1954 nach einem alten Flurnamen.",https://www.linz.at/strassennamen/Default.asp?action=strassendetail&ID=3118,,,,,,,,,,,
strasse_3119,3119,Wolfgang-Pauli-Straße,Pöstlingberg,Nach dem Objekt Wankmüllerhofstraße 37 etwa in ostnordöstlicher Richtung zur Wiener Straße verlaufend. Benannt 1990 nach dem theoretischen Physiker und Nobelpreisträger Wolfgang Pauli (1900-1958).,https://www.linz.at/strassennamen/Default.asp?action=strassendetail&ID=3119,,,Wolfgang Pauli,Q65989,,https://www.wikidata.org/wiki/Q65989,Wolfgang Pauli,male,theoretical physicist,1900-04-25,1958-12-15
strasse_3122,3122,Worathweg,Pöstlingberg,Vom Straßenzug Am Bachlberg etwa in nordwestlicher Richtung verlaufende Sackgasse mit einem etwa in östlicher Richtung zum Bachlbergweg führenden Ast. Benannt 1958 nach dem aus Südtirol stammenden Mühlviertler Bildhauer des Frühbarock Johann Worath (1609-1680).,https://www.linz.at/strassennamen/Default.asp?action=strassendetail&ID=3122,,,Johann Worath,Q37939222,,https://www.wikidata.org/wiki/Q37939222,Johann Worath,male,sculptor,1609-11-01,1680-02-05
strasse_3127,3127,Wurmstraße,Linz,"Nach dem Objekt Herrenstraße 56 etwa in westsüdwestlicher Richtung zur Sandgasse verlaufend. Benannt 1869 nach Alois Wurm, auf dessen Gründen die Straße erbaut wurde. - 1730 vermutlich als Äußere Kapuzinerfeldgassen bezeichnet. 1800 scheint die Bezeichnung Lamplwirtsgasse nach dem ehemaligen Gasthof ""Zum Weißen Lamm"" auf. Bis 1869 Äußere Wurmstraße.",https://www.linz.at/strassennamen/Default.asp?action=strassendetail&ID=3127,,,Alois Wurm,,,,,,,,
strasse_3123,3123,Wüstenrotplatz,Kleinmünchen,Einkaufszentrum Auwiesen. Benannt 1984 nach der Bausparkasse Wüstenrot.,https://www.linz.at/strassennamen/Default.asp?action=strassendetail&ID=3123,,,,,,,,,,,
strasse_3124,3124,Wüstenrotstraße,Lustenau,Nach dem Objekt Khevenhüllerstraße 21 etwa in ostnordöstlicher Richtung zur Kinderspitalstraße verlaufend. Benannt 1976 nach der Bausparkasse Wüstenrot. - 1913 Kinderspitalstraße.,https://www.linz.at/strassennamen/Default.asp?action=strassendetail&ID=3124,,,,,,,,,,,
strasse_3128,3128,Zamenhofstraße,Lustenau,"Nach dem Objekt Fröbelstraße 10 vorerst etwa in südsüdwestlicher und dann in zwei Ästen in ostnordöstlicher Richtung verlaufende Sackgasse. Benannt 1958 nach dem Schöpfer der Welthilfssprache Esperanto, dem polnischen Arzt Ludwig Lazarus Zamenhof (1859-1917).",https://www.linz.at/strassennamen/Default.asp?action=strassendetail&ID=3128,,,Ludwig Lazarus Zamenhof,Q11758,,https://www.wikidata.org/wiki/Q11758,L. L. Zamenhof,male,linguist,1859-12-15,1917-04-14
strasse_3129,3129,Zappestraße,Katzbach,"Nach dem Objekt Leonfeldner Straße 274 vorerst etwa in östlicher, dann in südlicher und südöstlicher Richtung verlaufende Sackgasse. Benannt 1967 nach dem Domkapellmeister und Stadtpfarrkapellmeister sowie Orchesterdirektor des Landestheaters Karl Zappe (1812-1871).",https://www.linz.at/strassennamen/Default.asp?action=strassendetail&ID=3129,,,Karl Zappe,Q55681703,,https://www.wikidata.org/wiki/Q55681703,Karl Zappe,male,violinist,1812-09-01,1871-06-15
strasse_3130,3130,Zaubertalstraße,Linz,"Nach dem Objekt Margarethen 21 vorerst etwa in südöstlicher, dann in südlicher Richtung zur Stadtgrenze mit Leonding verlaufend. Benannt 1954 nach dem gleichnamigen Tal bzw. Bach, der im Mittelalter als Zellbach belegt ist.",https://www.linz.at/strassennamen/Default.asp?action=strassendetail&ID=3130,,,,,,,,,,,
strasse_3132,3132,Zaunerweg,Linz,Von der Abzweigung des Salesianumweges etwa in südwestlicher Richtung wegführend und als Sackgasse endend. Benannt 1999 nach dem langjährigen Diözesanbischof Franz Sales Zauner (1904-1994).,https://www.linz.at/strassennamen/Default.asp?action=strassendetail&ID=3132,,,Franz Sales Zauner,Q1449805,,https://www.wikidata.org/wiki/Q1449805,Franz Zauner,male,theologian,1904-12-11,1994-02-20
strasse_3133,3133,Zaunmüllerstraße,Lustenau,"Gegenüber dem Objekt Poschacherstraße 19 etwa in südsüdöstlicher Richtung verlaufende Sackgasse. Benannt 1955 nach dem Gemeinderat Siegmund Zaunmüller (1844-1934), der sich um die Stadtplanung und den Bau der Römerbergschule verdient machte.",https://www.linz.at/strassennamen/Default.asp?action=strassendetail&ID=3133,,,Siegmund Zaunmüller,,,,,,,,
strasse_3134,3134,Zechmeisterstraße,Kleinmünchen,"Vom Binderlandweg etwa in westsüdwestlicher Richtung zum Straßenzug Im Breitland verlaufend. Benannt 1962 nach dem Kleinmünchner Bürgermeister (1861-1863, 1874-1878) August Zechmeister.",https://www.linz.at/strassennamen/Default.asp?action=strassendetail&ID=3134,,,August Zechmeister,,,,,,,,
strasse_3135,3135,Zeillergang,Kleinmünchen,"Nach dem Objekt Wimmerstraße 10 etwa in nordnordwestlicher Richtung zur Brunnenfeldstraße verlaufend. Benannt 1940 nach dem Topographen Martin Zeiller (1589-1661), der an der ständischen Schule in Linz wirkte.",https://www.linz.at/strassennamen/Default.asp?action=strassendetail&ID=3135,,,Martin Zeiller,Q68675,,https://www.wikidata.org/wiki/Q68675,Martin Zeiler,male,writer,1589-04-17,1661-10-06
strasse_3136,3136,Zeillingerweg,Ufer,"Nach dem Objekt Traundorfer Straße 136 vorerst etwa in südlicher, dann in ostsüdöstlicher Richtung verlaufende Sackgasse. Benannt 1955 nach dem gleichnamigen Bauerngut.",https://www.linz.at/strassennamen/Default.asp?action=strassendetail&ID=3136,,,,,,,,,,,
strasse_3137,3137,Zeisigweg,"Pichling, Posch",Vor dem Objekt Schwaigaustraße 13 etwa in nördlicher und nordnordöstlicher Richtung zur Traundorfer Straße verlaufend. Benannt 1958 nach der einheimischen Vogelart.,https://www.linz.at/strassennamen/Default.asp?action=strassendetail&ID=3137,,,,,,,,,,,
strasse_3138,3138,Zelkingerstraße,Waldegg,Nach dem Objekt Landwiedstraße 8 etwa in südwestlicher Richtung verlaufende Sackgasse. Benannt 1951 nach einem alten oberösterreichischen Adelsgeschlecht.,https://www.linz.at/strassennamen/Default.asp?action=strassendetail&ID=3138,,,,,,,,,,,
strasse_3139,3139,Zellerstraße,Urfahr,"Vor dem Objekt Webergasse 3 vorerst etwa in westlicher, dann in westsüdwestlicher Richtung zur Gußhausstraße verlaufend. Benannt 1903 nach Christoph Zeller, einem der Hauptanführer im oberösterreichischen Bauernkrieg, der am 18. Juli 1626 vor dem Oberen Wassertor in Linz fiel.",https://www.linz.at/strassennamen/Default.asp?action=strassendetail&ID=3139,,,Christoph Zeller,Q370581,,https://www.wikidata.org/wiki/Q370581,Christoph Zeller,male,restaurateur,1600-01-01,1626-07-18
strasse_3140,3140,Zeppelinstraße,Kleinmünchen,"Nach dem Objekt Wiener Straße 388 etwa in westsüdwestlicher Richtung zur Dauphinestraße verlaufend. Benannt 1938 nach dem Erfinder des lenkbaren Luftschiffes Ferdinand Graf von Zeppelin (1838-1917). - 1925 Löwenfeldstraße nach Moriz Löwenfeld, Teilhaber der Kunstmühle in Kleinmünchen und Wohltäter dieser Gemeinde.",https://www.linz.at/strassennamen/Default.asp?action=strassendetail&ID=3140,Q50809687,https://www.wikidata.org/wiki/Q50809687,Ferdinand Graf von Zeppelin,Q75780,,https://www.wikidata.org/wiki/Q75780,Ferdinand von Zeppelin,male,aircraft pilot,1838-07-08,1917-03-08
strasse_3141,3141,Zeppenfeldstraße,Lustenau,"Vor dem Objekt Lonstorferplatz 8 etwa in nördlicher Richtung zur Wimhölzelstraße verlaufend. Benannt 1914 nach dem kaiserlichen Rat und ständischen Landschreiber Johann Eberhard von Zeppenfeld, der bedeutende Stiftungen errichtete.",https://www.linz.at/strassennamen/Default.asp?action=strassendetail&ID=3141,,,Joseph Eberhard von Zeppenfeld,,,,,,,,
strasse_3142,3142,Zerzerstraße,Katzbach,Nach dem Objekt Freistädter Straße 245 etwa in nordnordwestlicher Richtung zum Feldweg verlaufend. Benannt 1972 nach dem Dichter Julius Zerzer (1889-1971).,https://www.linz.at/strassennamen/Default.asp?action=strassendetail&ID=3142,,,Julius Zerzer,Q1713080,,https://www.wikidata.org/wiki/Q1713080,Julius Zerzer,male,writer,1889-01-05,1971-10-29
strasse_3143,3143,Zibermayrstraße,Waldegg,"Nach dem Objekt Wieningerstraße 6 mit einer Unterbrechung vorerst etwa in westsüdwestlicher, dann insüdlicher Richtung zur Europastraße verlaufend. Benannt 1966 nach dem Historiker und Landesarchivdirektor Ignaz Zibermayr (1878-1966).",https://www.linz.at/strassennamen/Default.asp?action=strassendetail&ID=3143,,,Ignaz Zibermayr,Q50562251,,https://www.wikidata.org/wiki/Q50562251,Ignaz Zibermayr,male,historian,1878-06-02,1966-10-18
strasse_3144,3144,Ziegeleistraße,"Waldegg, Linz",Nach dem Objekt Waldeggstraße 38 etwa in westlicher bzw. westnordwestlicher Richtung zur Leondinger Straße verlaufend. Benannt 1914 nach den einst beim heutigen Stadion bestehenden Ziegelwerken.,https://www.linz.at/strassennamen/Default.asp?action=strassendetail&ID=3144,,,,,,,,,,,
strasse_3145,3145,Ziegelhubweg,Ebelsberg,Von der Florianer Straße etwa in westsüdwestlicher und südwestlicher Richtung zur Wambacher Straße verlaufend. Benannt 1958 nach dem gleichnamigen Bauerngut.,https://www.linz.at/strassennamen/Default.asp?action=strassendetail&ID=3145,,,,,,,,,,,
strasse_3147,3147,Ziehrerstraße,Waldegg,"Nach dem Objekt Grabnerstraße 53 vorerst in einer Serpentine, dann etwa in westlicher und nordwestlicher Richtung verlaufende Sackgasse. Benannt 1951 nach dem Komponisten Karl Michael Ziehrer (1843-1922).",https://www.linz.at/strassennamen/Default.asp?action=strassendetail&ID=3147,,,Karl Michael Ziehrer,Q696576,,https://www.wikidata.org/wiki/Q696576,Karl Michael Ziehrer,male,composer,1843-05-02,1922-11-14
strasse_3148,3148,Ziererfeldstraße,Posch,"Vom Zeisigweg vorerst etwa in westnordwestlicher, dann in nordnordwestlicher Richtung zur Traundorfer Straße verlaufend. Benannt 1955 nach einem Flurnamen.",https://www.linz.at/strassennamen/Default.asp?action=strassendetail&ID=3148,,,,,,,,,,,
strasse_3150,3150,Zinöggerweg,Waldegg,"Gegenüber dem Objekt Glimpfingerstraße 95 vorerst etwa in nordwestlicher, dann in westsüdwestlicher und in südsüdöstlicher Richtung zur Glimpfingerstraße zurückführend. Benannt 1940 nach dem Linzer Maler Leopold Zinögger (1811-1872).",https://www.linz.at/strassennamen/Default.asp?action=strassendetail&ID=3150,,,Leopold Zinögger,Q1819895,,https://www.wikidata.org/wiki/Q1819895,Leopold Zinnögger,male,painter,1811-07-26,1872-07-22
strasse_3155,3155,Zollamtstraße,Linz,Vom Adalbert-Stifter-Platz etwa in östlicher Richtung zur Rechten Donaustraße verlaufend. Benannt 1869 nach dem Zollamt. Eine richtige Straße entstand erst durch den Bau des Zollamtes (1857). - Im 14. Jahrhundert Froschau. 1710 An den Fleischbänken. 1800 Zimmerplätze. 1825 Hafnerplatz.,https://www.linz.at/strassennamen/Default.asp?action=strassendetail&ID=3155,Q114358185,https://www.wikidata.org/wiki/Q114358185,,,,,,,,,
strasse_3154,3154,Zötlweg,Kleinmünchen,Nach dem Objekt Spaunstraße 73 etwa in südsüdöstlicher Richtung zum Angerholzerweg verlaufend. Benannt 1954 nach dem oberösterreichischen Mundartdichter und Heimatforscher Hans Zötl (1846-1938).,https://www.linz.at/strassennamen/Default.asp?action=strassendetail&ID=3154,,,Hans Zötl,Q1532517,,https://www.wikidata.org/wiki/Q1532517,Hans Zötl,male,judge,1846-09-04,1938-12-25
strasse_3157,3157,Zülowstraße,Katzbach,Nach dem Objekt Haselgrabenweg 22 etwa in ostnordöstlicher Richtung zur Wernickestraße verlaufend. Benannt 1971 nach dem Maler Franz Zülow (1883-1963).,https://www.linz.at/strassennamen/Default.asp?action=strassendetail&ID=3157,,,Franz Zülow,Q1450029,,https://www.wikidata.org/wiki/Q1450029,Franz von Zülow,male,painter,1883-03-15,1963-02-26
strasse_3418,3418,Zum Sonnenaufgang,Waldegg,Vor dem Objekt Gruentalerstraße 24 etwa in südöstlicher Richtung verlaufend. Benannt 2001.,https://www.linz.at/strassennamen/Default.asp?action=strassendetail&ID=3418,,,,,,,,,,,
strasse_3484,3484,BABE2-Straße,"St. Peter, Werksgelände voestalpine",Stichstraße im Zentrum des voestalpine Werksgeländes von der Veredelungsstraße in nördlicher Richtung parallel zur Veredelungsstraße und ELO-Straße verlaufend. Benannt 2023 nach der Bandbeschichtungsanlage 2.,https://www.linz.at/strassennamen/Default.asp?action=strassendetail&ID=3484,,,,,,,,,,,
strasse_3485,3485,Baustoffstraße,"St. Peter, Werksgelände voestalpine",Verbindungsstraße im östlichen Bereich des voestalpine Werksgeländes von der Brammenstraße in östlicher Richtung zum Ostring verlaufend. Benannt 2023 nach dem Material.,https://www.linz.at/strassennamen/Default.asp?action=strassendetail&ID=3485,,,,,,,,,,,
strasse_3486,3486,Beizstraße,"St. Peter, Werksgelände voestalpine",Straße im Zentrum des voestalpine Werksgeländes von der Zentralstraße zunächst in westlicher dann in nördlicher und schließlich in östlicher Richtung zur Walzwerkstraße verlaufend. Benannt 2023 nach der Bandbeize-Anlage.,https://www.linz.at/strassennamen/Default.asp?action=strassendetail&ID=3486,,,,,,,,,,,
strasse_3487,3487,Benzolstraße,"St. Peter, Werksgelände voestalpine",Stichstraße im nördlichen Bereich des voestalpine Werksgeländes von der Zentralen Verbindungsstraße in östlicher Richtung mit Abzweigungen nördlich zur Kokereistraße verlaufend. Benannt 2023 nach der gleichnamigen flüssigen organisch-chemischen Verbindung.,https://www.linz.at/strassennamen/Default.asp?action=strassendetail&ID=3487,,,,,,,,,,,
strasse_3488,3488,Brammenstraße,"St. Peter, Werksgelände voestalpine",Straße im östlichen Bereich des voestalpine Werksgeländes von der Wasserturmstraße in südlicher Richtung bis zur Gießereistraße verlaufend. Benannt 2023 nach dem gleichnamigen Halbzeug.,https://www.linz.at/strassennamen/Default.asp?action=strassendetail&ID=3488,,,,,,,,,,,
strasse_3489,3489,Coloferstraße,"St. Peter, Werksgelände voestalpine",Straße im südlichen Bereich des voestalpine Werksgeländes von der Stahlstraße zunächst in nordöstlicher bzw. östlicher dann in nördlicher Richtung zum Südring verlaufend. Benannt 2023 nach der gleichnamigen Beschichtungsart.,https://www.linz.at/strassennamen/Default.asp?action=strassendetail&ID=3489,,,,,,,,,,,
strasse_3490,3490,Dolomitstraße,"St. Peter, Werksgelände voestalpine",Verbindungsstraße im Zentrum des voestalpine Werksgeländes von der Wasserturmstraße in südwestlicher Richtung zur Hüttenstraße verlaufend. Benannt 2023 nach dem gleichnamigen Gestein.,https://www.linz.at/strassennamen/Default.asp?action=strassendetail&ID=3490,,,,,,,,,,,
strasse_3491,3491,ELO-Straße,"St. Peter, Werksgelände voestalpine",Straße im Zentrum des voestalpine Werksgeländes von der Feuerverzinkungsstraße zunächst in östlicher dann in südlicher Richtung zum Südring verlaufend. Benannt 2023 nach der ELO-Verzinkungs-Anlage.,https://www.linz.at/strassennamen/Default.asp?action=strassendetail&ID=3491,,,,,,,,,,,
strasse_3492,3492,Feuerverzinkungsstraße,"St. Peter, Werksgelände voestalpine",Straße im Zentrum des voestalpine Werksgeländes von der Lindestraße in südlicher Richtung zur Zentralen Verbindungsstraße verlaufend. Benannt 2023 nach der gleichnamigen Anlage.,https://www.linz.at/strassennamen/Default.asp?action=strassendetail&ID=3492,,,,,,,,,,,
strasse_3493,3493,Flüssigschlackentransportweg,"St. Peter, Werksgelände voestalpine",Stichstraße im Zentrum des voestalpine Werksgeländes von der Hüttenstraße in nordöstlicher Richtung verlaufend. Benannt 2023 nach den gleichnamigen Fahrzeugen.,https://www.linz.at/strassennamen/Default.asp?action=strassendetail&ID=3493,,,,,,,,,,,
strasse_3494,3494,Gießereistraße,"St. Peter, Werksgelände voestalpine",Straße im östlichen Bereich des voestalpine Werksgeländes von der Walzwerkstraße in östlicher Richtung zum Ostring verlaufend. Benannt 2023 nach der gleichnamigen Anlage.,https://www.linz.at/strassennamen/Default.asp?action=strassendetail&ID=3494,,,,,,,,,,,
strasse_3495,3495,Hafenstraße Ost,"St. Peter, Werksgelände voestalpine",Straße im östlichen Bereich des voestalpine Werksgeländes vom Kraftwerkring als Schlinge zunächst in südlicher dann in östlicher und schließlich in nördlicher Richtung wieder zurück zum Kraftwerkring verlaufend. Benannt 2023 nach der Lage beim Hafen.,https://www.linz.at/strassennamen/Default.asp?action=strassendetail&ID=3495,,,,,,,,,,,
strasse_3496,3496,Hochofen A Straße,"St. Peter, Werksgelände voestalpine",Straße im Zentrum des voestalpine Werksgeländes von der Hochofenstraße in östlicher Richtung zur Wasserturmstraße mit einer Abzweigung südlich zur LD3-Straße verlaufend. Benannt 2023 nach der gleichnamigen Anlage.,https://www.linz.at/strassennamen/Default.asp?action=strassendetail&ID=3496,,,,,,,,,,,
strasse_3497,3497,Hochofenstraße,"St. Peter, Werksgelände voestalpine",Straße im Zentrum des voestalpine Werksgeländes von der Zentralen Verbindungsstraße in östlicher Richtung zur Wasserturmstraße verlaufend. Benannt 2023 nach der gleichnamigen Anlage.,https://www.linz.at/strassennamen/Default.asp?action=strassendetail&ID=3497,,,,,,,,,,,
strasse_3498,3498,HOZ-Weg,"St. Peter, Werksgelände voestalpine",Stichstraße im östlichen Bereich des voestalpine Werksgeländes vom Ostring in westlicher Richtung verlaufend. Benannt 2023 nach der Hochofen-Zementanlage.,https://www.linz.at/strassennamen/Default.asp?action=strassendetail&ID=3498,,,,,,,,,,,
strasse_3499,3499,Hüttenstraße,"St. Peter, Werksgelände voestalpine","Straße im Zentrum des voestalpine Werksgeländes von der Zentralen Verbindungsstraße in östlicher Richtung bei der Abzweigung der Ofenbaustraße sich teilend, bei Abzweigung der Mittelstraße sich wieder vereinigend und zur Brammenstraße verlaufend. Benannt 2023 nach der Hüttenwerk-Anlage.",https://www.linz.at/strassennamen/Default.asp?action=strassendetail&ID=3499,,,,,,,,,,,
strasse_3500,3500,Kokereistraße,"St. Peter, Werksgelände voestalpine",Stichstraße im nördlichen Bereich des voestalpine Werksgeländes von der Zentralen Verbindungsstraße in östlicher Richtung verlaufend. Benannt 2023 nach der gleichnamigen Anlage.,https://www.linz.at/strassennamen/Default.asp?action=strassendetail&ID=3500,,,,,,,,,,,
strasse_3501,3501,Koksbatteriestraße,"St. Peter, Werksgelände voestalpine","Straße im nördlichen Bereich des voestalpine Werksgeländes von der Teerstraße in östlicher Richtung wieder zurück zur ungefähr parallel verlaufenden Teerstraße verlaufend, mit einer Abzweigung nach Süden zur Kokereistraße. Benannt 2023 nach der gleichnamigen Anlage.",https://www.linz.at/strassennamen/Default.asp?action=strassendetail&ID=3501,,,,,,,,,,,
strasse_3502,3502,Kontiglühestraße,"St. Peter, Werksgelände voestalpine",Straße im südlichen Bereich des voestalpine Werksgeländes vom Südring in südlicher Richtung zur Coloferstraße verlaufend. Benannt 2023 nach der gleichnamigen Anlage.,https://www.linz.at/strassennamen/Default.asp?action=strassendetail&ID=3502,,,,,,,,,,,
strasse_3503,3503,Kraftwerkring,"St. Peter, Werksgelände voestalpine","Straße im nordöstlichen Bereich des Werksgeländes von der Kokereistraße als Schlinge zunächst in südlicher, östlicher dann in nördlicher und schließlich in westlicher Richtung in einem Bogen wieder zurück zur Kokereistraße verlaufend. Benannt 2023 nach dem Kraftwerk.",https://www.linz.at/strassennamen/Default.asp?action=strassendetail&ID=3503,,,,,,,,,,,
strasse_3504,3504,LD3-Straße,"St. Peter, Werksgelände voestalpine",Straße im westlichen Bereich des voestalpine Werksgeländes von der Hüttenstraße zunächst in nördlicher dann in westlicher und schließlich in nordöstlicher bzw. östlicher Richtung verlaufend und sich im letzten Drittel des Verlaufs in zwei parallel laufende Stränge teilend und in die Mittelstraße mündend. Benannt 2023 nach der gleichnamigen Anlage.,https://www.linz.at/strassennamen/Default.asp?action=strassendetail&ID=3504,,,,,,,,,,,
strasse_3505,3505,Lehrwerkstättenstraße,"St. Peter, Werksgelände voestalpine",Stichstraße im Westen des Werksgeländes von der Stahlstraße zunächst in westlicher bzw. südlicher und schließlich in nördlicher Richtung verlaufend. Benannt 2023 nach der gleichnamigen Anlage.,https://www.linz.at/strassennamen/Default.asp?action=strassendetail&ID=3505,,,,,,,,,,,
strasse_3506,3506,Lindestraße,"St. Peter, Werksgelände voestalpine",Straße im Zentrum des voestalpine Werksgeländes von der Zentralen Verbindungsstraße zunächst in östlicher dann in nördlicher Richtung zur Hüttenstraße verlaufend. Benannt 2023 nach der gleichnamigen Firma.,https://www.linz.at/strassennamen/Default.asp?action=strassendetail&ID=3506,,,,,,,,,,,
strasse_3507,3507,Logistikstraße,"St. Peter, Werksgelände voestalpine",Straße im südlichen Bereich des voestalpine Werksgeländes in zwei Strängen von der Stahlstraße und dem Südring beginnend und in südlicher Richtung zur Coloferstraße verlaufend. Benannt 2023 nach der dort befindlichen Logistikzone.,https://www.linz.at/strassennamen/Default.asp?action=strassendetail&ID=3507,,,,,,,,,,,
strasse_3508,3508,Magazinweg,"St. Peter, Werksgelände voestalpine",Stichstraße im westlichen Bereich des voestalpine Werksgeländes von der Zentralen Verbindungsstraße in westlicher Richtung verlaufend und in einer Schlinge endend. Benannt 2023 nach dem Hauptmagazin.,https://www.linz.at/strassennamen/Default.asp?action=strassendetail&ID=3508,,,,,,,,,,,
strasse_3509,3509,Mittelstraße,"St. Peter, Werksgelände voestalpine",Verbindungsstraße im Zentrum des voestalpine Werksgeländes vom Flüssigschlackenstransportweg in nördlicher Richtung zur Hochofen A Straße mit einer Abzweigung östlich zur Dolomitstraße verlaufend. Benannt 2023 nach der Lage inmitten des Werksgeländes.,https://www.linz.at/strassennamen/Default.asp?action=strassendetail&ID=3509,,,,,,,,,,,
strasse_3510,3510,Möllerstraße,"St. Peter, Werksgelände voestalpine",Verbindungsstraße im Zentrum des voestalpine Werksgeländes von der Dolomitstraße in östlicher Richtung zur Brammenstraße mit einer Abzweigung zur Wasserturmstraße verlaufend. Benannt 2023 nach dem althochdeutschen Wort Möller (Gemisch).,https://www.linz.at/strassennamen/Default.asp?action=strassendetail&ID=3510,,,,,,,,,,,
strasse_3511,3511,Ofenbaustraße,"St. Peter, Werksgelände voestalpine",Stichstraße im Zentrum des voestalpine Werksgeländes von der Hüttenstraße in südöstlicher Richtung verlaufend. Benannt 2023 nach der gleichnamigen Anlage.,https://www.linz.at/strassennamen/Default.asp?action=strassendetail&ID=3511,,,,,,,,,,,
strasse_3512,3512,Ostring,"St. Peter, Werksgelände voestalpine",Straße im östlichen Bereich des voestalpine Werksgeländes von der Sinterstraße in südlicher Richtung zur Schmiedestraße verlaufend. Benannt 2023 nach der Lage im Osten des Werksgeländes.,https://www.linz.at/strassennamen/Default.asp?action=strassendetail&ID=3512,,,,,,,,,,,
strasse_3513,3513,Pelletierstraße,"St. Peter, Werksgelände voestalpine",Verbindungsstraße im Zentrum des voestalpine Werksgeländes von der LD3-Straße zunächst in nördlicher dann in östlicher Richtung zur Hochofen A Straße verlaufend. Benannt 2023 nach der Pelletierungsanlage.,https://www.linz.at/strassennamen/Default.asp?action=strassendetail&ID=3513,,,,,,,,,,,
strasse_3514,3514,Prüfstandstraße,"St. Peter, Werksgelände voestalpine",Stichstraße im östlichen Bereich des voestalpine Werksgeländes vom Ostring zunächst in östlicher dann in südlicher Richtung verlaufend. Benannt 2023 nach der gleichnamigen Anlage.,https://www.linz.at/strassennamen/Default.asp?action=strassendetail&ID=3514,,,,,,,,,,,
strasse_3515,3515,Sankt-Peter-Weg,"St. Peter, Werksgelände voestalpine",Verbindungsstraße im nördlichen Bereich des voestalpine Werksgeländes von der Stahlstraße zunächst in östlicher dann in südlicher Richtung zur Teerstraße verlaufend. Benannt 2023 nach der gleichnamigen Katastralgemeinde.,https://www.linz.at/strassennamen/Default.asp?action=strassendetail&ID=3515,,,,,,,,,,,
strasse_3516,3516,Sauerstoffstraße,"St. Peter, Werksgelände voestalpine",Verbindungsstraße im Zentrum des voestalpine Werksgeländes von der Lindestraße zunächst in östlicher dann in nördlicher Richtung zur Ofenbaustraße verlaufend. Benannt 2023 nach dem chemischen Element.,https://www.linz.at/strassennamen/Default.asp?action=strassendetail&ID=3516,,,,,,,,,,,
strasse_3517,3517,Schmiedestraße,"St. Peter, Werksgelände voestalpine",Verbindungsstraße im Zentrum des voestalpine Werksgeländes von der Zentralstraße in östlicher Richtung zum Ostring verlaufend. Benannt 2023 nach der gleichnamigen Anlage.,https://www.linz.at/strassennamen/Default.asp?action=strassendetail&ID=3517,,,,,,,,,,,
strasse_3518,3518,Schrottplatzring,"St. Peter, Werksgelände voestalpine",Straße im westlichen Bereich des voestalpine Werksgeländes von der Hüttenstraße in südlicher Richtung ringförmig um den Schrottplatz verlaufend. Benannt 2023 nach der gleichnamigen Anlage.,https://www.linz.at/strassennamen/Default.asp?action=strassendetail&ID=3518,,,,,,,,,,,
strasse_3519,3519,Schwerlaststraße,"St. Peter, Werksgelände voestalpine",Straße im östlichen Bereich des voestalpine Werksgeländes von der Wertstoffstraße in südlicher Richtung zur Lunzerstraße verlaufend. Benannt 2023 nach den dort vorwiegend verkehrenden Fahrzeugen.,https://www.linz.at/strassennamen/Default.asp?action=strassendetail&ID=3519,,,,,,,,,,,
strasse_3520,3520,Sinterstraße,"St. Peter, Werksgelände voestalpine",Straße im Zentrum des voestalpine Werksgeländes von der Zentralen Verbindungsstraße zunächst in östlicher dann in südlicher Richtung zum Ostring verlaufend. Benannt 2023 nach dem Gestein.,https://www.linz.at/strassennamen/Default.asp?action=strassendetail&ID=3520,,,,,,,,,,,
strasse_3521,3521,Stahlwerkstraße,"St. Peter, Werksgelände voestalpine",Straße im Zentrum des voestalpine Werksgeländes von der Ofenbaustraße in östlicher Richtung zur Brammenstraße verlaufend. Benannt 2023 nach der gleichnamigen Anlage.,https://www.linz.at/strassennamen/Default.asp?action=strassendetail&ID=3521,,,,,,,,,,,
strasse_3522,3522,Südring,"St. Peter, Werksgelände voestalpine",Straße im südlichen Bereich des voestalpine Werksgeländes als Kreisverkehr von der Stahlstraße beginnend und in östlicher Richtung zur Zentralstraße verlaufend. Benannt 2023 nach der Lage.,https://www.linz.at/strassennamen/Default.asp?action=strassendetail&ID=3522,,,,,,,,,,,
strasse_3523,3523,Teerstraße,"St. Peter, Werksgelände voestalpine",Straße im nördlichen Bereich des voestalpine Werksgeländes von der Zentralen Verbindungsstraße in östlicher Richtung zur Kokereistraße verlaufend. Benannt 2023 nach der organischen Verbindung.,https://www.linz.at/strassennamen/Default.asp?action=strassendetail&ID=3523,,,,,,,,,,,
strasse_3532,3532,Veredelungsstraße,"St. Peter, Werksgelände voestalpine",Stichstraße im Zentrum des voestalpine Werksgeländes vom Südring in nördlicher Richtung verlaufend. Benannt 2024 nach der gleichnamigen Anlage.,https://www.linz.at/strassennamen/Default.asp?action=strassendetail&ID=3532,,,,,,,,,,,
strasse_3524,3524,Vergütereistraße,"St. Peter, Werksgelände voestalpine",Verbindungsstraße im östlichen Bereich des voestalpine Werksgeländes von der Zentralstraße zunächst in östlicher dann in nördlicher und schließlich in nordöstlicher Richtung zur Schmiedestraße verlaufend. Benannt 2023 nach der gleichnamigen Anlage.,https://www.linz.at/strassennamen/Default.asp?action=strassendetail&ID=3524,,,,,,,,,,,
strasse_3525,3525,Walzwerkschlauch,"St. Peter, Werksgelände voestalpine",Stichstraße im Zentrum des voestalpine Werksgeländes vom Südring in nördlicher Richtung verlaufend. Benannt 2023 nach der Walzwerkanlage.,https://www.linz.at/strassennamen/Default.asp?action=strassendetail&ID=3525,,,,,,,,,,,
strasse_3526,3526,Walzwerkstraße,"St. Peter, Werksgelände voestalpine",Stichstraße im Zentrum des voestalpine Werksgeländes von der Gießereistraße zunächst in westlicher dann in südlicher und schließlich in östlicher Richtung verlaufend. Benannt 2023 nach der gleichnamigen Anlage.,https://www.linz.at/strassennamen/Default.asp?action=strassendetail&ID=3526,,,,,,,,,,,
strasse_3527,3527,Wasserturmstraße,"St. Peter, Werksgelände voestalpine",Straße im Zentrum des voestalpine Werksgeländes von der Sinterstraße zunächst in südlicher dann in östlicher Richtung zur Brammenstraße verlaufend. Benannt 2023 nach der gleichnamigen Anlage.,https://www.linz.at/strassennamen/Default.asp?action=strassendetail&ID=3527,,,,,,,,,,,
strasse_3528,3528,Werksbahnweg,"St. Peter, Werksgelände voestalpine",Stichstraße im westlichen Bereich des voestalpine Werksgeländes von der Wahringerstraße zunächst in nördlicher dann in westlicher Richtung verlaufend. Benannt 2023 nach der Waggonwerkstättenanlage.,https://www.linz.at/strassennamen/Default.asp?action=strassendetail&ID=3528,,,,,,,,,,,
strasse_3529,3529,Wertstoffstraße,"St. Peter, Werksgelände voestalpine",Straße im östlichen Bereich des voestalpine Werksgeländes im Kreuzungsbereich Sinterstraße/HOZ-Weg/Ostring in südöstlicher Richtung parallel zur Donau verlaufend und als Sackgasse endend. Benannt 2023 nach der Wertstoffzentrumsanlage.,https://www.linz.at/strassennamen/Default.asp?action=strassendetail&ID=3529,,,,,,,,,,,
strasse_3533,3533,XXX-Lutz-Platz,Lustenau,Zwischen der nordöstlichen Biegung der Straßerau und der XXXLutz-Straße. Benannt 2024 nach der gleichnamigen Firma.,https://www.linz.at/strassennamen/Default.asp?action=strassendetail&ID=3533,,,,,,,,,,,
strasse_3534,3534,XXX-Lutz-Straße,Lustenau,Von der Straßerau zunächst in nordöstlicher und dann in nordwestlicher Richtung zum XXXLutz-Platz verlaufend. Benannt 2024 nach der gleichnamigen Firma.,https://www.linz.at/strassennamen/Default.asp?action=strassendetail&ID=3534,,,,,,,,,,,
strasse_3530,3530,Zentrale Verbindungsstraße,"St. Peter, Werksgelände voestalpine",Straße im westlichen Bereich des voestalpine Werksgeländes von der Werkseinfahrt C (Teerstraße) in südlicher bzw. östlicher Richtung bis zur Werkseinfahrt A (Südring) verlaufend. Benannt 2023 nach der Lage und weil sie das gesamte Werksgelände miteinander verbindet.,https://www.linz.at/strassennamen/Default.asp?action=strassendetail&ID=3530,,,,,,,,,,,
strasse_3531,3531,Zentralstraße,"St. Peter, Werksgelände voestalpine",Straße im östlichen Bereich des voestalpine Werksgeländes von der Gießereistraße zunächst in südlicher dann in westlicher und schließlich wieder in südlicher Richtung zur Lunzerstraße verlaufend. Benannt 2023 nach der Lage inmitten des Werksgeländes.,https://www.linz.at/strassennamen/Default.asp?action=strassendetail&ID=3531,,,,,,,,,,,
